-- MySQL dump 10.13  Distrib 8.0.11, for Win64 (x86_64)
--
-- Host: 10.10.0.251    Database: hhrr_dev
-- ------------------------------------------------------
-- Server version	8.0.30

/*!40101 SET @OLD_CHARACTER_SET_CLIENT=@@CHARACTER_SET_CLIENT */;
/*!40101 SET @OLD_CHARACTER_SET_RESULTS=@@CHARACTER_SET_RESULTS */;
/*!40101 SET @OLD_COLLATION_CONNECTION=@@COLLATION_CONNECTION */;
 SET NAMES utf8 ;
/*!40103 SET @OLD_TIME_ZONE=@@TIME_ZONE */;
/*!40103 SET TIME_ZONE='+00:00' */;
/*!40014 SET @OLD_UNIQUE_CHECKS=@@UNIQUE_CHECKS, UNIQUE_CHECKS=0 */;
/*!40014 SET @OLD_FOREIGN_KEY_CHECKS=@@FOREIGN_KEY_CHECKS, FOREIGN_KEY_CHECKS=0 */;
/*!40101 SET @OLD_SQL_MODE=@@SQL_MODE, SQL_MODE='NO_AUTO_VALUE_ON_ZERO' */;
/*!40111 SET @OLD_SQL_NOTES=@@SQL_NOTES, SQL_NOTES=0 */;

--
-- Table structure for table `alembic_version`
--

DROP TABLE IF EXISTS `alembic_version`;
/*!40101 SET @saved_cs_client     = @@character_set_client */;
 SET character_set_client = utf8mb4 ;
CREATE TABLE `alembic_version` (
  `version_num` varchar(32) NOT NULL,
  PRIMARY KEY (`version_num`)
) ENGINE=InnoDB DEFAULT CHARSET=utf8mb4 COLLATE=utf8mb4_0900_ai_ci;
/*!40101 SET character_set_client = @saved_cs_client */;

--
-- Dumping data for table `alembic_version`
--

LOCK TABLES `alembic_version` WRITE;
/*!40000 ALTER TABLE `alembic_version` DISABLE KEYS */;
INSERT INTO `alembic_version` VALUES ('59b36897de76');
/*!40000 ALTER TABLE `alembic_version` ENABLE KEYS */;
UNLOCK TABLES;

--
-- Table structure for table `tbl_RBAC`
--

DROP TABLE IF EXISTS `tbl_RBAC`;
/*!40101 SET @saved_cs_client     = @@character_set_client */;
 SET character_set_client = utf8mb4 ;
CREATE TABLE `tbl_RBAC` (
  `ccn_rbac` int NOT NULL AUTO_INCREMENT,
  `ccn_role` int DEFAULT NULL,
  `ccn_rbac_module` int DEFAULT NULL,
  `create_access` tinyint(1) DEFAULT NULL,
  `read_access` tinyint(1) DEFAULT NULL,
  `update_access` tinyint(1) DEFAULT NULL,
  `delete_access` tinyint(1) DEFAULT NULL,
  PRIMARY KEY (`ccn_rbac`),
  KEY `ccn_rbac_module` (`ccn_rbac_module`),
  KEY `ccn_role` (`ccn_role`),
  CONSTRAINT `tbl_RBAC_ibfk_1` FOREIGN KEY (`ccn_rbac_module`) REFERENCES `tbl_RBAC_modules` (`ccn_rbac_module`),
  CONSTRAINT `tbl_RBAC_ibfk_2` FOREIGN KEY (`ccn_role`) REFERENCES `tbl_roles` (`ccn_role`)
) ENGINE=InnoDB AUTO_INCREMENT=3668 DEFAULT CHARSET=utf8mb4 COLLATE=utf8mb4_0900_ai_ci;
/*!40101 SET character_set_client = @saved_cs_client */;

--
-- Dumping data for table `tbl_RBAC`
--

LOCK TABLES `tbl_RBAC` WRITE;
/*!40000 ALTER TABLE `tbl_RBAC` DISABLE KEYS */;
INSERT INTO `tbl_RBAC` VALUES (1,1,1,1,1,1,1),(2,1,2,1,1,1,1),(3,1,3,0,0,0,0),(4,1,4,0,0,0,0),(5,1,5,0,0,0,0),(6,1,6,0,0,1,0),(7,1,7,0,1,1,0),(8,1,8,1,0,0,0),(9,1,9,1,1,1,1),(10,1,10,1,0,0,1),(11,1,11,1,0,1,0),(12,1,12,0,1,0,1),(13,1,13,1,1,1,1),(14,1,14,0,0,0,0),(15,1,15,0,0,0,0),(16,1,16,1,1,1,1),(17,1,17,1,1,1,1),(18,1,18,1,0,1,0),(19,1,19,1,0,1,0),(20,1,20,1,0,1,0),(21,1,21,1,0,1,0),(22,1,22,1,0,1,0),(23,1,23,1,0,1,0),(24,1,24,1,0,1,0),(25,1,25,1,0,1,0),(26,1,26,1,0,1,0),(27,1,27,1,0,1,0),(28,1,28,1,0,1,0),(29,1,29,1,0,1,0),(30,1,30,1,0,1,0),(31,1,31,1,0,1,0),(32,1,32,1,0,1,0),(33,1,33,1,0,1,0),(34,1,34,1,0,1,0),(35,1,35,0,1,0,0),(36,1,36,0,0,0,0),(37,1,36,0,0,0,0),(38,1,37,0,0,0,0),(39,1,38,0,0,0,0),(40,1,39,0,0,0,0),(41,1,40,0,0,0,0),(42,1,41,0,0,0,0),(43,1,42,0,0,0,0),(44,2,1,0,0,0,0),(45,2,2,1,1,1,1),(46,2,3,1,0,1,0),(47,2,4,0,0,0,0),(48,2,5,1,0,1,1),(49,2,6,0,0,0,0),(50,2,7,0,0,0,0),(51,2,8,0,0,0,0),(52,2,9,0,0,0,0),(53,2,10,0,0,0,0),(54,2,11,0,0,0,0),(55,2,12,0,0,0,0),(56,2,13,0,0,0,0),(57,2,14,0,0,0,0),(58,2,15,0,0,0,0),(59,2,16,0,0,0,0),(60,2,17,0,0,0,0),(61,2,18,0,0,0,0),(62,2,19,0,0,0,0),(63,2,20,1,1,1,1),(64,2,21,0,0,0,0),(65,2,22,0,0,0,0),(66,2,23,0,0,0,0),(67,2,24,0,0,0,0),(68,2,25,0,0,0,0),(69,2,26,0,0,0,0),(70,2,27,0,0,0,0),(71,2,28,0,0,0,0),(72,2,29,0,0,0,0),(73,2,30,0,0,0,0),(74,2,31,0,0,0,0),(75,2,32,0,0,0,0),(76,2,33,0,0,0,0),(77,2,34,0,0,0,0),(78,2,35,0,0,0,0),(79,2,36,0,0,0,0),(80,2,37,0,0,0,0),(81,2,38,0,0,0,0),(82,2,39,0,0,0,0),(83,2,40,0,0,0,0),(84,2,41,0,0,0,0),(85,2,42,0,0,0,0),(86,3,1,0,0,0,0),(87,3,2,1,1,0,0),(88,3,3,1,1,1,1),(89,3,4,0,0,0,0),(90,3,5,0,0,0,0),(91,3,6,0,0,0,0),(92,3,7,0,0,0,0),(93,3,8,0,0,0,0),(94,3,9,0,0,0,0),(95,3,10,0,0,0,0),(96,3,11,0,0,0,0),(97,3,12,0,0,0,0),(98,3,13,0,0,0,0),(99,3,14,0,0,0,0),(100,3,15,0,0,0,0),(101,3,16,0,0,0,0),(102,3,17,0,0,0,0),(103,3,18,0,0,0,0),(104,3,19,0,0,0,0),(105,3,20,0,0,0,0),(106,3,21,0,0,0,0),(107,3,22,0,0,0,0),(108,3,23,0,0,0,0),(109,3,24,0,0,0,0),(110,3,25,0,0,0,0),(111,3,26,0,0,0,0),(112,3,27,0,0,0,0),(113,3,28,0,0,0,0),(114,3,29,0,0,0,0),(115,3,30,0,0,0,0),(116,3,31,0,0,0,0),(117,3,32,0,0,0,0),(118,3,33,0,0,0,0),(119,3,34,0,0,0,0),(120,3,35,0,0,0,0),(121,3,36,0,0,0,0),(122,3,37,0,0,0,0),(123,3,38,0,0,0,0),(124,3,39,0,0,0,0),(125,3,40,0,0,0,0),(126,3,41,0,0,0,0),(127,3,42,0,0,0,0),(128,4,1,0,0,0,0),(129,4,2,0,0,0,0),(130,4,3,0,0,0,0),(131,4,4,0,0,0,0),(132,4,5,0,0,0,0),(133,4,6,0,0,0,0),(134,4,7,0,0,0,0),(135,4,8,0,0,0,0),(136,4,9,0,0,0,0),(137,4,10,0,0,0,0),(138,4,11,0,0,0,0),(139,4,12,0,0,0,0),(140,4,13,0,0,0,0),(141,4,14,0,0,0,0),(142,4,15,0,0,0,0),(143,4,16,0,0,0,0),(144,4,17,0,0,0,0),(145,4,18,0,0,0,0),(146,4,19,0,0,0,0),(147,4,20,0,0,0,0),(148,4,21,0,0,0,0),(149,4,22,0,0,0,0),(150,4,23,0,0,0,0),(151,4,24,0,0,0,0),(152,4,25,0,0,0,0),(153,4,26,0,0,0,0),(154,4,27,0,0,0,0),(155,4,28,0,0,0,0),(156,4,29,0,0,0,0),(157,4,30,0,0,0,0),(158,4,31,0,0,0,0),(159,4,32,0,0,0,0),(160,4,33,0,0,0,0),(161,4,34,0,0,0,0),(162,4,35,0,0,0,0),(163,4,36,0,0,0,0),(164,4,37,0,0,0,0),(165,4,38,0,0,0,0),(166,4,39,0,0,0,0),(167,4,40,0,0,0,0),(168,4,41,0,0,0,0),(169,4,42,0,0,0,0),(170,5,1,1,0,0,1),(171,5,2,0,0,0,0),(172,5,3,0,0,0,0),(173,5,4,0,0,0,0),(174,5,5,0,0,0,0),(175,5,6,0,0,0,0),(176,5,7,0,0,0,0),(177,5,8,0,0,0,0),(178,5,9,0,0,0,0),(179,5,10,0,0,0,0),(180,5,11,0,0,0,0),(181,5,12,0,0,0,0),(182,5,13,0,0,0,0),(183,5,14,0,0,0,0),(184,5,15,0,0,0,0),(185,5,16,0,0,0,0),(186,5,17,0,0,0,0),(187,5,18,0,0,0,0),(188,5,19,0,0,0,0),(189,5,20,0,0,0,0),(190,5,21,0,0,0,0),(191,5,22,0,0,0,0),(192,5,23,0,0,0,0),(193,5,24,0,0,0,0),(194,5,25,0,0,0,0),(195,5,26,0,0,0,0),(196,5,27,0,0,0,0),(197,5,28,0,0,0,0),(198,5,29,0,0,0,0),(199,5,30,0,0,0,0),(200,5,31,0,0,0,0),(201,5,32,0,0,0,0),(202,5,33,0,0,0,0),(203,5,34,0,0,0,0),(204,5,35,1,1,1,1),(205,5,36,0,0,0,0),(206,5,37,0,0,0,0),(207,5,38,0,0,0,0),(208,5,39,0,0,0,0),(209,5,40,0,0,0,0),(210,5,41,0,0,0,0),(211,5,42,0,0,0,0),(212,6,1,0,0,0,0),(213,6,2,0,0,0,0),(214,6,3,0,0,0,0),(215,6,4,0,0,0,0),(216,6,5,0,0,0,0),(217,6,6,0,0,0,0),(218,6,7,0,0,0,0),(219,6,8,0,0,0,0),(220,6,9,0,0,0,0),(221,6,10,0,0,0,0),(222,6,11,0,0,0,0),(223,6,12,0,0,0,0),(224,6,13,0,0,0,0),(225,6,14,0,0,0,0),(226,6,15,0,0,0,0),(227,6,16,0,0,0,0),(228,6,17,0,0,0,0),(229,6,18,0,0,0,0),(230,6,19,0,0,0,0),(231,6,20,0,0,0,0),(232,6,21,0,0,0,0),(233,6,22,0,0,0,0),(234,6,23,0,0,0,0),(235,6,24,0,0,0,0),(236,6,25,0,0,0,0),(237,6,26,0,0,0,0),(238,6,27,0,0,0,0),(239,6,28,0,0,0,0),(240,6,29,0,0,0,0),(241,6,30,0,0,0,0),(242,6,31,0,0,0,0),(243,6,32,0,0,0,0),(244,6,33,0,0,0,0),(245,6,34,0,0,0,0),(246,6,35,0,0,0,0),(247,6,36,0,0,0,0),(248,6,37,0,0,0,0),(249,6,38,0,0,0,0),(250,6,39,0,0,0,0),(251,6,40,0,0,0,0),(252,6,41,0,0,0,0),(253,6,42,0,0,0,0),(254,7,1,0,0,0,0),(255,7,2,0,0,0,0),(256,7,3,0,0,0,0),(257,7,4,0,0,0,0),(258,7,5,0,0,0,0),(259,7,6,0,0,0,0),(260,7,7,0,0,0,0),(261,7,8,0,0,0,0),(262,7,9,0,0,0,0),(263,7,10,0,0,0,0),(264,7,11,0,0,0,0),(265,7,12,0,0,0,0),(266,7,13,0,0,0,0),(267,7,14,0,0,0,0),(268,7,15,0,0,0,0),(269,7,16,0,0,0,0),(270,7,17,0,0,0,0),(271,7,18,0,0,0,0),(272,7,19,0,0,0,0),(273,7,20,0,0,0,0),(274,7,21,0,0,0,0),(275,7,22,0,0,0,0),(276,7,23,0,0,0,0),(277,7,24,0,0,0,0),(278,7,25,0,0,0,0),(279,7,26,0,0,0,0),(280,7,27,0,0,0,0),(281,7,28,0,0,0,0),(282,7,29,0,0,0,0),(283,7,30,0,0,0,0),(284,7,31,0,0,0,0),(285,7,32,0,0,0,0),(286,7,33,0,0,0,0),(287,7,34,0,0,0,0),(288,7,35,0,0,0,0),(289,7,36,0,0,0,0),(290,7,37,0,0,0,0),(291,7,38,0,0,0,0),(292,7,39,0,0,0,0),(293,7,40,0,0,0,0),(294,7,41,0,0,0,0),(295,7,42,0,0,0,0),(296,8,1,0,0,0,0),(297,8,2,0,0,0,0),(298,8,3,0,0,0,0),(299,8,4,0,0,0,0),(300,8,5,0,0,0,0),(301,8,6,0,0,0,0),(302,8,7,0,0,0,0),(303,8,8,0,0,0,0),(304,8,9,0,0,0,0),(305,8,10,0,0,0,0),(306,8,11,0,0,0,0),(307,8,12,0,0,0,0),(308,8,13,0,0,0,0),(309,8,14,0,0,0,0),(310,8,15,0,0,0,0),(311,8,16,0,0,0,0),(312,8,17,0,0,0,0),(313,8,18,0,0,0,0),(314,8,19,0,0,0,0),(315,8,20,0,0,0,0),(316,8,21,0,0,0,0),(317,8,22,0,0,0,0),(318,8,23,0,0,0,0),(319,8,24,0,0,0,0),(320,8,25,0,0,0,0),(321,8,26,0,0,0,0),(322,8,27,0,0,0,0),(323,8,28,0,0,0,0),(324,8,29,0,0,0,0),(325,8,30,0,0,0,0),(326,8,31,0,0,0,0),(327,8,32,0,0,0,0),(328,8,33,0,0,0,0),(329,8,34,0,0,0,0),(330,8,35,0,0,0,0),(331,8,36,0,0,0,0),(332,8,37,0,0,0,0),(333,8,38,0,0,0,0),(334,8,39,0,0,0,0),(335,8,40,0,0,0,0),(336,8,41,0,0,0,0),(337,8,42,0,0,0,0),(338,9,1,0,0,0,0),(339,9,2,0,0,0,0),(340,9,3,0,0,0,0),(341,9,4,0,0,0,0),(342,9,5,0,0,0,0),(343,9,6,0,0,0,0),(344,9,7,0,0,0,0),(345,9,8,0,0,0,0),(346,9,9,0,0,0,0),(347,9,10,0,0,0,0),(348,9,11,0,0,0,0),(349,9,12,0,0,0,0),(350,9,13,0,0,0,0),(351,9,14,0,0,0,0),(352,9,15,0,0,0,0),(353,9,16,0,0,0,0),(354,9,17,0,0,0,0),(355,9,18,0,0,0,0),(356,9,19,0,0,0,0),(357,9,20,0,0,0,0),(358,9,21,0,0,0,0),(359,9,22,0,0,0,0),(360,9,23,0,0,0,0),(361,9,24,0,0,0,0),(362,9,25,0,0,0,0),(363,9,26,0,0,0,0),(364,9,27,0,0,0,0),(365,9,28,0,0,0,0),(366,9,29,0,0,0,0),(367,9,30,0,0,0,0),(368,9,31,0,0,0,0),(369,9,32,0,0,0,0),(370,9,33,0,0,0,0),(371,9,34,0,0,0,0),(372,9,35,0,0,0,0),(373,9,36,0,0,0,0),(374,9,37,0,0,0,0),(375,9,38,0,0,0,0),(376,9,39,0,0,0,0),(377,9,40,0,0,0,0),(378,9,41,0,0,0,0),(379,9,42,0,0,0,0),(380,10,1,0,0,0,0),(381,10,2,0,0,0,0),(382,10,3,0,0,0,0),(383,10,4,0,0,0,0),(384,10,5,0,0,0,0),(385,10,6,0,0,0,0),(386,10,7,0,0,0,0),(387,10,8,0,0,0,0),(388,10,9,0,0,0,0),(389,10,10,0,0,0,0),(390,10,11,0,0,0,0),(391,10,12,0,0,0,0),(392,10,13,0,0,0,0),(393,10,14,0,0,0,0),(394,10,15,0,0,0,0),(395,10,16,0,0,0,0),(396,10,17,0,0,0,0),(397,10,18,0,0,0,0),(398,10,19,0,0,0,0),(399,10,20,0,0,0,0),(400,10,21,0,0,0,0),(401,10,22,0,0,0,0),(402,10,23,0,0,0,0),(403,10,24,0,0,0,0),(404,10,25,0,0,0,0),(405,10,26,0,0,0,0),(406,10,27,0,0,0,0),(407,10,28,0,0,0,0),(408,10,29,0,0,0,0),(409,10,30,0,0,0,0),(410,10,31,0,0,0,0),(411,10,32,0,0,0,0),(412,10,33,0,0,0,0),(413,10,34,0,0,0,0),(414,10,35,0,0,0,0),(415,10,36,0,0,0,0),(416,10,37,0,0,0,0),(417,10,38,0,0,0,0),(418,10,39,0,0,0,0),(419,10,40,0,0,0,0),(420,10,41,0,0,0,0),(421,10,42,0,0,0,0),(422,11,1,0,0,0,0),(423,11,2,0,0,0,0),(424,11,3,0,0,0,0),(425,11,4,0,0,0,0),(426,11,5,0,0,0,0),(427,11,6,0,0,0,0),(428,11,7,0,0,0,0),(429,11,8,0,0,0,0),(430,11,9,0,0,0,0),(431,11,10,0,0,0,0),(432,11,11,0,0,0,0),(433,11,12,0,0,0,0),(434,11,13,0,0,0,0),(435,11,14,0,0,0,0),(436,11,15,0,0,0,0),(437,11,16,0,0,0,0),(438,11,17,0,0,0,0),(439,11,18,0,0,0,0),(440,11,19,0,0,0,0),(441,11,20,0,0,0,0),(442,11,21,0,0,0,0),(443,11,22,0,0,0,0),(444,11,23,0,0,0,0),(445,11,24,0,0,0,0),(446,11,25,0,0,0,0),(447,11,26,0,0,0,0),(448,11,27,0,0,0,0),(449,11,28,0,0,0,0),(450,11,29,0,0,0,0),(451,11,30,0,0,0,0),(452,11,31,0,0,0,0),(453,11,32,0,0,0,0),(454,11,33,0,0,0,0),(455,11,34,0,0,0,0),(456,11,35,0,0,0,0),(457,11,36,0,0,0,0),(458,11,37,0,0,0,0),(459,11,38,0,0,0,0),(460,11,39,0,0,0,0),(461,11,40,0,0,0,0),(462,11,41,0,0,0,0),(463,11,42,0,0,0,0),(464,12,1,0,0,0,0),(465,12,2,0,0,0,0),(466,12,3,0,0,0,0),(467,12,4,0,0,0,0),(468,12,5,0,0,0,0),(469,12,6,0,0,0,0),(470,12,7,0,0,0,0),(471,12,8,0,0,0,0),(472,12,9,0,0,0,0),(473,12,10,0,0,0,0),(474,12,11,0,0,0,0),(475,12,12,0,0,0,0),(476,12,13,0,0,0,0),(477,12,14,0,0,0,0),(478,12,15,0,0,0,0),(479,12,16,0,0,0,0),(480,12,17,0,0,0,0),(481,12,18,0,0,0,0),(482,12,19,0,0,0,0),(483,12,20,0,0,0,0),(484,12,21,0,0,0,0),(485,12,22,0,0,0,0),(486,12,23,0,0,0,0),(487,12,24,0,0,0,0),(488,12,25,0,0,0,0),(489,12,26,0,0,0,0),(490,12,27,0,0,0,0),(491,12,28,0,0,0,0),(492,12,29,0,0,0,0),(493,12,30,0,0,0,0),(494,12,31,0,0,0,0),(495,12,32,0,0,0,0),(496,12,33,0,0,0,0),(497,12,34,0,0,0,0),(498,12,35,0,1,0,0),(499,12,36,0,0,0,0),(500,12,37,0,0,0,0),(501,12,38,0,0,0,0),(502,12,39,0,0,0,0),(503,12,40,0,0,0,0),(504,12,41,0,0,0,0),(505,12,42,0,0,0,0),(506,13,1,0,0,0,0),(507,13,2,0,0,0,0),(508,13,3,0,0,0,0),(509,13,4,0,0,0,0),(510,13,5,0,0,0,0),(511,13,6,0,0,0,0),(512,13,7,0,0,0,0),(513,13,8,0,0,0,0),(514,13,9,0,0,0,0),(515,13,10,0,0,0,0),(516,13,11,0,0,0,0),(517,13,12,0,0,0,0),(518,13,13,0,0,0,0),(519,13,14,0,0,0,0),(520,13,15,0,0,0,0),(521,13,16,0,0,0,0),(522,13,17,0,0,0,0),(523,13,18,0,0,0,0),(524,13,19,0,0,0,0),(525,13,20,0,0,0,0),(526,13,21,0,0,0,0),(527,13,22,0,0,0,0),(528,13,23,0,0,0,0),(529,13,24,0,0,0,0),(530,13,25,0,0,0,0),(531,13,26,0,0,0,0),(532,13,27,0,0,0,0),(533,13,28,0,0,0,0),(534,13,29,0,0,0,0),(535,13,30,0,0,0,0),(536,13,31,0,0,0,0),(537,13,32,0,0,0,0),(538,13,33,0,0,0,0),(539,13,34,0,0,0,0),(540,13,35,0,0,0,0),(541,13,36,0,0,0,0),(542,13,37,0,0,0,0),(543,13,38,0,0,0,0),(544,13,39,0,0,0,0),(545,13,40,0,0,0,0),(546,13,41,0,0,0,0),(547,13,42,0,0,0,0),(548,14,1,0,0,0,0),(549,14,2,0,0,0,0),(550,14,3,0,0,0,0),(551,14,4,0,0,0,0),(552,14,5,0,0,0,0),(553,14,6,0,0,0,0),(554,14,7,0,0,0,0),(555,14,8,0,0,0,0),(556,14,9,0,0,0,0),(557,14,10,0,0,0,0),(558,14,11,0,0,0,0),(559,14,12,0,0,0,0),(560,14,13,0,0,0,0),(561,14,14,0,0,0,0),(562,14,15,0,0,0,0),(563,14,16,0,0,0,0),(564,14,17,0,0,0,0),(565,14,18,0,0,0,0),(566,14,19,0,0,0,0),(567,14,20,0,0,0,0),(568,14,21,0,0,0,0),(569,14,22,0,0,0,0),(570,14,23,0,0,0,0),(571,14,24,0,0,0,0),(572,14,25,0,0,0,0),(573,14,26,0,0,0,0),(574,14,27,0,0,0,0),(575,14,28,0,0,0,0),(576,14,29,0,0,0,0),(577,14,30,0,0,0,0),(578,14,31,0,0,0,0),(579,14,32,0,0,0,0),(580,14,33,0,0,0,0),(581,14,34,0,0,0,0),(582,14,35,0,0,0,0),(583,14,36,0,0,0,0),(584,14,37,0,0,0,0),(585,14,38,0,0,0,0),(586,14,39,0,0,0,0),(587,14,40,0,0,0,0),(588,14,41,0,0,0,0),(589,14,42,0,0,0,0),(590,15,1,0,0,0,0),(591,15,2,0,0,0,0),(592,15,3,1,1,1,1),(593,15,4,0,0,0,0),(594,15,5,0,0,0,0),(595,15,6,0,0,0,0),(596,15,7,0,0,0,0),(597,15,8,0,0,0,0),(598,15,9,0,0,0,0),(599,15,10,0,0,0,0),(600,15,11,0,0,0,0),(601,15,12,0,0,0,0),(602,15,13,0,0,0,0),(603,15,14,0,0,0,0),(604,15,15,0,0,0,0),(605,15,16,0,0,0,0),(606,15,17,0,0,0,0),(607,15,18,0,0,0,0),(608,15,19,0,0,0,0),(609,15,20,0,0,0,0),(610,15,21,0,0,0,0),(611,15,22,0,0,0,0),(612,15,23,0,0,0,0),(613,15,24,0,0,0,0),(614,15,25,0,0,0,0),(615,15,26,0,0,0,0),(616,15,27,0,0,0,0),(617,15,28,0,0,0,0),(618,15,29,0,0,0,0),(619,15,30,0,0,0,0),(620,15,31,0,0,0,0),(621,15,32,0,0,0,0),(622,15,33,0,0,0,0),(623,15,34,0,0,0,0),(624,15,35,0,0,0,0),(625,15,36,0,0,0,0),(626,15,37,0,0,0,0),(627,15,38,0,0,0,0),(628,15,39,0,0,0,0),(629,15,40,0,0,0,0),(630,15,41,0,0,0,0),(631,15,42,0,0,0,0),(632,16,1,0,0,0,0),(633,16,2,0,0,0,0),(634,16,3,0,0,0,0),(635,16,4,0,0,0,0),(636,16,5,0,0,0,0),(637,16,6,0,0,0,0),(638,16,7,0,0,0,0),(639,16,8,0,0,0,0),(640,16,9,0,0,0,0),(641,16,10,0,0,0,0),(642,16,11,0,0,0,0),(643,16,12,0,0,0,0),(644,16,13,0,0,0,0),(645,16,14,0,0,0,0),(646,16,15,0,0,0,0),(647,16,16,0,0,0,0),(648,16,17,0,0,0,0),(649,16,18,0,0,0,0),(650,16,19,0,0,0,0),(651,16,20,0,0,0,0),(652,16,21,0,0,0,0),(653,16,22,0,0,0,0),(654,16,23,0,0,0,0),(655,16,24,0,0,0,0),(656,16,25,0,0,0,0),(657,16,26,0,0,0,0),(658,16,27,0,0,0,0),(659,16,28,0,0,0,0),(660,16,29,0,0,0,0),(661,16,30,0,0,0,0),(662,16,31,0,0,0,0),(663,16,32,0,0,0,0),(664,16,33,0,0,0,0),(665,16,34,0,0,0,0),(666,16,35,0,1,0,0),(667,16,36,0,0,0,0),(668,16,37,0,0,0,0),(669,16,38,0,0,0,0),(670,16,39,0,0,0,0),(671,16,40,0,0,0,0),(672,16,41,0,0,0,0),(673,16,42,0,0,0,0),(674,17,1,0,0,0,0),(675,17,2,0,0,0,0),(676,17,3,0,0,0,0),(677,17,4,0,0,0,0),(678,17,5,0,0,0,0),(679,17,6,0,0,0,0),(680,17,7,0,0,0,0),(681,17,8,0,0,0,0),(682,17,9,0,0,0,0),(683,17,10,0,0,0,0),(684,17,11,0,0,0,0),(685,17,12,0,0,0,0),(686,17,13,0,0,0,0),(687,17,14,0,0,0,0),(688,17,15,0,0,0,0),(689,17,16,0,0,0,0),(690,17,17,0,0,0,0),(691,17,18,0,0,0,0),(692,17,19,0,0,0,0),(693,17,20,0,0,0,0),(694,17,21,0,0,0,0),(695,17,22,0,0,0,0),(696,17,23,0,0,0,0),(697,17,24,0,0,0,0),(698,17,25,0,0,0,0),(699,17,26,0,0,0,0),(700,17,27,0,0,0,0),(701,17,28,0,0,0,0),(702,17,29,0,0,0,0),(703,17,30,0,0,0,0),(704,17,31,0,0,0,0),(705,17,32,0,0,0,0),(706,17,33,0,0,0,0),(707,17,34,0,0,0,0),(708,17,36,0,0,0,0),(709,17,37,0,0,0,0),(710,17,38,0,0,0,0),(711,17,39,0,0,0,0),(712,17,40,0,0,0,0),(713,17,41,0,0,0,0),(714,17,42,0,0,0,0),(715,18,35,0,0,0,0),(716,18,1,0,0,0,0),(717,18,2,0,0,0,0),(718,18,3,0,0,0,0),(719,18,4,0,0,0,0),(720,18,5,0,0,0,0),(721,18,6,0,0,0,0),(722,18,7,0,0,0,0),(723,18,8,0,0,0,0),(724,18,9,0,0,0,0),(725,18,10,0,0,0,0),(726,18,11,0,0,0,0),(727,18,12,0,0,0,0),(728,18,13,0,0,0,0),(729,18,14,0,0,0,0),(730,18,15,0,0,0,0),(731,18,16,0,0,0,0),(732,18,17,0,0,0,0),(733,18,18,0,0,0,0),(734,18,19,0,0,0,0),(735,18,20,0,0,0,0),(736,18,21,0,0,0,0),(737,18,22,0,0,0,0),(738,18,23,0,0,0,0),(739,18,24,0,0,0,0),(740,18,25,0,0,0,0),(741,18,26,0,0,0,0),(742,18,27,0,0,0,0),(743,18,28,0,0,0,0),(744,18,29,0,0,0,0),(745,18,30,0,0,0,0),(746,18,31,0,0,0,0),(747,18,32,0,0,0,0),(748,18,33,0,0,0,0),(749,18,34,0,0,0,0),(750,18,35,0,0,0,0),(751,18,36,0,0,0,0),(752,18,37,0,0,0,0),(753,18,38,0,0,0,0),(754,18,39,0,0,0,0),(755,18,40,0,0,0,0),(756,18,41,0,0,0,0),(757,18,42,0,0,0,0),(758,19,1,0,0,0,0),(759,19,2,0,0,0,0),(760,19,3,0,0,0,0),(761,19,4,0,0,0,0),(762,19,5,0,0,0,0),(763,19,6,0,0,0,0),(764,19,7,0,0,0,0),(765,19,8,0,0,0,0),(766,19,9,0,0,0,0),(767,19,10,0,0,0,0),(768,19,11,0,0,0,0),(769,19,12,0,0,0,0),(770,19,13,0,0,0,0),(771,19,14,0,0,0,0),(772,19,15,0,0,0,0),(773,19,16,0,0,0,0),(774,19,17,0,0,0,0),(775,19,18,0,0,0,0),(776,19,19,0,0,0,0),(777,19,20,0,0,0,0),(778,19,21,0,0,0,0),(779,19,22,0,0,0,0),(780,19,23,0,0,0,0),(781,19,24,0,0,0,0),(782,19,25,0,0,0,0),(783,19,26,0,0,0,0),(784,19,27,0,0,0,0),(785,19,28,0,0,0,0),(786,19,29,0,0,0,0),(787,19,30,0,0,0,0),(788,19,31,0,0,0,0),(789,19,32,0,0,0,0),(790,19,33,0,0,0,0),(791,19,34,0,0,0,0),(792,19,35,0,0,0,0),(793,19,36,0,0,0,0),(794,19,37,0,0,0,0),(795,19,38,0,0,0,0),(796,19,39,0,0,0,0),(797,19,40,0,0,0,0),(798,19,41,0,0,0,0),(799,19,42,0,0,0,0),(800,20,1,0,0,0,0),(801,20,2,0,0,0,0),(802,20,3,0,0,0,0),(803,20,4,0,0,0,0),(804,20,5,0,0,0,0),(805,20,6,0,0,0,0),(806,20,7,0,0,0,0),(807,20,8,0,0,0,0),(808,20,9,0,0,0,0),(809,20,10,0,0,0,0),(810,20,11,0,0,0,0),(811,20,12,0,0,0,0),(812,20,13,0,0,0,0),(813,20,14,0,0,0,0),(814,20,15,0,0,0,0),(815,20,16,0,0,0,0),(816,20,17,0,0,0,0),(817,20,18,0,0,0,0),(818,20,19,0,0,0,0),(819,20,20,0,0,0,0),(820,20,21,0,0,0,0),(821,20,22,0,0,0,0),(822,20,23,0,0,0,0),(823,20,24,0,0,0,0),(824,20,25,0,0,0,0),(825,20,26,0,0,0,0),(826,20,27,0,0,0,0),(827,20,28,0,0,0,0),(828,20,29,0,0,0,0),(829,20,30,0,0,0,0),(830,20,31,0,0,0,0),(831,20,32,0,0,0,0),(832,20,33,0,0,0,0),(833,20,34,0,0,0,0),(834,20,35,0,0,0,0),(835,20,36,0,0,0,0),(836,20,37,0,0,0,0),(837,20,38,0,0,0,0),(838,20,39,0,0,0,0),(839,20,40,0,0,0,0),(840,20,41,0,0,0,0),(841,20,42,0,0,0,0),(842,21,1,0,0,0,0),(843,21,2,0,0,0,0),(844,21,3,0,0,0,0),(845,21,4,0,0,0,0),(846,21,5,0,0,0,0),(847,21,6,0,0,0,0),(848,21,7,0,0,0,0),(849,21,8,0,0,0,0),(850,21,9,0,0,0,0),(851,21,10,0,0,0,0),(852,21,11,0,0,0,0),(853,21,12,0,0,0,0),(854,21,13,0,0,0,0),(855,21,14,0,0,0,0),(856,21,15,0,0,0,0),(857,21,16,0,0,0,0),(858,21,17,0,0,0,0),(859,21,18,0,0,0,0),(860,21,19,0,0,0,0),(861,21,20,0,0,0,0),(862,21,21,0,0,0,0),(863,21,22,0,0,0,0),(864,21,23,0,0,0,0),(865,21,24,0,0,0,0),(866,21,25,0,0,0,0),(867,21,26,0,0,0,0),(868,21,27,0,0,0,0),(869,21,28,0,0,0,0),(870,21,29,0,0,0,0),(871,21,30,0,0,0,0),(872,21,31,0,0,0,0),(873,21,32,0,0,0,0),(874,21,33,0,0,0,0),(875,21,34,0,0,0,0),(876,21,35,0,1,0,0),(877,21,36,0,0,0,0),(878,21,37,0,0,0,0),(879,21,38,0,0,0,0),(880,21,39,0,0,0,0),(881,21,40,0,0,0,0),(882,21,41,0,0,0,0),(883,21,42,0,0,0,0),(884,22,1,0,0,0,0),(885,22,2,0,0,0,0),(886,22,3,0,0,0,0),(887,22,4,0,0,0,0),(888,22,5,0,0,0,0),(889,22,6,0,0,0,0),(890,22,7,0,0,0,0),(891,22,8,0,0,0,0),(892,22,9,0,0,0,0),(893,22,10,0,0,0,0),(894,22,11,0,0,0,0),(895,22,12,0,0,0,0),(896,22,13,0,0,0,0),(897,22,14,0,0,0,0),(898,22,15,0,0,0,0),(899,22,16,0,0,0,0),(900,22,17,0,0,0,0),(901,22,18,0,0,0,0),(902,22,19,0,0,0,0),(903,22,20,0,0,0,0),(904,22,21,0,0,0,0),(905,22,22,0,0,0,0),(906,22,23,0,0,0,0),(907,22,24,0,0,0,0),(908,22,25,0,0,0,0),(909,22,26,0,0,0,0),(910,22,27,0,0,0,0),(911,22,28,0,0,0,0),(912,22,29,0,0,0,0),(913,22,30,0,0,0,0),(914,22,31,0,0,0,0),(915,22,32,0,0,0,0),(916,22,33,0,0,0,0),(917,22,34,0,0,0,0),(918,22,35,0,0,0,0),(919,22,36,0,0,0,0),(920,22,37,0,0,0,0),(921,22,38,0,0,0,0),(922,22,39,0,0,0,0),(923,22,40,0,0,0,0),(924,22,41,0,0,0,0),(925,22,42,0,0,0,0),(926,23,1,0,0,0,0),(927,23,2,0,0,0,0),(928,23,3,0,0,0,0),(929,23,4,0,0,0,0),(930,23,5,0,0,0,0),(931,23,6,0,0,0,0),(932,23,7,0,0,0,0),(933,23,8,0,0,0,0),(934,23,9,0,0,0,0),(935,23,10,0,0,0,0),(936,23,11,0,0,0,0),(937,23,12,0,0,0,0),(938,23,13,0,0,0,0),(939,23,14,0,0,0,0),(940,23,15,0,0,0,0),(941,23,16,0,0,0,0),(942,23,17,0,0,0,0),(943,23,18,0,0,0,0),(944,23,19,0,0,0,0),(945,23,20,0,0,0,0),(946,23,21,0,0,0,0),(947,23,22,0,0,0,0),(948,23,23,0,0,0,0),(949,23,24,0,0,0,0),(950,23,25,0,0,0,0),(951,23,26,0,0,0,0),(952,23,27,0,0,0,0),(953,23,28,0,0,0,0),(954,23,29,0,0,0,0),(955,23,30,0,0,0,0),(956,23,31,0,0,0,0),(957,23,32,0,0,0,0),(958,23,33,0,0,0,0),(959,23,34,0,0,0,0),(960,23,35,0,0,0,0),(961,23,36,0,0,0,0),(962,23,37,0,0,0,0),(963,23,38,0,0,0,0),(964,23,39,0,0,0,0),(965,23,40,0,0,0,0),(966,23,41,0,0,0,0),(967,23,42,0,0,0,0),(968,24,1,0,0,0,0),(969,24,2,0,0,0,0),(970,24,3,0,0,0,0),(971,24,4,0,0,0,0),(972,24,5,0,0,0,0),(973,24,6,0,0,0,0),(974,24,7,0,0,0,0),(975,24,8,0,0,0,0),(976,24,9,0,0,0,0),(977,24,10,0,0,0,0),(978,24,11,0,0,0,0),(979,24,12,0,0,0,0),(980,24,13,0,0,0,0),(981,24,14,0,0,0,0),(982,24,15,0,0,0,0),(983,24,16,0,0,0,0),(984,24,17,0,0,0,0),(985,24,18,0,0,0,0),(986,24,19,0,0,0,0),(987,24,20,0,0,0,0),(988,24,21,0,0,0,0),(989,24,22,0,0,0,0),(990,24,23,0,0,0,0),(991,24,24,0,0,0,0),(992,24,25,0,0,0,0),(993,24,26,0,0,0,0),(994,24,27,0,0,0,0),(995,24,28,0,0,0,0),(996,24,29,0,0,0,0),(997,24,30,0,0,0,0),(998,24,31,0,0,0,0),(999,24,32,0,0,0,0),(1000,24,33,0,0,0,0),(1001,24,34,0,0,0,0),(1002,24,35,0,0,0,0),(1003,24,36,0,0,0,0),(1004,24,37,0,0,0,0),(1005,24,38,0,0,0,0),(1006,24,39,0,0,0,0),(1007,24,40,0,0,0,0),(1008,24,41,0,0,0,0),(1009,24,42,0,0,0,0),(1010,25,1,0,0,0,0),(1011,25,2,0,0,0,0),(1012,25,3,0,0,0,0),(1013,25,4,0,0,0,0),(1014,25,5,0,0,0,0),(1015,25,6,0,0,0,0),(1016,25,7,0,0,0,0),(1017,25,8,0,0,0,0),(1018,25,9,0,0,0,0),(1019,25,10,0,0,0,0),(1020,25,11,0,0,0,0),(1021,25,12,0,0,0,0),(1022,25,13,0,0,0,0),(1023,25,14,0,0,0,0),(1024,25,15,0,0,0,0),(1025,25,16,0,0,0,0),(1026,25,17,0,0,0,0),(1027,25,18,0,0,0,0),(1028,25,19,0,0,0,0),(1029,25,20,0,0,0,0),(1030,25,21,0,0,0,0),(1031,25,22,0,0,0,0),(1032,25,23,0,0,0,0),(1033,25,24,0,0,0,0),(1034,25,25,0,0,0,0),(1035,25,26,0,0,0,0),(1036,25,27,0,0,0,0),(1037,25,28,0,0,0,0),(1038,25,29,0,0,0,0),(1039,25,30,0,0,0,0),(1040,25,31,0,0,0,0),(1041,25,32,0,0,0,0),(1042,25,33,0,0,0,0),(1043,25,34,0,0,0,0),(1044,25,35,0,0,0,0),(1045,25,36,0,0,0,0),(1046,25,37,0,0,0,0),(1047,25,38,0,0,0,0),(1048,25,39,0,0,0,0),(1049,25,40,0,0,0,0),(1050,25,41,0,0,0,0),(1051,25,42,0,0,0,0),(1052,26,1,0,0,0,0),(1053,26,2,0,0,0,0),(1054,26,3,0,0,0,0),(1055,26,4,0,0,0,0),(1056,26,5,0,0,0,0),(1057,26,6,0,0,0,0),(1058,26,7,0,0,0,0),(1059,26,8,0,0,0,0),(1060,26,9,0,0,0,0),(1061,26,10,0,0,0,0),(1062,26,11,0,0,0,0),(1063,26,12,0,0,0,0),(1064,26,13,0,0,0,0),(1065,26,14,0,0,0,0),(1066,26,15,0,0,0,0),(1067,26,16,0,0,0,0),(1068,26,17,0,0,0,0),(1069,26,18,0,0,0,0),(1070,26,19,0,0,0,0),(1071,26,20,0,0,0,0),(1072,26,21,0,0,0,0),(1073,26,22,0,0,0,0),(1074,26,23,0,0,0,0),(1075,26,24,0,0,0,0),(1076,26,25,0,0,0,0),(1077,26,26,0,0,0,0),(1078,26,27,0,0,0,0),(1079,26,28,0,0,0,0),(1080,26,29,0,0,0,0),(1081,26,30,0,0,0,0),(1082,26,31,0,0,0,0),(1083,26,32,0,0,0,0),(1084,26,33,0,0,0,0),(1085,26,34,0,0,0,0),(1086,26,35,0,1,0,0),(1087,26,36,0,0,0,0),(1088,26,37,0,0,0,0),(1089,26,38,0,0,0,0),(1090,26,39,0,0,0,0),(1091,26,40,0,0,0,0),(1092,26,41,0,0,0,0),(1093,26,42,0,0,0,0),(1094,27,1,0,0,0,0),(1095,27,2,0,0,0,0),(1096,27,3,0,0,0,0),(1097,27,4,0,0,0,0),(1098,27,5,0,0,0,0),(1099,27,6,0,0,0,0),(1100,27,7,0,0,0,0),(1101,27,8,0,0,0,0),(1102,27,9,0,0,0,0),(1103,27,10,0,0,0,0),(1104,27,11,0,0,0,0),(1105,27,12,0,0,0,0),(1106,27,13,0,0,0,0),(1107,27,14,0,0,0,0),(1108,27,15,0,0,0,0),(1109,27,16,0,0,0,0),(1110,27,17,0,0,0,0),(1111,27,18,0,0,0,0),(1112,27,19,0,0,0,0),(1113,27,20,0,0,0,0),(1114,27,21,0,0,0,0),(1115,27,22,0,0,0,0),(1116,27,23,0,0,0,0),(1117,27,24,0,0,0,0),(1118,27,25,0,0,0,0),(1119,27,26,0,0,0,0),(1120,27,27,0,0,0,0),(1121,27,28,0,0,0,0),(1122,27,29,0,0,0,0),(1123,27,30,0,0,0,0),(1124,27,31,0,0,0,0),(1125,27,32,0,0,0,0),(1126,27,33,0,0,0,0),(1127,27,34,0,0,0,0),(1128,27,35,0,0,0,0),(1129,27,36,0,0,0,0),(1130,27,37,0,0,0,0),(1131,27,38,0,0,0,0),(1132,27,39,0,0,0,0),(1133,27,40,0,0,0,0),(1134,27,41,0,0,0,0),(1135,27,42,0,0,0,0),(1136,28,1,1,1,1,1),(1137,28,2,1,1,1,1),(1138,28,3,1,1,1,1),(1139,28,4,1,1,1,1),(1140,28,5,1,1,1,1),(1141,28,6,1,1,1,1),(1142,28,7,1,1,1,1),(1143,28,8,1,1,1,1),(1144,28,9,1,1,1,1),(1145,28,10,1,1,1,1),(1146,28,11,1,1,1,1),(1147,28,12,1,1,1,1),(1148,28,13,1,1,1,1),(1149,28,14,1,1,1,1),(1150,28,15,1,1,1,1),(1151,28,16,1,1,1,1),(1152,28,17,1,1,1,1),(1153,28,18,1,1,1,1),(1154,28,19,1,1,1,1),(1155,28,20,1,1,1,1),(1156,28,21,1,1,1,1),(1157,28,22,1,1,1,1),(1158,28,23,1,1,1,1),(1159,28,24,1,1,1,1),(1160,28,25,1,1,1,1),(1161,28,26,1,1,1,1),(1162,28,27,1,1,1,1),(1163,28,28,1,1,1,1),(1164,28,29,1,1,1,1),(1165,28,30,1,1,1,1),(1166,28,31,1,1,1,1),(1167,28,32,1,1,1,1),(1168,28,33,1,1,1,1),(1169,28,34,1,1,1,1),(1170,28,35,1,1,1,1),(1171,28,36,1,1,1,1),(1172,28,37,1,1,1,1),(1173,28,38,1,1,1,1),(1174,28,39,1,1,1,1),(1175,28,40,1,1,1,1),(1176,28,41,1,1,1,1),(1177,28,42,1,1,1,1),(1178,29,1,0,0,0,0),(1179,29,2,0,0,0,0),(1180,29,3,0,0,0,0),(1181,29,4,0,0,0,0),(1182,29,5,0,0,0,0),(1183,29,6,0,0,0,0),(1184,29,7,0,0,0,0),(1185,29,8,0,0,0,0),(1186,29,9,0,0,0,0),(1187,29,10,0,0,0,0),(1188,29,11,0,0,0,0),(1189,29,12,0,0,0,0),(1190,29,13,0,0,0,0),(1191,29,14,0,0,0,0),(1192,29,15,0,0,0,0),(1193,29,16,0,0,0,0),(1194,29,17,0,0,0,0),(1195,29,18,0,0,0,0),(1196,29,19,0,0,0,0),(1197,29,20,0,0,0,0),(1198,29,21,0,0,0,0),(1199,29,22,0,0,0,0),(1200,29,23,0,0,0,0),(1201,29,24,0,0,0,0),(1202,29,25,0,0,0,0),(1203,29,26,0,0,0,0),(1204,29,27,0,0,0,0),(1205,29,28,0,0,0,0),(1206,29,29,0,0,0,0),(1207,29,30,0,0,0,0),(1208,29,31,0,0,0,0),(1209,29,32,0,0,0,0),(1210,29,33,0,0,0,0),(1211,29,34,0,0,0,0),(1212,29,35,0,0,0,0),(1213,29,36,0,0,0,0),(1214,29,37,0,0,0,0),(1215,29,38,0,0,0,0),(1216,29,39,0,0,0,0),(1217,29,40,0,0,0,0),(1218,29,41,0,0,0,0),(1219,29,42,0,0,0,0),(1220,30,1,0,0,0,0),(1221,30,2,0,0,0,0),(1222,30,3,0,0,0,0),(1223,30,4,0,0,0,0),(1224,30,5,0,0,0,0),(1225,30,6,0,0,0,0),(1226,30,7,0,0,0,0),(1227,30,8,0,0,0,0),(1228,30,9,0,0,0,0),(1229,30,10,0,0,0,0),(1230,30,11,0,0,0,0),(1231,30,12,0,0,0,0),(1232,30,13,0,0,0,0),(1233,30,14,0,0,0,0),(1234,30,15,0,0,0,0),(1235,30,16,0,0,0,0),(1236,30,17,0,0,0,0),(1237,30,18,0,0,0,0),(1238,30,19,0,0,0,0),(1239,30,20,0,0,0,0),(1240,30,21,0,0,0,0),(1241,30,22,0,0,0,0),(1242,30,23,0,0,0,0),(1243,30,24,0,0,0,0),(1244,30,25,0,0,0,0),(1245,30,26,0,0,0,0),(1246,30,27,0,0,0,0),(1247,30,28,0,0,0,0),(1248,30,29,0,0,0,0),(1249,30,30,0,0,0,0),(1250,30,31,0,0,0,0),(1251,30,32,0,0,0,0),(1252,30,33,0,0,0,0),(1253,30,34,0,0,0,0),(1254,30,35,0,0,0,0),(1255,30,36,0,1,0,0),(1256,30,37,0,0,0,0),(1257,30,38,0,0,0,0),(1258,30,39,0,0,0,0),(1259,30,40,0,0,0,0),(1260,30,41,0,0,0,0),(1261,30,42,0,0,0,0),(1262,31,1,0,0,0,0),(1263,31,2,0,0,0,0),(1264,31,3,0,0,0,0),(1265,31,4,0,0,0,0),(1266,31,5,0,0,0,0),(1267,31,6,0,0,0,0),(1268,31,7,0,0,0,0),(1269,31,8,0,0,0,0),(1270,31,9,0,0,0,0),(1271,31,10,0,0,0,0),(1272,31,11,0,0,0,0),(1273,31,12,0,0,0,0),(1274,31,13,0,0,0,0),(1275,31,14,0,0,0,0),(1276,31,15,0,0,0,0),(1277,31,16,0,0,0,0),(1278,31,17,0,0,0,0),(1279,31,18,0,0,0,0),(1280,31,19,0,0,0,0),(1281,31,20,0,0,0,0),(1282,31,21,0,0,0,0),(1283,31,22,0,0,0,0),(1284,31,23,0,0,0,0),(1285,31,24,0,0,0,0),(1286,31,25,0,0,0,0),(1287,31,26,0,0,0,0),(1288,31,27,0,0,0,0),(1289,31,28,0,0,0,0),(1290,31,29,0,0,0,0),(1291,31,30,0,0,0,0),(1292,31,31,0,0,0,0),(1293,31,32,0,0,0,0),(1294,31,33,0,0,0,0),(1295,31,34,0,0,0,0),(1296,31,35,0,1,0,0),(1297,31,36,0,0,0,0),(1298,31,37,0,0,0,0),(1299,31,38,0,0,0,0),(1300,31,39,0,0,0,0),(1301,31,40,0,0,0,0),(1302,31,41,0,0,0,0),(1303,31,42,1,1,1,1),(1304,32,1,0,0,0,0),(1305,32,2,0,0,0,0),(1306,32,3,0,0,0,0),(1307,32,4,0,0,0,0),(1308,32,5,0,0,0,0),(1309,32,6,0,0,0,0),(1310,32,7,0,0,0,0),(1311,32,8,0,0,0,0),(1312,32,9,0,0,0,0),(1313,32,10,0,0,0,0),(1314,32,11,0,0,0,0),(1315,32,12,0,0,0,0),(1316,32,13,0,0,0,0),(1317,32,14,0,0,0,0),(1318,32,15,0,0,0,0),(1319,32,16,0,0,0,0),(1320,32,17,0,0,0,0),(1321,32,18,0,0,0,0),(1322,32,19,0,0,0,0),(1323,32,20,0,0,0,0),(1324,32,21,0,0,0,0),(1325,32,22,0,0,0,0),(1326,32,23,0,0,0,0),(1327,32,24,0,0,0,0),(1328,32,25,0,0,0,0),(1329,32,26,0,0,0,0),(1330,32,27,0,0,0,0),(1331,32,28,0,0,0,0),(1332,32,29,0,0,0,0),(1333,32,30,0,0,0,0),(1334,32,31,0,0,0,0),(1335,32,32,0,0,0,0),(1336,32,33,0,0,0,0),(1337,32,34,0,0,0,0),(1338,32,35,0,0,0,0),(1339,32,36,0,0,0,0),(1340,32,37,0,0,0,0),(1341,32,38,0,0,0,0),(1342,32,39,0,0,0,0),(1343,32,40,0,0,0,0),(1344,32,41,0,0,0,0),(1345,32,42,0,0,0,0),(1346,33,1,1,1,1,1),(1347,33,2,1,1,1,1),(1348,33,3,1,1,1,1),(1349,33,4,1,1,1,1),(1350,33,5,1,1,1,1),(1351,33,6,1,1,1,1),(1352,33,7,1,1,1,1),(1353,33,8,1,1,1,1),(1354,33,9,1,1,1,1),(1355,33,10,1,1,1,1),(1356,33,11,1,1,1,1),(1357,33,12,1,1,1,1),(1358,33,13,1,1,1,1),(1359,33,14,1,1,1,1),(1360,33,15,1,1,1,1),(1361,33,16,1,1,1,1),(1362,33,17,1,1,1,1),(1363,33,18,1,1,1,1),(1364,33,19,1,1,1,1),(1365,33,20,1,1,1,1),(1366,33,21,1,1,1,1),(1367,33,22,1,1,1,1),(1368,33,23,1,1,1,1),(1369,33,24,1,1,1,1),(1370,33,25,1,1,1,1),(1371,33,26,1,1,1,1),(1372,33,27,1,1,1,1),(1373,33,28,1,1,1,1),(1374,33,29,1,1,1,1),(1375,33,30,1,1,1,1),(1376,33,31,1,1,1,1),(1377,33,32,1,1,1,1),(1378,33,33,1,1,1,1),(1379,33,34,1,1,1,1),(1380,33,35,1,1,1,1),(1381,33,36,1,1,1,1),(1382,33,37,1,1,1,1),(1383,33,38,1,1,1,1),(1384,33,39,1,1,1,1),(1385,33,40,1,1,1,1),(1386,33,41,1,1,1,1),(1387,33,42,1,1,1,1),(1388,34,1,0,0,0,0),(1389,34,2,0,0,0,0),(1390,34,3,0,0,0,0),(1391,34,4,0,0,0,0),(1392,34,5,0,0,0,0),(1393,34,6,0,0,0,0),(1394,34,7,0,0,0,0),(1395,34,8,0,0,0,0),(1396,34,9,0,0,0,0),(1397,34,10,0,0,0,0),(1398,34,11,0,0,0,0),(1399,34,12,0,0,0,0),(1400,34,13,0,0,0,0),(1401,34,14,0,0,0,0),(1402,34,15,0,0,0,0),(1403,34,16,0,0,0,0),(1404,34,17,0,0,0,0),(1405,34,18,0,0,0,0),(1406,34,19,0,0,0,0),(1407,34,20,0,0,0,0),(1408,34,21,0,0,0,0),(1409,34,22,0,0,0,0),(1410,34,23,0,0,0,0),(1411,34,24,0,0,0,0),(1412,34,25,0,0,0,0),(1413,34,26,0,0,0,0),(1414,34,27,0,0,0,0),(1415,34,28,0,0,0,0),(1416,34,29,0,0,0,0),(1417,34,30,0,0,0,0),(1418,34,31,0,0,0,0),(1419,34,32,0,0,0,0),(1420,34,33,0,0,0,0),(1421,34,34,0,0,0,0),(1422,34,35,0,0,0,0),(1423,34,36,0,0,0,0),(1424,34,37,0,0,0,0),(1425,34,38,0,0,0,0),(1426,34,39,0,0,0,0),(1427,34,40,0,0,0,0),(1428,34,41,0,0,0,0),(1429,34,42,0,0,0,0),(1430,35,1,0,0,0,0),(1431,35,2,0,0,0,0),(1432,35,3,0,0,0,0),(1433,35,4,0,0,0,0),(1434,35,5,0,0,0,0),(1435,35,6,0,0,0,0),(1436,35,7,0,0,0,0),(1437,35,8,0,0,0,0),(1438,35,9,0,0,0,0),(1439,35,10,0,0,0,0),(1440,35,11,0,0,0,0),(1441,35,12,0,0,0,0),(1442,35,13,0,0,0,0),(1443,35,14,0,0,0,0),(1444,35,15,0,0,0,0),(1445,35,16,0,0,0,0),(1446,35,17,0,0,0,0),(1447,35,18,0,0,0,0),(1448,35,19,0,0,0,0),(1449,35,20,0,0,0,0),(1450,35,21,0,0,0,0),(1451,35,22,0,0,0,0),(1452,35,23,0,0,0,0),(1453,35,24,0,0,0,0),(1454,35,25,0,0,0,0),(1455,35,26,0,0,0,0),(1456,35,27,0,0,0,0),(1457,35,28,0,0,0,0),(1458,35,29,0,0,0,0),(1459,35,30,0,0,0,0),(1460,35,31,0,0,0,0),(1461,35,32,0,0,0,0),(1462,35,33,0,0,0,0),(1463,35,34,0,0,0,0),(1464,35,35,0,0,0,0),(1465,35,36,0,0,0,0),(1466,35,37,0,0,0,0),(1467,35,38,0,0,0,0),(1468,35,39,0,0,0,0),(1469,35,40,0,0,0,0),(1470,35,41,0,0,0,0),(1471,35,42,0,0,0,0),(1472,36,1,1,1,1,1),(1473,36,2,1,1,1,1),(1474,36,3,1,1,1,1),(1475,36,4,1,1,1,1),(1476,36,5,1,1,1,1),(1477,36,6,1,1,1,1),(1478,36,7,1,1,1,1),(1479,36,8,1,1,1,1),(1480,36,9,1,1,1,1),(1481,36,10,1,1,1,1),(1482,36,11,1,1,1,1),(1483,36,12,1,1,1,1),(1484,36,13,1,1,1,1),(1485,36,14,1,1,1,1),(1486,36,15,1,1,1,1),(1487,36,16,1,1,1,1),(1488,36,17,1,1,1,1),(1489,36,18,1,1,1,1),(1490,36,19,1,1,1,1),(1491,36,20,1,1,1,1),(1492,36,21,1,1,1,1),(1493,36,22,1,1,1,1),(1494,36,23,1,1,1,1),(1495,36,24,1,1,1,1),(1496,36,25,1,1,1,1),(1497,36,26,1,1,1,1),(1498,36,27,1,1,1,1),(1499,36,28,1,1,1,1),(1500,36,29,1,1,1,1),(1501,36,30,1,1,1,1),(1502,36,31,1,1,1,1),(1503,36,32,1,1,1,1),(1504,36,33,1,1,1,1),(1505,36,34,1,1,1,1),(1506,36,35,1,1,1,1),(1507,36,36,1,1,1,1),(1508,36,37,1,1,1,1),(1509,36,38,1,1,1,1),(1510,36,39,1,1,1,1),(1511,36,40,1,1,1,1),(1512,36,41,1,1,1,1),(1513,36,42,1,1,1,1),(1514,37,1,1,1,1,1),(1515,37,2,1,1,1,1),(1516,37,3,1,1,1,1),(1517,37,4,1,1,1,1),(1518,37,5,1,1,1,1),(1519,37,6,1,1,1,1),(1520,37,7,1,1,1,1),(1521,37,8,1,1,1,1),(1522,37,9,1,1,1,1),(1523,37,10,1,1,1,1),(1524,37,11,1,1,1,1),(1525,37,12,1,1,1,1),(1526,37,13,1,1,1,1),(1527,37,14,1,1,1,1),(1528,37,15,1,1,1,1),(1529,37,16,1,1,1,1),(1530,37,17,1,1,1,1),(1531,37,18,1,1,1,1),(1532,37,19,1,1,1,1),(1533,37,20,1,1,1,1),(1534,37,21,1,1,1,1),(1535,37,22,1,1,1,1),(1536,37,23,1,1,1,1),(1537,37,24,1,1,1,1),(1538,37,25,1,1,1,1),(1539,37,26,1,1,1,1),(1540,37,27,1,1,1,1),(1541,37,28,1,1,1,1),(1542,37,29,1,1,1,1),(1543,37,30,1,1,1,1),(1544,37,31,1,1,1,1),(1545,37,32,1,1,1,1),(1546,37,33,1,1,1,1),(1547,37,34,1,1,1,1),(1548,37,35,1,1,1,1),(1549,37,36,1,1,1,1),(1550,37,37,1,1,1,1),(1551,37,38,1,1,1,1),(1552,37,39,1,1,1,1),(1553,37,40,1,1,1,1),(1554,37,41,1,1,1,1),(1555,37,42,1,1,1,1),(1556,38,1,0,0,0,0),(1557,38,2,0,0,0,0),(1558,38,3,0,0,0,0),(1559,38,4,0,0,0,0),(1560,38,5,0,0,0,0),(1561,38,6,0,0,0,0),(1562,38,7,0,0,0,0),(1563,38,8,0,0,0,0),(1564,38,9,0,0,0,0),(1565,38,10,0,0,0,0),(1566,38,11,0,0,0,0),(1567,38,12,0,0,0,0),(1568,38,13,0,0,0,0),(1569,38,14,0,0,0,0),(1570,38,15,0,0,0,0),(1571,38,16,0,0,0,0),(1572,38,17,0,0,0,0),(1573,38,18,0,0,0,0),(1574,38,19,0,0,0,0),(1575,38,20,0,0,0,0),(1576,38,21,0,0,0,0),(1577,38,22,0,0,0,0),(1578,38,23,0,0,0,0),(1579,38,24,0,0,0,0),(1580,38,25,0,0,0,0),(1581,38,26,0,0,0,0),(1582,38,27,0,0,0,0),(1583,38,28,0,0,0,0),(1584,38,29,0,0,0,0),(1585,38,30,0,0,0,0),(1586,38,31,0,0,0,0),(1587,38,32,0,0,0,0),(1588,38,33,0,0,0,0),(1589,38,34,0,0,0,0),(1590,38,35,0,0,0,0),(1591,38,36,0,0,0,0),(1592,38,37,0,0,0,0),(1593,38,38,0,0,0,0),(1594,38,39,0,0,0,0),(1595,38,40,0,0,0,0),(1596,38,41,0,0,0,0),(1597,38,42,0,0,0,0),(1598,39,1,0,0,0,0),(1599,39,2,0,0,0,0),(1600,39,3,0,0,0,0),(1601,39,4,0,0,0,0),(1602,39,5,0,0,0,0),(1603,39,6,0,0,0,0),(1604,39,7,0,0,0,0),(1605,39,8,0,0,0,0),(1606,39,9,0,0,0,0),(1607,39,10,0,0,0,0),(1608,39,11,0,0,0,0),(1609,39,12,0,0,0,0),(1610,39,13,0,0,0,0),(1611,39,14,0,0,0,0),(1612,39,15,0,0,0,0),(1613,39,16,0,0,0,0),(1614,39,17,0,0,0,0),(1615,39,18,0,0,0,0),(1616,39,19,0,0,0,0),(1617,39,20,0,0,0,0),(1618,39,21,0,0,0,0),(1619,39,22,0,0,0,0),(1620,39,23,0,0,0,0),(1621,39,24,0,0,0,0),(1622,39,25,0,0,0,0),(1623,39,26,0,0,0,0),(1624,39,27,0,0,0,0),(1625,39,28,0,0,0,0),(1626,39,29,0,0,0,0),(1627,39,30,0,0,0,0),(1628,39,31,0,0,0,0),(1629,39,32,0,0,0,0),(1630,39,33,0,0,0,0),(1631,39,34,0,0,0,0),(1632,39,35,0,0,0,0),(1633,39,36,0,0,0,0),(1634,39,37,0,0,0,0),(1635,39,38,0,0,0,0),(1636,39,39,0,0,0,0),(1637,39,40,0,0,0,0),(1638,39,41,0,0,0,0),(1639,39,42,0,0,0,0),(1640,40,1,0,0,0,0),(1641,40,2,0,0,0,0),(1642,40,3,0,0,0,0),(1643,40,4,0,0,0,0),(1644,40,5,0,0,0,0),(1645,40,6,0,0,0,0),(1646,40,7,0,0,0,0),(1647,40,8,0,0,0,0),(1648,40,9,0,0,0,0),(1649,40,10,0,0,0,0),(1650,40,11,0,0,0,0),(1651,40,12,0,0,0,0),(1652,40,13,0,0,0,0),(1653,40,14,0,0,0,0),(1654,40,15,0,0,0,0),(1655,40,16,0,0,0,0),(1656,40,17,0,0,0,0),(1657,40,18,0,0,0,0),(1658,40,19,0,0,0,0),(1659,40,20,0,0,0,0),(1660,40,21,0,0,0,0),(1661,40,22,0,0,0,0),(1662,40,23,0,0,0,0),(1663,40,24,0,0,0,0),(1664,40,25,0,0,0,0),(1665,40,26,0,0,0,0),(1666,40,27,0,0,0,0),(1667,40,28,0,0,0,0),(1668,40,29,0,0,0,0),(1669,40,30,0,0,0,0),(1670,40,31,0,0,0,0),(1671,40,32,0,0,0,0),(1672,40,33,0,0,0,0),(1673,40,34,0,0,0,0),(1674,40,35,0,1,0,0),(1675,40,36,0,0,0,0),(1676,40,37,0,0,0,0),(1677,40,38,0,0,0,0),(1678,40,39,0,0,0,0),(1679,40,40,0,0,0,0),(1680,40,41,0,0,0,0),(1681,40,42,0,0,0,0),(1682,41,1,0,0,0,0),(1683,41,2,0,0,0,0),(1684,41,3,0,0,0,0),(1685,41,4,0,0,0,0),(1686,41,5,0,0,0,0),(1687,41,6,0,0,0,0),(1688,41,7,0,0,0,0),(1689,41,8,0,0,0,0),(1690,41,9,0,0,0,0),(1691,41,10,0,0,0,0),(1692,41,11,0,0,0,0),(1693,41,12,0,0,0,0),(1694,41,13,0,0,0,0),(1695,41,14,0,0,0,0),(1696,41,15,0,0,0,0),(1697,41,16,0,0,0,0),(1698,41,17,0,0,0,0),(1699,41,18,0,0,0,0),(1700,41,19,0,0,0,0),(1701,41,20,0,0,0,0),(1702,41,21,0,0,0,0),(1703,41,22,0,0,0,0),(1704,41,23,0,0,0,0),(1705,41,24,0,0,0,0),(1706,41,25,0,0,0,0),(1707,41,26,0,0,0,0),(1708,41,27,0,0,0,0),(1709,41,28,0,0,0,0),(1710,41,29,0,0,0,0),(1711,41,30,0,0,0,0),(1712,41,31,0,0,0,0),(1713,41,32,0,0,0,0),(1714,41,33,0,0,0,0),(1715,41,34,0,0,0,0),(1716,41,35,0,1,0,0),(1717,41,36,0,0,0,0),(1718,41,37,0,0,0,0),(1719,41,38,0,0,0,0),(1720,41,39,0,0,0,0),(1721,41,40,0,0,0,0),(1722,41,41,0,0,0,0),(1723,41,42,0,0,0,0),(1724,42,1,0,0,0,0),(1725,42,2,0,0,0,0),(1726,42,3,0,0,0,0),(1727,42,4,0,0,0,0),(1728,42,5,0,0,0,0),(1729,42,6,0,0,0,0),(1730,42,7,0,0,0,0),(1731,42,8,0,0,0,0),(1732,42,9,0,0,0,0),(1733,42,10,0,0,0,0),(1734,42,11,0,0,0,0),(1735,42,12,0,0,0,0),(1736,42,13,0,0,0,0),(1737,42,14,0,0,0,0),(1738,42,15,0,0,0,0),(1739,42,16,0,0,0,0),(1740,42,17,0,0,0,0),(1741,42,18,0,0,0,0),(1742,42,19,0,0,0,0),(1743,42,20,0,0,0,0),(1744,42,21,0,0,0,0),(1745,42,22,0,0,0,0),(1746,42,23,0,0,0,0),(1747,42,24,0,0,0,0),(1748,42,25,0,0,0,0),(1749,42,26,0,0,0,0),(1750,42,27,0,0,0,0),(1751,42,28,0,0,0,0),(1752,42,29,0,0,0,0),(1753,42,30,0,0,0,0),(1754,42,31,0,0,0,0),(1755,42,32,0,0,0,0),(1756,42,33,0,0,0,0),(1757,42,34,0,0,0,0),(1758,42,35,0,1,0,0),(1759,42,36,0,0,0,0),(1760,42,37,0,0,0,0),(1761,42,38,0,0,0,0),(1762,42,39,0,0,0,0),(1763,42,40,0,0,0,0),(1764,42,41,0,0,0,0),(1765,42,42,0,0,0,0),(1766,43,1,0,0,0,0),(1767,43,2,0,0,0,0),(1768,43,3,0,0,0,0),(1769,43,4,0,0,0,0),(1770,43,5,0,0,0,0),(1771,43,6,0,0,0,0),(1772,43,7,0,0,0,0),(1773,43,8,0,0,0,0),(1774,43,9,0,0,0,0),(1775,43,10,0,0,0,0),(1776,43,11,0,0,0,0),(1777,43,12,0,0,0,0),(1778,43,13,0,0,0,0),(1779,43,14,0,0,0,0),(1780,43,15,0,0,0,0),(1781,43,16,0,0,0,0),(1782,43,17,0,0,0,0),(1783,43,18,0,0,0,0),(1784,43,19,0,0,0,0),(1785,43,20,0,0,0,0),(1786,43,21,0,0,0,0),(1787,43,22,0,0,0,0),(1788,43,23,0,0,0,0),(1789,43,24,0,0,0,0),(1790,43,25,0,0,0,0),(1791,43,26,0,0,0,0),(1792,43,27,0,0,0,0),(1793,43,28,0,0,0,0),(1794,43,29,0,0,0,0),(1795,43,30,0,0,0,0),(1796,43,31,0,0,0,0),(1797,43,32,0,0,0,0),(1798,43,33,0,0,0,0),(1799,43,34,0,0,0,0),(1800,43,35,0,0,0,0),(1801,43,36,0,0,0,0),(1802,43,37,0,0,0,0),(1803,43,38,0,0,0,0),(1804,43,39,0,0,0,0),(1805,43,40,0,0,0,0),(1806,43,41,0,0,0,0),(1807,43,42,0,0,0,0),(1808,44,1,0,0,0,0),(1809,44,2,0,0,0,0),(1810,44,3,0,0,0,0),(1811,44,4,0,0,0,0),(1812,44,5,0,0,0,0),(1813,44,6,0,0,0,0),(1814,44,7,0,0,0,0),(1815,44,8,0,0,0,0),(1816,44,9,0,0,0,0),(1817,44,10,0,0,0,0),(1818,44,11,0,0,0,0),(1819,44,12,0,0,0,0),(1820,44,13,0,0,0,0),(1821,44,14,0,0,0,0),(1822,44,15,0,0,0,0),(1823,44,16,0,0,0,0),(1824,44,17,0,0,0,0),(1825,44,18,0,0,0,0),(1826,44,19,0,0,0,0),(1827,44,20,0,0,0,0),(1828,44,21,0,0,0,0),(1829,44,22,0,0,0,0),(1830,44,23,0,0,0,0),(1831,44,24,0,0,0,0),(1832,44,25,0,0,0,0),(1833,44,26,0,0,0,0),(1834,44,27,0,0,0,0),(1835,44,28,0,0,0,0),(1836,44,29,0,0,0,0),(1837,44,30,0,0,0,0),(1838,44,31,0,0,0,0),(1839,44,32,0,0,0,0),(1840,44,33,0,0,0,0),(1841,44,34,0,0,0,0),(1842,44,35,0,0,0,0),(1843,44,36,0,0,0,0),(1844,44,37,0,0,0,0),(1845,44,38,0,0,0,0),(1846,44,39,0,0,0,0),(1847,44,40,0,0,0,0),(1848,44,41,0,0,0,0),(1849,44,42,0,0,0,0),(1850,45,1,0,0,0,0),(1851,45,2,0,0,0,0),(1852,45,3,0,0,0,0),(1853,45,4,0,0,0,0),(1854,45,5,0,0,0,0),(1855,45,6,0,0,0,0),(1856,45,7,0,0,0,0),(1857,45,8,0,0,0,0),(1858,45,9,0,0,0,0),(1859,45,10,0,0,0,0),(1860,45,11,0,0,0,0),(1861,45,12,0,0,0,0),(1862,45,13,0,0,0,0),(1863,45,14,0,0,0,0),(1864,45,15,0,0,0,0),(1865,45,16,0,0,0,0),(1866,45,17,0,0,0,0),(1867,45,18,0,0,0,0),(1868,45,19,0,0,0,0),(1869,45,20,0,0,0,0),(1870,45,21,0,0,0,0),(1871,45,22,0,0,0,0),(1872,45,23,0,0,0,0),(1873,45,24,0,0,0,0),(1874,45,25,0,0,0,0),(1875,45,26,0,0,0,0),(1876,45,27,0,0,0,0),(1877,45,28,0,0,0,0),(1878,45,29,0,0,0,0),(1879,45,30,0,0,0,0),(1880,45,31,0,0,0,0),(1881,45,32,0,0,0,0),(1882,45,33,0,0,0,0),(1883,45,34,0,0,0,0),(1884,45,35,0,0,0,0),(1885,45,36,0,0,0,0),(1886,45,37,0,0,0,0),(1887,45,38,0,0,0,0),(1888,45,39,0,0,0,0),(1889,45,40,0,0,0,0),(1890,45,41,0,0,0,0),(1891,45,42,0,0,0,0),(1892,46,1,0,0,0,0),(1893,46,2,0,0,0,0),(1894,46,3,0,0,0,0),(1895,46,4,0,0,0,0),(1896,46,5,0,0,0,0),(1897,46,6,0,0,0,0),(1898,46,7,0,0,0,0),(1899,46,8,0,0,0,0),(1900,46,9,0,0,0,0),(1901,46,10,0,0,0,0),(1902,46,11,0,0,0,0),(1903,46,12,0,0,0,0),(1904,46,13,0,0,0,0),(1905,46,14,0,0,0,0),(1906,46,15,0,0,0,0),(1907,46,16,0,0,0,0),(1908,46,17,0,0,0,0),(1909,46,18,0,0,0,0),(1910,46,19,0,0,0,0),(1911,46,20,0,0,0,0),(1912,46,21,0,0,0,0),(1913,46,22,0,0,0,0),(1914,46,23,0,0,0,0),(1915,46,24,0,0,0,0),(1916,46,25,0,0,0,0),(1917,46,26,0,0,0,0),(1918,46,27,0,0,0,0),(1919,46,28,0,0,0,0),(1920,46,29,0,0,0,0),(1921,46,30,0,0,0,0),(1922,46,31,0,0,0,0),(1923,46,32,0,0,0,0),(1924,46,33,0,0,0,0),(1925,46,34,0,0,0,0),(1926,46,35,0,0,0,0),(1927,46,36,0,0,0,0),(1928,46,37,0,0,0,0),(1929,46,38,0,0,0,0),(1930,46,39,0,0,0,0),(1931,46,40,0,0,0,0),(1932,46,41,0,0,0,0),(1933,46,42,0,0,0,0),(1934,47,1,0,0,0,0),(1935,47,2,0,0,0,0),(1936,47,3,0,0,0,0),(1937,47,4,0,0,0,0),(1938,47,5,0,0,0,0),(1939,47,6,0,0,0,0),(1940,47,7,0,0,0,0),(1941,47,8,0,0,0,0),(1942,47,9,0,0,0,0),(1943,47,10,0,0,0,0),(1944,47,11,0,0,0,0),(1945,47,12,0,0,0,0),(1946,47,13,0,0,0,0),(1947,47,14,0,0,0,0),(1948,47,15,0,0,0,0),(1949,47,16,0,0,0,0),(1950,47,17,0,0,0,0),(1951,47,18,0,0,0,0),(1952,47,19,0,0,0,0),(1953,47,20,0,0,0,0),(1954,47,21,0,0,0,0),(1955,47,22,0,0,0,0),(1956,47,23,0,0,0,0),(1957,47,24,0,0,0,0),(1958,47,25,0,0,0,0),(1959,47,26,0,0,0,0),(1960,47,27,0,0,0,0),(1961,47,28,0,0,0,0),(1962,47,29,0,0,0,0),(1963,47,30,0,0,0,0),(1964,47,31,0,0,0,0),(1965,47,32,0,0,0,0),(1966,47,33,0,0,0,0),(1967,47,34,0,0,0,0),(1968,47,35,0,0,0,0),(1969,47,36,0,0,0,0),(1970,47,37,0,0,0,0),(1971,47,38,0,0,0,0),(1972,47,39,0,0,0,0),(1973,47,40,0,0,0,0),(1974,47,41,0,0,0,0),(1975,47,42,0,0,0,0),(1976,48,1,0,0,0,0),(1977,48,2,0,0,0,0),(1978,48,3,0,0,0,0),(1979,48,4,0,0,0,0),(1980,48,5,0,0,0,0),(1981,48,6,0,0,0,0),(1982,48,7,0,0,0,0),(1983,48,8,0,0,0,0),(1984,48,9,0,0,0,0),(1985,48,10,0,0,0,0),(1986,48,11,0,0,0,0),(1987,48,12,0,0,0,0),(1988,48,13,0,0,0,0),(1989,48,14,0,0,0,0),(1990,48,15,0,0,0,0),(1991,48,16,0,0,0,0),(1992,48,17,0,0,0,0),(1993,48,18,0,0,0,0),(1994,48,19,0,0,0,0),(1995,48,20,0,0,0,0),(1996,48,21,0,0,0,0),(1997,48,22,0,0,0,0),(1998,48,23,0,0,0,0),(1999,48,24,0,0,0,0),(2000,48,25,0,0,0,0),(2001,48,26,0,0,0,0),(2002,48,27,0,0,0,0),(2003,48,28,0,0,0,0),(2004,48,29,0,0,0,0),(2005,48,30,0,0,0,0),(2006,48,31,0,0,0,0),(2007,48,32,0,0,0,0),(2008,48,33,0,0,0,0),(2009,48,34,0,0,0,0),(2010,48,35,0,1,0,0),(2011,48,36,0,0,0,0),(2012,48,37,0,0,0,0),(2013,48,38,0,0,0,0),(2014,48,39,0,0,0,0),(2015,48,40,0,0,0,0),(2016,48,41,0,0,0,0),(2017,48,42,0,0,0,0),(2018,49,1,0,0,0,0),(2019,49,2,0,0,0,0),(2020,49,3,0,0,0,0),(2021,49,4,0,0,0,0),(2022,49,5,0,0,0,0),(2023,49,6,0,0,0,0),(2024,49,7,0,0,0,0),(2025,49,8,0,0,0,0),(2026,49,9,0,0,0,0),(2027,49,10,0,0,0,0),(2028,49,11,0,0,0,0),(2029,49,12,0,0,0,0),(2030,49,13,0,0,0,0),(2031,49,14,0,0,0,0),(2032,49,15,0,0,0,0),(2033,49,16,0,0,0,0),(2034,49,17,0,0,0,0),(2035,49,18,0,0,0,0),(2036,49,19,0,0,0,0),(2037,49,20,0,0,0,0),(2038,49,21,0,0,0,0),(2039,49,22,0,0,0,0),(2040,49,23,0,0,0,0),(2041,49,24,0,0,0,0),(2042,49,25,0,0,0,0),(2043,49,26,0,0,0,0),(2044,49,27,0,0,0,0),(2045,49,28,0,0,0,0),(2046,49,29,0,0,0,0),(2047,49,30,0,0,0,0),(2048,49,31,0,0,0,0),(2049,49,32,0,0,0,0),(2050,49,33,0,0,0,0),(2051,49,34,0,0,0,0),(2052,49,35,0,1,0,0),(2053,49,36,0,0,0,0),(2054,49,37,0,0,0,0),(2055,49,38,0,0,0,0),(2056,49,39,0,0,0,0),(2057,49,40,0,0,0,0),(2058,49,41,0,0,0,0),(2059,49,42,0,0,0,0),(2060,50,1,0,0,0,0),(2061,50,2,0,0,0,0),(2062,50,3,0,0,0,0),(2063,50,4,0,0,0,0),(2064,50,5,0,0,0,0),(2065,50,6,0,0,0,0),(2066,50,7,0,0,0,0),(2067,50,8,0,0,0,0),(2068,50,9,0,0,0,0),(2069,50,10,0,0,0,0),(2070,50,11,0,0,0,0),(2071,50,12,0,0,0,0),(2072,50,13,0,0,0,0),(2073,50,14,0,0,0,0),(2074,50,15,0,0,0,0),(2075,50,16,0,0,0,0),(2076,50,17,0,0,0,0),(2077,50,18,0,0,0,0),(2078,50,19,0,0,0,0),(2079,50,20,0,0,0,0),(2080,50,21,0,0,0,0),(2081,50,22,0,0,0,0),(2082,50,23,0,0,0,0),(2083,50,24,0,0,0,0),(2084,50,25,0,0,0,0),(2085,50,26,0,0,0,0),(2086,50,27,0,0,0,0),(2087,50,28,0,0,0,0),(2088,50,29,0,0,0,0),(2089,50,30,0,0,0,0),(2090,50,31,0,0,0,0),(2091,50,32,0,0,0,0),(2092,50,33,0,0,0,0),(2093,50,34,0,0,0,0),(2094,50,35,0,0,0,0),(2095,50,36,0,0,0,0),(2096,50,37,0,0,0,0),(2097,50,38,0,0,0,0),(2098,50,39,0,0,0,0),(2099,50,40,0,0,0,0),(2100,50,41,0,0,0,0),(2101,50,42,0,0,0,0),(2102,51,1,0,0,0,0),(2103,51,2,0,0,0,0),(2104,51,3,0,0,0,0),(2105,51,4,0,0,0,0),(2106,51,5,0,0,0,0),(2107,51,6,0,0,0,0),(2108,51,7,0,0,0,0),(2109,51,8,0,0,0,0),(2110,51,9,0,0,0,0),(2111,51,10,0,0,0,0),(2112,51,11,0,0,0,0),(2113,51,12,0,0,0,0),(2114,51,13,0,0,0,0),(2115,51,14,0,0,0,0),(2116,51,15,0,0,0,0),(2117,51,16,0,0,0,0),(2118,51,17,0,0,0,0),(2119,51,18,0,0,0,0),(2120,51,19,0,0,0,0),(2121,51,20,0,0,0,0),(2122,51,21,0,0,0,0),(2123,51,22,0,0,0,0),(2124,51,23,0,0,0,0),(2125,51,24,0,0,0,0),(2126,51,25,0,0,0,0),(2127,51,26,0,0,0,0),(2128,51,27,0,0,0,0),(2129,51,28,0,0,0,0),(2130,51,29,0,0,0,0),(2131,51,30,0,0,0,0),(2132,51,31,0,0,0,0),(2133,51,32,0,0,0,0),(2134,51,33,0,0,0,0),(2135,51,34,0,0,0,0),(2136,51,35,0,0,0,0),(2137,51,36,0,0,0,0),(2138,51,37,0,0,0,0),(2139,51,38,0,0,0,0),(2140,51,39,0,0,0,0),(2141,51,40,0,0,0,0),(2142,51,41,0,0,0,0),(2143,51,42,0,0,0,0),(2144,52,1,0,0,0,0),(2145,52,2,0,0,0,0),(2146,52,3,0,0,0,0),(2147,52,4,0,0,0,0),(2148,52,5,0,0,0,0),(2149,52,6,0,0,0,0),(2150,52,7,0,0,0,0),(2151,52,8,0,0,0,0),(2152,52,9,0,0,0,0),(2153,52,10,0,0,0,0),(2154,52,11,0,0,0,0),(2155,52,12,0,0,0,0),(2156,52,13,0,0,0,0),(2157,52,14,0,0,0,0),(2158,52,15,0,0,0,0),(2159,52,16,0,0,0,0),(2160,52,17,0,0,0,0),(2161,52,18,0,0,0,0),(2162,52,19,0,0,0,0),(2163,52,20,0,0,0,0),(2164,52,21,0,0,0,0),(2165,52,22,0,0,0,0),(2166,52,23,0,0,0,0),(2167,52,24,0,0,0,0),(2168,52,25,0,0,0,0),(2169,52,26,0,0,0,0),(2170,52,27,0,0,0,0),(2171,52,28,0,0,0,0),(2172,52,29,0,0,0,0),(2173,52,30,0,0,0,0),(2174,52,31,0,0,0,0),(2175,52,32,0,0,0,0),(2176,52,33,0,0,0,0),(2177,52,34,0,0,0,0),(2178,52,35,0,1,0,0),(2179,52,36,0,0,0,0),(2180,52,37,0,0,0,0),(2181,52,38,0,0,0,0),(2182,52,39,0,0,0,0),(2183,52,40,0,0,0,0),(2184,52,41,0,0,0,0),(2185,52,42,0,0,0,0),(2186,53,1,0,0,0,0),(2187,53,2,0,0,0,0),(2188,53,3,0,0,0,0),(2189,53,4,0,0,0,0),(2190,53,5,0,0,0,0),(2191,53,6,0,0,0,0),(2192,53,7,0,0,0,0),(2193,53,8,0,0,0,0),(2194,53,9,0,0,0,0),(2195,53,10,0,0,0,0),(2196,53,11,0,0,0,0),(2197,53,12,0,0,0,0),(2198,53,13,0,0,0,0),(2199,53,14,0,0,0,0),(2200,53,15,0,0,0,0),(2201,53,16,0,0,0,0),(2202,53,17,0,0,0,0),(2203,53,18,0,0,0,0),(2204,53,19,0,0,0,0),(2205,53,20,0,0,0,0),(2206,53,21,0,0,0,0),(2207,53,22,0,0,0,0),(2208,53,23,0,0,0,0),(2209,53,24,0,0,0,0),(2210,53,25,0,0,0,0),(2211,53,26,0,0,0,0),(2212,53,27,0,0,0,0),(2213,53,28,0,0,0,0),(2214,53,29,0,0,0,0),(2215,53,30,0,0,0,0),(2216,53,31,0,0,0,0),(2217,53,32,0,0,0,0),(2218,53,33,0,0,0,0),(2219,53,34,0,0,0,0),(2220,53,35,0,0,0,0),(2221,53,36,0,0,0,0),(2222,53,37,0,0,0,0),(2223,53,38,0,0,0,0),(2224,53,39,0,0,0,0),(2225,53,40,0,0,0,0),(2226,53,41,0,0,0,0),(2227,53,42,0,0,0,0),(2228,54,1,0,0,0,0),(2229,54,2,0,0,0,0),(2230,54,3,0,0,0,0),(2231,54,4,0,0,0,0),(2232,54,5,0,0,0,0),(2233,54,6,0,0,0,0),(2234,54,7,0,0,0,0),(2235,54,8,0,0,0,0),(2236,54,9,0,0,0,0),(2237,54,10,0,0,0,0),(2238,54,11,0,0,0,0),(2239,54,12,0,0,0,0),(2240,54,13,0,0,0,0),(2241,54,14,0,0,0,0),(2242,54,15,0,0,0,0),(2243,54,16,0,0,0,0),(2244,54,17,0,0,0,0),(2245,54,18,0,0,0,0),(2246,54,19,0,0,0,0),(2247,54,20,0,0,0,0),(2248,54,21,0,0,0,0),(2249,54,22,0,0,0,0),(2250,54,23,0,0,0,0),(2251,54,24,0,0,0,0),(2252,54,25,0,0,0,0),(2253,54,26,0,0,0,0),(2254,54,27,0,0,0,0),(2255,54,28,0,0,0,0),(2256,54,29,0,0,0,0),(2257,54,30,0,0,0,0),(2258,54,31,0,0,0,0),(2259,54,32,0,0,0,0),(2260,54,33,0,0,0,0),(2261,54,34,0,0,0,0),(2262,54,35,0,0,0,0),(2263,54,36,0,0,0,0),(2264,54,37,0,0,0,0),(2265,54,38,0,0,0,0),(2266,54,39,0,0,0,0),(2267,54,40,0,0,0,0),(2268,54,41,0,0,0,0),(2269,54,42,0,0,0,0),(2270,55,1,0,0,0,0),(2271,55,2,0,0,0,0),(2272,55,3,0,0,0,0),(2273,55,4,0,0,0,0),(2274,55,5,0,0,0,0),(2275,55,6,0,0,0,0),(2276,55,7,0,0,0,0),(2277,55,8,0,0,0,0),(2278,55,9,0,0,0,0),(2279,55,10,0,0,0,0),(2280,55,11,0,0,0,0),(2281,55,12,0,0,0,0),(2282,55,13,0,0,0,0),(2283,55,14,0,0,0,0),(2284,55,15,0,0,0,0),(2285,55,16,0,0,0,0),(2286,55,17,0,0,0,0),(2287,55,18,0,0,0,0),(2288,55,19,0,0,0,0),(2289,55,20,0,0,0,0),(2290,55,21,0,0,0,0),(2291,55,22,0,0,0,0),(2292,55,23,0,0,0,0),(2293,55,24,0,0,0,0),(2294,55,25,0,0,0,0),(2295,55,26,0,0,0,0),(2296,55,27,0,0,0,0),(2297,55,28,0,0,0,0),(2298,55,29,0,0,0,0),(2299,55,30,0,0,0,0),(2300,55,31,0,0,0,0),(2301,55,32,0,0,0,0),(2302,55,33,0,0,0,0),(2303,55,34,0,0,0,0),(2304,55,35,0,0,0,0),(2305,55,36,0,0,0,0),(2306,55,37,0,0,0,0),(2307,55,38,0,0,0,0),(2308,55,39,0,0,0,0),(2309,55,40,0,0,0,0),(2310,55,41,0,0,0,0),(2311,55,42,0,0,0,0),(2312,56,1,0,0,0,0),(2313,56,2,0,0,0,0),(2314,56,3,0,0,0,0),(2315,56,4,0,0,0,0),(2316,56,5,0,0,0,0),(2317,56,6,0,0,0,0),(2318,56,7,0,0,0,0),(2319,56,8,0,0,0,0),(2320,56,9,0,0,0,0),(2321,56,10,0,0,0,0),(2322,56,11,0,0,0,0),(2323,56,12,0,0,0,0),(2324,56,13,0,0,0,0),(2325,56,14,0,0,0,0),(2326,56,15,0,0,0,0),(2327,56,16,0,0,0,0),(2328,56,17,0,0,0,0),(2329,56,18,0,0,0,0),(2330,56,19,0,0,0,0),(2331,56,20,0,0,0,0),(2332,56,21,0,0,0,0),(2333,56,22,0,0,0,0),(2334,56,23,0,0,0,0),(2335,56,24,0,0,0,0),(2336,56,25,0,0,0,0),(2337,56,26,0,0,0,0),(2338,56,27,0,0,0,0),(2339,56,28,0,0,0,0),(2340,56,29,0,0,0,0),(2341,56,30,0,0,0,0),(2342,56,31,0,0,0,0),(2343,56,32,0,0,0,0),(2344,56,33,0,0,0,0),(2345,56,34,0,0,0,0),(2346,56,35,0,0,0,0),(2347,56,36,0,0,0,0),(2348,56,37,0,0,0,0),(2349,56,38,0,0,0,0),(2350,56,39,0,0,0,0),(2351,56,40,0,0,0,0),(2352,56,41,0,0,0,0),(2353,56,42,0,0,0,0),(2354,57,1,0,0,0,0),(2355,57,2,0,0,0,0),(2356,57,3,0,0,0,0),(2357,57,4,0,0,0,0),(2358,57,5,0,0,0,0),(2359,57,6,0,0,0,0),(2360,57,7,0,0,0,0),(2361,57,8,0,0,0,0),(2362,57,9,0,0,0,0),(2363,57,10,0,0,0,0),(2364,57,11,0,0,0,0),(2365,57,12,0,0,0,0),(2366,57,13,0,0,0,0),(2367,57,14,0,0,0,0),(2368,57,15,0,0,0,0),(2369,57,16,0,0,0,0),(2370,57,17,0,0,0,0),(2371,57,18,0,0,0,0),(2372,57,19,0,0,0,0),(2373,57,20,0,0,0,0),(2374,57,21,0,0,0,0),(2375,57,22,0,0,0,0),(2376,57,23,0,0,0,0),(2377,57,24,0,0,0,0),(2378,57,25,0,0,0,0),(2379,57,26,0,0,0,0),(2380,57,27,0,0,0,0),(2381,57,28,0,0,0,0),(2382,57,29,0,0,0,0),(2383,57,30,0,0,0,0),(2384,57,31,0,0,0,0),(2385,57,32,0,0,0,0),(2386,57,33,0,0,0,0),(2387,57,34,0,0,0,0),(2388,57,35,0,1,0,0),(2389,57,36,0,0,0,0),(2390,57,37,0,0,0,0),(2391,57,38,0,0,0,0),(2392,57,39,0,0,0,0),(2393,57,40,0,0,0,0),(2394,57,41,0,0,0,0),(2395,57,42,0,0,0,0),(2396,58,1,0,0,0,0),(2397,58,2,0,0,0,0),(2398,58,3,0,0,0,0),(2399,58,4,0,0,0,0),(2400,58,5,0,0,0,0),(2401,58,6,0,0,0,0),(2402,58,7,0,0,0,0),(2403,58,8,0,0,0,0),(2404,58,9,0,0,0,0),(2405,58,10,0,0,0,0),(2406,58,11,0,0,0,0),(2407,58,12,0,0,0,0),(2408,58,13,0,0,0,0),(2409,58,14,0,0,0,0),(2410,58,15,0,0,0,0),(2411,58,16,0,0,0,0),(2412,58,17,0,0,0,0),(2413,58,18,0,0,0,0),(2414,58,19,0,0,0,0),(2415,58,20,0,0,0,0),(2416,58,21,0,0,0,0),(2417,58,22,0,0,0,0),(2418,58,23,0,0,0,0),(2419,58,24,0,0,0,0),(2420,58,25,0,0,0,0),(2421,58,26,0,0,0,0),(2422,58,27,0,0,0,0),(2423,58,28,0,0,0,0),(2424,58,29,0,0,0,0),(2425,58,30,0,0,0,0),(2426,58,31,0,0,0,0),(2427,58,32,0,0,0,0),(2428,58,33,0,0,0,0),(2429,58,34,0,0,0,0),(2430,58,35,0,1,0,0),(2431,58,36,0,0,0,0),(2432,58,37,0,0,0,0),(2433,58,38,0,0,0,0),(2434,58,39,0,0,0,0),(2435,58,40,0,0,0,0),(2436,58,41,0,0,0,0),(2437,58,42,0,0,0,0),(2438,59,1,0,0,0,0),(2439,59,2,0,0,0,0),(2440,59,3,0,0,0,0),(2441,59,4,0,0,0,0),(2442,59,5,0,0,0,0),(2443,59,6,0,0,0,0),(2444,59,7,0,0,0,0),(2445,59,8,0,0,0,0),(2446,59,9,0,0,0,0),(2447,59,10,0,0,0,0),(2448,59,11,0,0,0,0),(2449,59,12,0,0,0,0),(2450,59,13,0,0,0,0),(2451,59,14,0,0,0,0),(2452,59,15,0,0,0,0),(2453,59,16,0,0,0,0),(2454,59,17,0,0,0,0),(2455,59,18,0,0,0,0),(2456,59,19,0,0,0,0),(2457,59,20,0,0,0,0),(2458,59,21,0,0,0,0),(2459,59,22,0,0,0,0),(2460,59,23,0,0,0,0),(2461,59,24,0,0,0,0),(2462,59,25,0,0,0,0),(2463,59,26,0,0,0,0),(2464,59,27,0,0,0,0),(2465,59,28,0,0,0,0),(2466,59,29,0,0,0,0),(2467,59,30,0,0,0,0),(2468,59,31,0,0,0,0),(2469,59,32,0,0,0,0),(2470,59,33,0,0,0,0),(2471,59,34,0,0,0,0),(2472,59,35,0,0,0,0),(2473,59,36,0,0,0,0),(2474,59,37,0,0,0,0),(2475,59,38,0,0,0,0),(2476,59,39,0,0,0,0),(2477,59,40,0,0,0,0),(2478,59,41,0,0,0,0),(2479,59,42,0,0,0,0),(2480,60,1,0,0,0,0),(2481,60,2,0,0,0,0),(2482,60,3,0,0,0,0),(2483,60,4,0,0,0,0),(2484,60,5,0,0,0,0),(2485,60,6,0,0,0,0),(2486,60,7,0,0,0,0),(2487,60,8,0,0,0,0),(2488,60,9,0,0,0,0),(2489,60,10,0,0,0,0),(2490,60,11,0,0,0,0),(2491,60,12,0,0,0,0),(2492,60,13,0,0,0,0),(2493,60,14,0,0,0,0),(2494,60,15,0,0,0,0),(2495,60,16,0,0,0,0),(2496,60,17,0,0,0,0),(2497,60,18,0,0,0,0),(2498,60,19,0,0,0,0),(2499,60,20,0,0,0,0),(2500,60,21,0,0,0,0),(2501,60,22,0,0,0,0),(2502,60,23,0,0,0,0),(2503,60,24,0,0,0,0),(2504,60,25,0,0,0,0),(2505,60,26,0,0,0,0),(2506,60,27,0,0,0,0),(2507,60,28,0,0,0,0),(2508,60,29,0,0,0,0),(2509,60,30,0,0,0,0),(2510,60,31,0,0,0,0),(2511,60,32,0,0,0,0),(2512,60,33,0,0,0,0),(2513,60,34,0,0,0,0),(2514,60,35,0,0,0,0),(2515,60,36,0,0,0,0),(2516,60,37,0,0,0,0),(2517,60,38,0,0,0,0),(2518,60,39,0,0,0,0),(2519,60,40,0,0,0,0),(2520,60,41,0,0,0,0),(2521,60,42,0,0,0,0),(2522,61,1,0,0,0,0),(2523,61,2,0,0,0,0),(2524,61,3,0,0,0,0),(2525,61,4,0,0,0,0),(2526,61,5,0,0,0,0),(2527,61,6,0,0,0,0),(2528,61,7,0,0,0,0),(2529,61,8,0,0,0,0),(2530,61,9,0,0,0,0),(2531,61,10,0,0,0,0),(2532,61,11,0,0,0,0),(2533,61,12,0,0,0,0),(2534,61,13,0,0,0,0),(2535,61,14,0,0,0,0),(2536,61,15,0,0,0,0),(2537,61,16,0,0,0,0),(2538,61,17,0,0,0,0),(2539,61,18,0,0,0,0),(2540,61,19,0,0,0,0),(2541,61,20,0,0,0,0),(2542,61,21,0,0,0,0),(2543,61,22,0,0,0,0),(2544,61,23,0,0,0,0),(2545,61,24,0,0,0,0),(2546,61,25,0,0,0,0),(2547,61,26,0,0,0,0),(2548,61,27,0,0,0,0),(2549,61,28,0,0,0,0),(2550,61,29,0,0,0,0),(2551,61,30,0,0,0,0),(2552,61,31,0,0,0,0),(2553,61,32,0,0,0,0),(2554,61,33,0,0,0,0),(2555,61,34,0,0,0,0),(2556,61,35,0,0,0,0),(2557,61,36,0,0,0,0),(2558,61,37,0,0,0,0),(2559,61,38,0,0,0,0),(2560,61,39,0,0,0,0),(2561,61,40,0,0,0,0),(2562,61,41,0,0,0,0),(2563,61,42,0,0,0,0),(2564,62,1,0,0,0,0),(2565,62,2,0,0,0,0),(2566,62,3,0,0,0,0),(2567,62,4,0,0,0,0),(2568,62,5,0,0,0,0),(2569,62,6,0,0,0,0),(2570,62,7,0,0,0,0),(2571,62,8,0,0,0,0),(2572,62,9,0,0,0,0),(2573,62,10,0,0,0,0),(2574,62,11,0,0,0,0),(2575,62,12,0,0,0,0),(2576,62,13,0,0,0,0),(2577,62,14,0,0,0,0),(2578,62,15,0,0,0,0),(2579,62,16,0,0,0,0),(2580,62,17,0,0,0,0),(2581,62,18,0,0,0,0),(2582,62,19,0,0,0,0),(2583,62,20,0,0,0,0),(2584,62,21,0,0,0,0),(2585,62,22,0,0,0,0),(2586,62,23,0,0,0,0),(2587,62,24,0,0,0,0),(2588,62,25,0,0,0,0),(2589,62,26,0,0,0,0),(2590,62,27,0,0,0,0),(2591,62,28,0,0,0,0),(2592,62,29,0,0,0,0),(2593,62,30,0,0,0,0),(2594,62,31,0,0,0,0),(2595,62,32,0,0,0,0),(2596,62,33,0,0,0,0),(2597,62,34,0,0,0,0),(2598,62,35,0,1,0,0),(2599,62,36,0,0,0,0),(2600,62,37,0,0,0,0),(2601,62,38,0,0,0,0),(2602,62,39,0,0,0,0),(2603,62,40,0,0,0,0),(2604,62,41,0,0,0,0),(2605,62,42,0,0,0,0),(2606,63,1,0,0,0,0),(2607,63,2,0,0,0,0),(2608,63,3,0,0,0,0),(2609,63,4,0,0,0,0),(2610,63,5,0,0,0,0),(2611,63,6,0,0,0,0),(2612,63,7,0,0,0,0),(2613,63,8,0,0,0,0),(2614,63,9,0,0,0,0),(2615,63,10,0,0,0,0),(2616,63,11,0,0,0,0),(2617,63,12,0,0,0,0),(2618,63,13,0,0,0,0),(2619,63,14,0,0,0,0),(2620,63,15,0,0,0,0),(2621,63,16,0,0,0,0),(2622,63,17,0,0,0,0),(2623,63,18,0,0,0,0),(2624,63,19,0,0,0,0),(2625,63,20,0,0,0,0),(2626,63,21,0,0,0,0),(2627,63,22,0,0,0,0),(2628,63,23,0,0,0,0),(2629,63,24,0,0,0,0),(2630,63,25,0,0,0,0),(2631,63,26,0,0,0,0),(2632,63,27,0,0,0,0),(2633,63,28,0,0,0,0),(2634,63,29,0,0,0,0),(2635,63,30,0,0,0,0),(2636,63,31,0,0,0,0),(2637,63,32,0,0,0,0),(2638,63,33,0,0,0,0),(2639,63,34,0,0,0,0),(2640,63,35,0,0,0,0),(2641,63,36,0,0,0,0),(2642,63,37,0,0,0,0),(2643,63,38,0,0,0,0),(2644,63,39,0,0,0,0),(2645,63,40,0,0,0,0),(2646,63,41,0,0,0,0),(2647,63,42,0,0,0,0),(2648,64,1,0,0,0,0),(2649,64,2,0,0,0,0),(2650,64,3,0,0,0,0),(2651,64,4,0,0,0,0),(2652,64,5,0,0,0,0),(2653,64,6,0,0,0,0),(2654,64,7,0,0,0,0),(2655,64,8,0,0,0,0),(2656,64,9,0,0,0,0),(2657,64,10,0,0,0,0),(2658,64,11,0,0,0,0),(2659,64,12,0,0,0,0),(2660,64,13,0,0,0,0),(2661,64,14,0,0,0,0),(2662,64,15,0,0,0,0),(2663,64,16,0,0,0,0),(2664,64,17,0,0,0,0),(2665,64,18,0,0,0,0),(2666,64,19,0,0,0,0),(2667,64,20,0,0,0,0),(2668,64,21,0,0,0,0),(2669,64,22,0,0,0,0),(2670,64,23,0,0,0,0),(2671,64,24,0,0,0,0),(2672,64,25,0,0,0,0),(2673,64,26,0,0,0,0),(2674,64,27,0,0,0,0),(2675,64,28,0,0,0,0),(2676,64,29,0,0,0,0),(2677,64,30,0,0,0,0),(2678,64,31,0,0,0,0),(2679,64,32,0,0,0,0),(2680,64,33,0,0,0,0),(2681,64,34,0,0,0,0),(2682,64,35,0,0,0,0),(2683,64,36,0,0,0,0),(2684,64,37,0,0,0,0),(2685,64,38,0,0,0,0),(2686,64,39,0,0,0,0),(2687,64,40,0,0,0,0),(2688,64,41,0,0,0,0),(2689,64,42,0,0,0,0),(2690,65,1,0,0,0,0),(2691,65,2,0,0,0,0),(2692,65,3,0,0,0,0),(2693,65,4,0,0,0,0),(2694,65,5,0,0,0,0),(2695,65,6,0,0,0,0),(2696,65,7,0,0,0,0),(2697,65,8,0,0,0,0),(2698,65,9,0,0,0,0),(2699,65,10,0,0,0,0),(2700,65,11,0,0,0,0),(2701,65,12,0,0,0,0),(2702,65,13,0,0,0,0),(2703,65,14,0,0,0,0),(2704,65,15,0,0,0,0),(2705,65,16,0,0,0,0),(2706,65,17,0,0,0,0),(2707,65,18,0,0,0,0),(2708,65,19,0,0,0,0),(2709,65,20,0,0,0,0),(2710,65,21,0,0,0,0),(2711,65,22,0,0,0,0),(2712,65,23,0,0,0,0),(2713,65,24,0,0,0,0),(2714,65,25,0,0,0,0),(2715,65,26,0,0,0,0),(2716,65,27,0,0,0,0),(2717,65,28,0,0,0,0),(2718,65,29,0,0,0,0),(2719,65,30,0,0,0,0),(2720,65,31,0,0,0,0),(2721,65,32,0,0,0,0),(2722,65,33,0,0,0,0),(2723,65,34,0,0,0,0),(2724,65,35,0,1,0,0),(2725,65,36,0,0,0,0),(2726,65,37,0,0,0,0),(2727,65,38,0,0,0,0),(2728,65,39,0,0,0,0),(2729,65,40,0,0,0,0),(2730,65,41,0,0,0,0),(2731,65,42,0,0,0,0),(2732,74,1,0,0,0,0),(2733,74,2,0,0,0,0),(2734,74,3,0,0,0,0),(2735,74,4,0,0,0,0),(2736,74,5,0,0,0,0),(2737,74,6,0,0,0,0),(2738,74,7,0,0,0,0),(2739,74,8,0,0,0,0),(2740,74,9,0,0,0,0),(2741,74,10,0,0,0,0),(2742,74,11,0,0,0,0),(2743,74,12,0,0,0,0),(2744,74,13,0,0,0,0),(2745,74,14,0,0,0,0),(2746,74,15,0,0,0,0),(2747,74,16,0,0,0,0),(2748,74,17,0,0,0,0),(2749,74,18,0,0,0,0),(2750,74,19,0,0,0,0),(2751,74,20,0,0,0,0),(2752,74,21,0,0,0,0),(2753,74,22,0,0,0,0),(2754,74,23,0,0,0,0),(2755,74,24,0,0,0,0),(2756,74,25,0,0,0,0),(2757,74,26,0,0,0,0),(2758,74,27,0,0,0,0),(2759,74,28,0,0,0,0),(2760,74,29,0,0,0,0),(2761,74,30,0,0,0,0),(2762,74,31,0,0,0,0),(2763,74,32,0,0,0,0),(2764,74,33,0,0,0,0),(2765,74,34,0,0,0,0),(2766,74,35,0,0,0,0),(2767,74,36,0,0,0,0),(2768,74,37,0,0,0,0),(2769,74,38,0,0,0,0),(2770,74,39,0,0,0,0),(2771,74,40,0,0,0,0),(2772,74,41,0,0,0,0),(2773,74,42,0,0,0,0),(2774,75,1,0,0,0,0),(2775,75,2,0,0,0,0),(2776,75,3,0,0,0,0),(2777,75,4,0,0,0,0),(2778,75,5,0,0,0,0),(2779,75,6,0,0,0,0),(2780,75,7,0,0,0,0),(2781,75,8,0,0,0,0),(2782,75,9,0,0,0,0),(2783,75,10,0,0,0,0),(2784,75,11,0,0,0,0),(2785,75,12,0,0,0,0),(2786,75,13,0,0,0,0),(2787,75,14,0,0,0,0),(2788,75,15,0,0,0,0),(2789,75,16,0,0,0,0),(2790,75,17,0,0,0,0),(2791,75,18,0,0,0,0),(2792,75,19,0,0,0,0),(2793,75,20,0,0,0,0),(2794,75,21,0,0,0,0),(2795,75,22,0,0,0,0),(2796,75,23,0,0,0,0),(2797,75,24,0,0,0,0),(2798,75,25,0,0,0,0),(2799,75,26,0,0,0,0),(2800,75,27,0,0,0,0),(2801,75,28,0,0,0,0),(2802,75,29,0,0,0,0),(2803,75,30,0,0,0,0),(2804,75,31,0,0,0,0),(2805,75,32,0,0,0,0),(2806,75,33,0,0,0,0),(2807,75,34,0,0,0,0),(2808,75,35,0,0,0,0),(2809,75,36,0,0,0,0),(2810,75,37,0,0,0,0),(2811,75,38,0,0,0,0),(2812,75,39,0,0,0,0),(2813,75,40,0,0,0,0),(2814,75,41,0,0,0,0),(2815,75,42,0,0,0,0),(2816,76,1,0,0,0,0),(2817,76,2,0,0,0,0),(2818,76,3,0,0,0,0),(2819,76,4,0,0,0,0),(2820,76,5,0,0,0,0),(2821,76,6,0,0,0,0),(2822,76,7,0,0,0,0),(2823,76,8,0,0,0,0),(2824,76,9,0,0,0,0),(2825,76,10,0,0,0,0),(2826,76,11,0,0,0,0),(2827,76,12,0,0,0,0),(2828,76,13,0,0,0,0),(2829,76,14,0,0,0,0),(2830,76,15,0,0,0,0),(2831,76,16,0,0,0,0),(2832,76,17,0,0,0,0),(2833,76,18,0,0,0,0),(2834,76,19,0,0,0,0),(2835,76,20,0,0,0,0),(2836,76,21,0,0,0,0),(2837,76,22,0,0,0,0),(2838,76,23,0,0,0,0),(2839,76,24,0,0,0,0),(2840,76,25,0,0,0,0),(2841,76,26,0,0,0,0),(2842,76,27,0,0,0,0),(2843,76,28,0,0,0,0),(2844,76,29,0,0,0,0),(2845,76,30,0,0,0,0),(2846,76,31,0,0,0,0),(2847,76,32,0,0,0,0),(2848,76,33,0,0,0,0),(2849,76,34,0,0,0,0),(2850,76,35,0,1,0,0),(2851,76,36,0,0,0,0),(2852,76,37,0,0,0,0),(2853,76,38,0,0,0,0),(2854,76,39,0,0,0,0),(2855,76,40,0,0,0,0),(2856,76,41,0,0,0,0),(2857,76,42,0,0,0,0),(2858,77,1,0,0,0,0),(2859,77,2,0,0,0,0),(2860,77,3,0,0,0,0),(2861,77,4,0,0,0,0),(2862,77,5,0,0,0,0),(2863,77,6,0,0,0,0),(2864,77,7,0,0,0,0),(2865,77,8,0,0,0,0),(2866,77,9,0,0,0,0),(2867,77,10,0,0,0,0),(2868,77,11,0,0,0,0),(2869,77,12,0,0,0,0),(2870,77,13,0,0,0,0),(2871,77,14,0,0,0,0),(2872,77,15,0,0,0,0),(2873,77,16,0,0,0,0),(2874,77,17,0,0,0,0),(2875,77,18,0,0,0,0),(2876,77,19,0,0,0,0),(2877,77,20,0,0,0,0),(2878,77,21,0,0,0,0),(2879,77,22,0,0,0,0),(2880,77,23,0,0,0,0),(2881,77,24,0,0,0,0),(2882,77,25,0,0,0,0),(2883,77,26,0,0,0,0),(2884,77,27,0,0,0,0),(2885,77,28,0,0,0,0),(2886,77,29,0,0,0,0),(2887,77,30,0,0,0,0),(2888,77,31,0,0,0,0),(2889,77,32,0,0,0,0),(2890,77,33,0,0,0,0),(2891,77,34,0,0,0,0),(2892,77,35,0,0,0,0),(2893,77,36,0,0,0,0),(2894,77,37,0,0,0,0),(2895,77,38,0,0,0,0),(2896,77,39,0,0,0,0),(2897,77,40,0,0,0,0),(2898,77,41,0,0,0,0),(2899,77,42,0,0,0,0),(2900,78,1,0,0,0,0),(2901,78,2,0,0,0,0),(2902,78,3,0,0,0,0),(2903,78,4,0,0,0,0),(2904,78,5,0,0,0,0),(2905,78,6,0,0,0,0),(2906,78,7,0,0,0,0),(2907,78,8,0,0,0,0),(2908,78,9,0,0,0,0),(2909,78,10,0,0,0,0),(2910,78,11,0,0,0,0),(2911,78,12,0,0,0,0),(2912,78,13,0,0,0,0),(2913,78,14,0,0,0,0),(2914,78,15,0,0,0,0),(2915,78,16,0,0,0,0),(2916,78,17,0,0,0,0),(2917,78,18,0,0,0,0),(2918,78,19,0,0,0,0),(2919,78,20,0,0,0,0),(2920,78,21,0,0,0,0),(2921,78,22,0,0,0,0),(2922,78,23,0,0,0,0),(2923,78,24,0,0,0,0),(2924,78,25,0,0,0,0),(2925,78,26,0,0,0,0),(2926,78,27,0,0,0,0),(2927,78,28,0,0,0,0),(2928,78,29,0,0,0,0),(2929,78,30,0,0,0,0),(2930,78,31,0,0,0,0),(2931,78,32,0,0,0,0),(2932,78,33,0,0,0,0),(2933,78,34,0,0,0,0),(2934,78,35,0,0,0,0),(2935,78,36,0,0,0,0),(2936,78,37,0,0,0,0),(2937,78,38,0,0,0,0),(2938,78,39,0,0,0,0),(2939,78,40,0,0,0,0),(2940,78,41,0,0,0,0),(2941,78,42,0,0,0,0),(2942,79,1,0,0,0,0),(2943,79,2,0,0,0,0),(2944,79,3,0,0,0,0),(2945,79,4,0,0,0,0),(2946,79,5,0,0,0,0),(2947,79,6,0,0,0,0),(2948,79,7,0,0,0,0),(2949,79,8,0,0,0,0),(2950,79,9,0,0,0,0),(2951,79,10,0,0,0,0),(2952,79,11,0,0,0,0),(2953,79,12,0,0,0,0),(2954,79,13,0,0,0,0),(2955,79,14,0,0,0,0),(2956,79,15,0,0,0,0),(2957,79,16,0,0,0,0),(2958,79,17,0,0,0,0),(2959,79,18,0,0,0,0),(2960,79,19,0,0,0,0),(2961,79,20,0,0,0,0),(2962,79,21,0,0,0,0),(2963,79,22,0,0,0,0),(2964,79,23,0,0,0,0),(2965,79,24,0,0,0,0),(2966,79,25,0,0,0,0),(2967,79,26,0,0,0,0),(2968,79,27,0,0,0,0),(2969,79,28,0,0,0,0),(2970,79,29,0,0,0,0),(2971,79,30,0,0,0,0),(2972,79,31,0,0,0,0),(2973,79,32,0,0,0,0),(2974,79,33,0,0,0,0),(2975,79,34,0,0,0,0),(2976,79,35,0,0,0,0),(2977,79,36,0,0,0,0),(2978,79,37,0,0,0,0),(2979,79,38,0,0,0,0),(2980,79,39,0,0,0,0),(2981,79,40,0,0,0,0),(2982,79,41,0,0,0,0),(2983,79,42,0,0,0,0),(2984,80,1,0,0,0,0),(2985,80,2,0,0,0,0),(2986,80,3,0,0,0,0),(2987,80,4,0,0,0,0),(2988,80,5,0,0,0,0),(2989,80,6,0,0,0,0),(2990,80,7,0,0,0,0),(2991,80,8,0,0,0,0),(2992,80,9,0,0,0,0),(2993,80,10,0,0,0,0),(2994,80,11,0,0,0,0),(2995,80,12,0,0,0,0),(2996,80,13,0,0,0,0),(2997,80,14,0,0,0,0),(2998,80,15,0,0,0,0),(2999,80,16,0,0,0,0),(3000,80,17,0,0,0,0),(3001,80,18,0,0,0,0),(3002,80,19,0,0,0,0),(3003,80,20,0,0,0,0),(3004,80,21,0,0,0,0),(3005,80,22,0,0,0,0),(3006,80,23,0,0,0,0),(3007,80,24,0,0,0,0),(3008,80,25,0,0,0,0),(3009,80,26,0,0,0,0),(3010,80,27,0,0,0,0),(3011,80,28,0,0,0,0),(3012,80,29,0,0,0,0),(3013,80,30,0,0,0,0),(3014,80,31,0,0,0,0),(3015,80,32,0,0,0,0),(3016,80,33,0,0,0,0),(3017,80,34,0,0,0,0),(3018,80,35,0,1,0,0),(3019,80,36,0,0,0,0),(3020,80,37,0,0,0,0),(3021,80,38,0,0,0,0),(3022,80,39,0,0,0,0),(3023,80,40,0,0,0,0),(3024,80,41,0,0,0,0),(3025,80,42,0,0,0,0),(3026,94,1,0,0,0,0),(3027,94,2,0,0,0,0),(3028,94,3,0,1,0,0),(3029,94,4,0,1,0,0),(3030,94,5,0,1,0,0),(3031,94,6,0,1,0,0),(3032,94,7,0,1,0,0),(3033,94,8,0,1,0,0),(3034,94,9,0,1,0,0),(3035,94,10,0,1,0,0),(3036,94,11,0,1,0,0),(3037,94,12,0,1,0,0),(3038,94,13,0,1,0,0),(3039,94,14,0,1,0,0),(3040,94,15,0,1,0,0),(3041,94,16,0,0,0,0),(3042,94,17,0,1,0,0),(3043,94,18,0,1,0,0),(3044,94,19,0,1,0,0),(3045,94,20,0,1,0,0),(3046,94,21,0,1,0,0),(3047,94,22,0,1,0,0),(3048,94,23,0,1,0,0),(3049,94,24,0,1,0,0),(3050,94,25,0,1,0,0),(3051,94,26,0,1,0,0),(3052,94,27,0,1,0,0),(3053,94,28,0,1,0,0),(3054,94,29,0,1,0,0),(3055,94,30,0,1,0,0),(3056,94,31,0,1,0,0),(3057,94,32,0,1,0,0),(3058,94,33,0,1,0,0),(3059,94,34,0,1,0,0),(3060,94,35,0,1,0,0),(3061,94,36,0,1,0,0),(3062,94,37,0,1,0,0),(3063,94,38,0,1,0,0),(3064,94,39,0,1,0,0),(3065,94,40,0,1,0,0),(3066,94,41,0,1,0,0),(3067,94,42,0,1,0,0),(3068,81,1,0,0,0,0),(3069,81,2,0,1,0,0),(3070,81,3,0,0,0,0),(3071,81,4,0,0,0,0),(3072,81,5,0,0,0,0),(3073,81,6,0,0,0,0),(3074,81,7,0,0,0,0),(3075,81,8,0,0,0,0),(3076,81,9,0,0,0,0),(3077,81,10,0,0,0,0),(3078,81,11,0,0,0,0),(3079,81,12,0,0,0,0),(3080,81,13,0,0,0,0),(3081,81,14,0,0,0,0),(3082,81,15,0,0,0,0),(3083,81,16,0,0,0,0),(3084,81,17,0,0,0,0),(3085,81,18,0,0,0,0),(3086,81,19,0,0,0,0),(3087,81,20,0,0,0,0),(3088,81,21,0,0,0,0),(3089,81,22,0,0,0,0),(3090,81,23,0,0,0,0),(3091,81,24,0,0,0,0),(3092,81,25,0,0,0,0),(3093,81,26,0,0,0,0),(3094,81,27,0,0,0,0),(3095,81,28,0,0,0,0),(3096,81,29,0,0,0,0),(3097,81,30,0,0,0,0),(3098,81,31,0,0,0,0),(3099,81,32,0,0,0,0),(3100,81,33,0,0,0,0),(3101,81,34,0,0,0,0),(3102,81,35,0,0,0,0),(3103,81,36,0,0,0,0),(3104,81,37,0,0,0,0),(3105,81,38,0,0,0,0),(3106,81,39,0,0,0,0),(3107,81,40,0,0,0,0),(3108,81,41,0,0,0,0),(3109,81,42,0,0,0,0),(3110,82,1,0,0,0,0),(3111,82,2,0,1,0,0),(3112,82,3,0,0,0,0),(3113,82,4,0,0,0,0),(3114,82,5,0,0,0,0),(3115,82,6,0,0,0,0),(3116,82,7,0,0,0,0),(3117,82,8,0,0,0,0),(3118,82,9,0,0,0,0),(3119,82,10,0,0,0,0),(3120,82,11,0,0,0,0),(3121,82,12,0,0,0,0),(3122,82,13,0,0,0,0),(3123,82,14,0,0,0,0),(3124,82,15,0,0,0,0),(3125,82,16,0,0,0,0),(3126,82,17,0,0,0,0),(3127,82,18,0,0,0,0),(3128,82,19,0,0,0,0),(3129,82,20,0,0,0,0),(3130,82,21,0,0,0,0),(3131,82,22,0,0,0,0),(3132,82,23,0,0,0,0),(3133,82,24,0,0,0,0),(3134,82,25,0,0,0,0),(3135,82,26,0,0,0,0),(3136,82,27,0,0,0,0),(3137,82,28,0,0,0,0),(3138,82,29,0,0,0,0),(3139,82,30,0,0,0,0),(3140,82,31,0,0,0,0),(3141,82,32,0,0,0,0),(3142,82,33,0,0,0,0),(3143,82,34,0,0,0,0),(3144,82,35,0,0,0,0),(3145,82,36,0,0,0,0),(3146,82,37,0,0,0,0),(3147,82,38,0,0,0,0),(3148,82,39,0,0,0,0),(3149,82,40,0,0,0,0),(3150,82,41,0,0,0,0),(3151,82,42,0,0,0,0),(3194,84,1,0,0,0,0),(3195,84,2,0,1,0,0),(3196,84,3,0,0,0,0),(3197,84,4,0,0,0,0),(3198,84,5,0,0,0,0),(3199,84,6,0,0,0,0),(3200,84,7,0,0,0,0),(3201,84,8,0,0,0,0),(3202,84,9,0,0,0,0),(3203,84,10,0,0,0,0),(3204,84,11,0,0,0,0),(3205,84,12,0,0,0,0),(3206,84,13,0,0,0,0),(3207,84,14,0,0,0,0),(3208,84,15,0,0,0,0),(3209,84,16,0,0,0,0),(3210,84,17,0,0,0,0),(3211,84,18,0,0,0,0),(3212,84,19,0,0,0,0),(3213,84,20,0,0,0,0),(3214,84,21,0,0,0,0),(3215,84,22,0,0,0,0),(3216,84,23,0,0,0,0),(3217,84,24,0,0,0,0),(3218,84,25,0,0,0,0),(3219,84,26,0,0,0,0),(3220,84,27,0,0,0,0),(3221,84,28,0,0,0,0),(3222,84,29,0,0,0,0),(3223,84,30,0,0,0,0),(3224,84,31,0,0,0,0),(3225,84,32,0,0,0,0),(3226,84,33,0,0,0,0),(3227,84,34,0,0,0,0),(3228,84,35,0,0,0,0),(3229,84,36,0,0,0,0),(3230,84,37,0,0,0,0),(3231,84,38,0,0,0,0),(3232,84,39,0,0,0,0),(3233,84,40,0,0,0,0),(3234,84,41,0,0,0,0),(3235,84,42,0,0,0,0),(3236,85,1,0,0,0,0),(3237,85,2,0,1,0,0),(3238,85,3,0,0,0,0),(3239,85,4,0,0,0,0),(3240,85,5,0,0,0,0),(3241,85,6,0,0,0,0),(3242,85,7,0,0,0,0),(3243,85,8,0,0,0,0),(3244,85,9,0,0,0,0),(3245,85,10,0,0,0,0),(3246,85,11,0,0,0,0),(3247,85,12,0,0,0,0),(3248,85,13,0,0,0,0),(3249,85,14,0,0,0,0),(3250,85,15,0,0,0,0),(3251,85,16,0,0,0,0),(3252,85,17,0,0,0,0),(3253,85,18,0,0,0,0),(3254,85,19,0,0,0,0),(3255,85,20,0,0,0,0),(3256,85,21,0,0,0,0),(3257,85,22,0,0,0,0),(3258,85,23,0,0,0,0),(3259,85,24,0,0,0,0),(3260,85,25,0,0,0,0),(3261,85,26,0,0,0,0),(3262,85,27,0,0,0,0),(3263,85,28,0,0,0,0),(3264,85,29,0,0,0,0),(3265,85,30,0,0,0,0),(3266,85,31,0,0,0,0),(3267,85,32,0,0,0,0),(3268,85,33,0,0,0,0),(3269,85,34,0,0,0,0),(3270,85,35,0,0,0,0),(3271,85,36,0,0,0,0),(3272,85,37,0,0,0,0),(3273,85,38,0,0,0,0),(3274,85,39,0,0,0,0),(3275,85,40,0,0,0,0),(3276,85,41,0,0,0,0),(3277,85,42,0,0,0,0),(3278,86,1,0,0,0,0),(3279,86,2,0,1,0,0),(3280,86,3,0,0,0,0),(3281,86,4,0,0,0,0),(3282,86,5,0,0,0,0),(3283,86,6,0,0,0,0),(3284,86,7,0,0,0,0),(3285,86,8,0,0,0,0),(3286,86,9,0,0,0,0),(3287,86,10,0,0,0,0),(3288,86,11,0,0,0,0),(3289,86,12,0,0,0,0),(3290,86,13,0,0,0,0),(3291,86,14,0,0,0,0),(3292,86,15,0,0,0,0),(3293,86,16,0,0,0,0),(3294,86,17,0,0,0,0),(3295,86,18,0,0,0,0),(3296,86,19,0,0,0,0),(3297,86,20,0,0,0,0),(3298,86,21,0,0,0,0),(3299,86,22,0,0,0,0),(3300,86,23,0,0,0,0),(3301,86,24,0,0,0,0),(3302,86,25,0,0,0,0),(3303,86,26,0,0,0,0),(3304,86,27,0,0,0,0),(3305,86,28,0,0,0,0),(3306,86,29,0,0,0,0),(3307,86,30,0,0,0,0),(3308,86,31,0,0,0,0),(3309,86,32,0,0,0,0),(3310,86,33,0,0,0,0),(3311,86,34,0,0,0,0),(3312,86,35,0,0,0,0),(3313,86,36,0,0,0,0),(3314,86,37,0,0,0,0),(3315,86,38,0,0,0,0),(3316,86,39,0,0,0,0),(3317,86,40,0,0,0,0),(3318,86,41,0,0,0,0),(3319,86,42,0,0,0,0),(3320,87,1,0,0,0,0),(3321,87,2,0,1,0,0),(3322,87,3,0,0,0,0),(3323,87,4,0,0,0,0),(3324,87,5,0,0,0,0),(3325,87,6,0,0,0,0),(3326,87,7,0,0,0,0),(3327,87,8,0,0,0,0),(3328,87,9,0,0,0,0),(3329,87,10,0,0,0,0),(3330,87,11,0,0,0,0),(3331,87,12,0,0,0,0),(3332,87,13,0,0,0,0),(3333,87,14,0,0,0,0),(3334,87,15,0,0,0,0),(3335,87,16,0,0,0,0),(3336,87,17,0,0,0,0),(3337,87,18,0,0,0,0),(3338,87,19,0,0,0,0),(3339,87,20,0,0,0,0),(3340,87,21,0,0,0,0),(3341,87,22,0,0,0,0),(3342,87,23,0,0,0,0),(3343,87,24,0,0,0,0),(3344,87,25,0,0,0,0),(3345,87,26,0,0,0,0),(3346,87,27,0,0,0,0),(3347,87,28,0,0,0,0),(3348,87,29,0,0,0,0),(3349,87,30,0,0,0,0),(3350,87,31,0,0,0,0),(3351,87,32,0,0,0,0),(3352,87,33,0,0,0,0),(3353,87,34,0,0,0,0),(3354,87,35,0,0,0,0),(3355,87,36,0,0,0,0),(3356,87,37,0,0,0,0),(3357,87,38,0,0,0,0),(3358,87,39,0,0,0,0),(3359,87,40,0,0,0,0),(3360,87,41,0,0,0,0),(3361,87,42,0,0,0,0),(3362,88,1,1,1,1,1),(3363,88,2,1,1,1,1),(3364,88,3,1,1,1,1),(3365,88,4,1,1,1,1),(3366,88,5,1,1,1,1),(3367,88,6,1,1,1,1),(3368,88,7,1,1,1,1),(3369,88,8,1,1,1,1),(3370,88,9,1,1,1,1),(3371,88,10,1,1,1,1),(3372,88,11,1,1,1,1),(3373,88,12,1,1,1,1),(3374,88,13,1,1,1,1),(3375,88,14,1,1,1,1),(3376,88,15,1,1,1,1),(3377,88,16,1,1,1,1),(3378,88,17,1,1,1,1),(3379,88,18,1,1,1,1),(3380,88,19,1,1,1,1),(3381,88,20,1,1,1,1),(3382,88,21,1,1,1,1),(3383,88,22,1,1,1,1),(3384,88,23,1,1,1,1),(3385,88,24,1,1,1,1),(3386,88,25,1,1,1,1),(3387,88,26,1,1,1,1),(3388,88,27,1,1,1,1),(3389,88,28,1,1,1,1),(3390,88,29,1,1,1,1),(3391,88,30,1,1,1,1),(3392,88,31,1,1,1,1),(3393,88,32,1,1,1,1),(3394,88,33,1,1,1,1),(3395,88,34,1,1,1,1),(3396,88,35,1,1,1,1),(3397,88,36,1,1,1,1),(3398,88,37,1,1,1,1),(3399,88,38,1,1,1,1),(3400,88,39,1,1,1,1),(3401,88,40,1,1,1,1),(3402,88,41,1,1,1,1),(3403,88,42,1,1,1,1),(3404,89,1,0,0,0,0),(3405,89,2,0,1,0,0),(3406,89,3,0,0,0,0),(3407,89,4,0,0,0,0),(3408,89,5,0,0,0,0),(3409,89,6,0,0,0,0),(3410,89,7,0,0,0,0),(3411,89,8,0,0,0,0),(3412,89,9,0,0,0,0),(3413,89,10,0,0,0,0),(3414,89,11,0,0,0,0),(3415,89,12,0,0,0,0),(3416,89,13,0,0,0,0),(3417,89,14,0,0,0,0),(3418,89,15,0,0,0,0),(3419,89,16,0,0,0,0),(3420,89,17,0,0,0,0),(3421,89,18,0,0,0,0),(3422,89,19,0,0,0,0),(3423,89,20,0,0,0,0),(3424,89,21,0,0,0,0),(3425,89,22,0,0,0,0),(3426,89,23,0,0,0,0),(3427,89,24,0,0,0,0),(3428,89,25,0,0,0,0),(3429,89,26,0,0,0,0),(3430,89,27,0,0,0,0),(3431,89,28,0,0,0,0),(3432,89,29,0,0,0,0),(3433,89,30,0,0,0,0),(3434,89,31,0,0,0,0),(3435,89,32,0,0,0,0),(3436,89,33,0,0,0,0),(3437,89,34,0,0,0,0),(3438,89,35,0,0,0,0),(3439,89,36,0,0,0,0),(3440,89,37,0,0,0,0),(3441,89,38,0,0,0,0),(3442,89,39,0,0,0,0),(3443,89,40,0,0,0,0),(3444,89,41,0,0,0,0),(3445,89,42,0,0,0,0),(3446,90,1,0,0,0,0),(3447,90,2,0,1,0,0),(3448,90,3,0,0,0,0),(3449,90,4,0,0,0,0),(3450,90,5,0,0,0,0),(3451,90,6,0,0,0,0),(3452,90,7,0,0,0,0),(3453,90,8,0,0,0,0),(3454,90,9,0,0,0,0),(3455,90,10,0,0,0,0),(3456,90,11,0,0,0,0),(3457,90,12,0,0,0,0),(3458,90,13,0,0,0,0),(3459,90,14,0,0,0,0),(3460,90,15,0,0,0,0),(3461,90,16,0,0,0,0),(3462,90,17,0,0,0,0),(3463,90,18,0,0,0,0),(3464,90,19,0,0,0,0),(3465,90,20,0,0,0,0),(3466,90,21,0,0,0,0),(3467,90,22,0,0,0,0),(3468,90,23,0,0,0,0),(3469,90,24,0,0,0,0),(3470,90,25,0,0,0,0),(3471,90,26,0,0,0,0),(3472,90,27,0,0,0,0),(3473,90,28,0,0,0,0),(3474,90,29,0,0,0,0),(3475,90,30,0,0,0,0),(3476,90,31,0,0,0,0),(3477,90,32,0,0,0,0),(3478,90,33,0,0,0,0),(3479,90,34,0,0,0,0),(3480,90,35,0,0,0,0),(3481,90,36,0,0,0,0),(3482,90,37,0,0,0,0),(3483,90,38,0,0,0,0),(3484,90,39,0,0,0,0),(3485,90,40,0,0,0,0),(3486,90,41,0,0,0,0),(3487,90,42,0,0,0,0),(3488,91,1,0,0,0,0),(3489,91,2,0,1,0,0),(3490,91,3,0,0,0,0),(3491,91,4,0,0,0,0),(3492,91,5,0,0,0,0),(3493,91,6,0,0,0,0),(3494,91,7,0,0,0,0),(3495,91,8,0,0,0,0),(3496,91,9,0,0,0,0),(3497,91,10,0,0,0,0),(3498,91,11,0,0,0,0),(3499,91,12,0,0,0,0),(3500,91,13,0,0,0,0),(3501,91,14,0,0,0,0),(3502,91,15,0,0,0,0),(3503,91,16,0,0,0,0),(3504,91,17,0,0,0,0),(3505,91,18,0,0,0,0),(3506,91,19,0,0,0,0),(3507,91,20,0,0,0,0),(3508,91,21,0,0,0,0),(3509,91,22,0,0,0,0),(3510,91,23,0,0,0,0),(3511,91,24,0,0,0,0),(3512,91,25,0,0,0,0),(3513,91,26,0,0,0,0),(3514,91,27,0,0,0,0),(3515,91,28,0,0,0,0),(3516,91,29,0,0,0,0),(3517,91,30,0,0,0,0),(3518,91,31,0,0,0,0),(3519,91,32,0,0,0,0),(3520,91,33,0,0,0,0),(3521,91,34,0,0,0,0),(3522,91,35,0,0,0,0),(3523,91,36,0,0,0,0),(3524,91,37,0,0,0,0),(3525,91,38,0,0,0,0),(3526,91,39,0,0,0,0),(3527,91,40,0,0,0,0),(3528,91,41,0,0,0,0),(3529,91,42,0,0,0,0),(3530,92,1,0,0,0,0),(3531,92,2,0,1,0,0),(3532,92,3,0,0,0,0),(3533,92,4,0,0,0,0),(3534,92,5,0,0,0,0),(3535,92,6,0,0,0,0),(3536,92,7,0,0,0,0),(3537,92,8,0,0,0,0),(3538,92,9,0,0,0,0),(3539,92,10,0,0,0,0),(3540,92,11,0,0,0,0),(3541,92,12,0,0,0,0),(3542,92,13,0,0,0,0),(3543,92,14,0,0,0,0),(3544,92,15,0,0,0,0),(3545,92,16,0,0,0,0),(3546,92,17,0,0,0,0),(3547,92,18,0,0,0,0),(3548,92,19,0,0,0,0),(3549,92,20,0,0,0,0),(3550,92,21,0,0,0,0),(3551,92,22,0,0,0,0),(3552,92,23,0,0,0,0),(3553,92,24,0,0,0,0),(3554,92,25,0,0,0,0),(3555,92,26,0,0,0,0),(3556,92,27,0,0,0,0),(3557,92,28,0,0,0,0),(3558,92,29,0,0,0,0),(3559,92,30,0,0,0,0),(3560,92,31,0,0,0,0),(3561,92,32,0,0,0,0),(3562,92,33,0,0,0,0),(3563,92,34,0,0,0,0),(3564,92,35,0,0,0,0),(3565,92,36,0,0,0,0),(3566,92,37,0,0,0,0),(3567,92,38,0,0,0,0),(3568,92,39,0,0,0,0),(3569,92,40,0,0,0,0),(3570,92,41,0,0,0,0),(3571,92,42,0,0,0,0),(3572,93,1,0,0,0,0),(3573,93,2,0,1,0,0),(3574,93,3,0,0,0,0),(3575,93,4,0,0,0,0),(3576,93,5,0,0,0,0),(3577,93,6,0,0,0,0),(3578,93,7,0,0,0,0),(3579,93,8,0,0,0,0),(3580,93,9,0,0,0,0),(3581,93,10,0,0,0,0),(3582,93,11,0,0,0,0),(3583,93,12,0,0,0,0),(3584,93,13,0,0,0,0),(3585,93,14,0,0,0,0),(3586,93,15,0,0,0,0),(3587,93,16,0,0,0,0),(3588,93,17,0,0,0,0),(3589,93,18,0,0,0,0),(3590,93,19,0,0,0,0),(3591,93,20,0,0,0,0),(3592,93,21,0,0,0,0),(3593,93,22,0,0,0,0),(3594,93,23,0,0,0,0),(3595,93,24,0,0,0,0),(3596,93,25,0,0,0,0),(3597,93,26,0,0,0,0),(3598,93,27,0,0,0,0),(3599,93,28,0,0,0,0),(3600,93,29,0,0,0,0),(3601,93,30,0,0,0,0),(3602,93,31,0,0,0,0),(3603,93,32,0,0,0,0),(3604,93,33,0,0,0,0),(3605,93,34,0,0,0,0),(3606,93,35,0,0,0,0),(3607,93,36,0,0,0,0),(3608,93,37,0,0,0,0),(3609,93,38,0,0,0,0),(3610,93,39,0,0,0,0),(3611,93,40,0,0,0,0),(3612,93,41,0,0,0,0),(3613,93,42,0,0,0,0),(3614,17,35,0,1,0,0),(3615,28,43,1,1,1,1),(3616,37,43,1,1,1,1),(3617,33,43,1,1,1,1),(3618,37,44,1,1,1,1),(3619,28,44,1,1,1,1),(3620,33,44,1,1,1,1),(3621,94,43,1,1,1,1),(3622,94,44,1,1,1,1),(3623,96,1,0,1,0,0),(3624,96,2,0,1,0,0),(3625,96,2,0,1,0,0),(3626,96,3,1,1,1,1),(3627,96,4,0,1,0,0),(3628,96,5,0,1,0,0),(3629,96,6,0,1,0,0),(3630,96,7,1,1,1,1),(3631,96,8,0,1,0,0),(3632,96,9,0,1,0,0),(3633,96,10,0,1,0,0),(3634,96,11,0,1,0,0),(3635,96,12,0,1,0,0),(3636,96,13,0,1,0,0),(3637,96,14,0,1,0,0),(3638,96,15,1,1,1,1),(3639,96,16,1,1,1,1),(3640,96,17,1,1,1,1),(3641,96,18,0,1,0,0),(3642,96,19,0,1,0,0),(3643,96,20,0,1,0,0),(3644,96,21,0,1,0,0),(3645,96,22,0,1,0,0),(3646,96,23,0,1,0,0),(3647,96,24,0,1,0,0),(3648,96,25,0,1,0,0),(3649,96,26,0,1,0,0),(3650,96,27,0,1,0,0),(3651,96,28,0,1,0,0),(3652,96,29,0,1,0,0),(3653,96,30,0,1,0,0),(3654,96,31,0,1,0,0),(3655,96,32,0,1,0,0),(3656,96,33,0,1,0,0),(3657,96,34,0,1,0,0),(3658,96,35,0,1,0,0),(3659,96,36,0,1,0,0),(3660,96,37,0,1,0,0),(3661,96,38,0,1,0,0),(3662,96,39,0,1,0,0),(3663,96,40,0,1,0,0),(3664,96,41,0,1,0,0),(3665,96,42,0,1,0,0),(3666,96,43,0,1,0,0),(3667,96,44,0,1,0,0);
/*!40000 ALTER TABLE `tbl_RBAC` ENABLE KEYS */;
UNLOCK TABLES;

--
-- Table structure for table `tbl_RBAC_modules`
--

DROP TABLE IF EXISTS `tbl_RBAC_modules`;
/*!40101 SET @saved_cs_client     = @@character_set_client */;
 SET character_set_client = utf8mb4 ;
CREATE TABLE `tbl_RBAC_modules` (
  `ccn_rbac_module` int NOT NULL AUTO_INCREMENT,
  `rbac_module` varchar(100) DEFAULT NULL,
  PRIMARY KEY (`ccn_rbac_module`)
) ENGINE=InnoDB AUTO_INCREMENT=45 DEFAULT CHARSET=utf8mb4 COLLATE=utf8mb4_0900_ai_ci;
/*!40101 SET character_set_client = @saved_cs_client */;

--
-- Dumping data for table `tbl_RBAC_modules`
--

LOCK TABLES `tbl_RBAC_modules` WRITE;
/*!40000 ALTER TABLE `tbl_RBAC_modules` DISABLE KEYS */;
INSERT INTO `tbl_RBAC_modules` VALUES (1,'Panel de Administracion'),(2,'Home'),(3,'Datos Basicos Empleados'),(4,'Administradora Aportes Parafiscales'),(5,'Administradoras Fondos Pensiones'),(6,'Entidad Prestadora de Salud'),(7,'Adminsitradoras Riesgos Laborales'),(8,'Cajas de Compensacion Familiar'),(9,'Seguridad Social'),(10,'Condiciones de Salud'),(11,'Datos Demograficos'),(12,'RH'),(13,'Raza'),(14,'Roles'),(15,'Ciudades'),(16,'DASHBOARD RRHH'),(17,'Tipo Identificacion'),(18,'Datos Sociodemograficos'),(19,'Turnos de Trabajo'),(20,'Rango de Edad'),(21,'Paises'),(22,'Vinculacion Laboral'),(23,'Tipo de Vivienda'),(24,'Datos Contacotos de Emergencia'),(25,'Departamentos'),(26,'Nivel de Escolaridad'),(27,'Tipo de Afiliacion'),(28,'Genero'),(29,'Subtipo de Vivienda'),(30,'Tipo de Contribuidor'),(31,'Estado Civil'),(32,'Tipo de Vinculacion'),(33,'Evaluacion de Desempeo'),(34,'Listar Evaluacion de Desempeo'),(35,'Detalle Evaluacion de Desempeo'),(36,'Contacto de Emergencia'),(37,'Nucleo Familiar'),(38,'Estado de Salud'),(39,'Tipo de Identificacion'),(40,'Hoja de Vida'),(41,'Dashboard Principal'),(42,'Dashboard Evaluacion de Desempeo'),(43,'Evaluacion periodo de prueba'),(44,'Tareas RRHH');
/*!40000 ALTER TABLE `tbl_RBAC_modules` ENABLE KEYS */;
UNLOCK TABLES;

--
-- Table structure for table `tbl_aap`
--

DROP TABLE IF EXISTS `tbl_aap`;
/*!40101 SET @saved_cs_client     = @@character_set_client */;
 SET character_set_client = utf8mb4 ;
CREATE TABLE `tbl_aap` (
  `ccn_aap` int NOT NULL AUTO_INCREMENT,
  `code_aap` varchar(40) NOT NULL,
  `nit_aap` varchar(20) NOT NULL,
  `dig_ver` int DEFAULT NULL,
  `description_aap` varchar(100) NOT NULL,
  PRIMARY KEY (`ccn_aap`)
) ENGINE=InnoDB AUTO_INCREMENT=10 DEFAULT CHARSET=utf8mb4 COLLATE=utf8mb4_0900_ai_ci;
/*!40101 SET character_set_client = @saved_cs_client */;

--
-- Dumping data for table `tbl_aap`
--

LOCK TABLES `tbl_aap` WRITE;
/*!40000 ALTER TABLE `tbl_aap` DISABLE KEYS */;
INSERT INTO `tbl_aap` VALUES (5,'PAESAP','899999054',7,'ESCUELA SUPERIOR DE ADMINISTRACIN PUBLICA'),(6,'PAICBF','899999239',2,'INSTITUTO COLOMBIANO DE BIENESTAR FAMILIAR'),(7,'PAMIED','899999001',7,'MINISTERIO DE EDUCACIN NACIONAL'),(8,'PASENA','899999034',1,'SERVICIO NACIONAL DE APRENDIZAJE SENA'),(9,'XXXX','XXXX',0,'N/A');
/*!40000 ALTER TABLE `tbl_aap` ENABLE KEYS */;
UNLOCK TABLES;

--
-- Table structure for table `tbl_administrative_performance_evaluation`
--

DROP TABLE IF EXISTS `tbl_administrative_performance_evaluation`;
/*!40101 SET @saved_cs_client     = @@character_set_client */;
 SET character_set_client = utf8mb4 ;
CREATE TABLE `tbl_administrative_performance_evaluation` (
  `ccn_administrative_performance_evaluation` int NOT NULL AUTO_INCREMENT,
  `ccn_performance_evaluation` int DEFAULT NULL,
  `ccn_employee` int DEFAULT NULL,
  `engagement_or_productivity` varchar(10) DEFAULT NULL,
  `communication_skills` varchar(10) DEFAULT NULL,
  `adaptation_to_change` varchar(10) DEFAULT NULL,
  `customer_orientation` varchar(10) DEFAULT NULL,
  `innovation` varchar(10) DEFAULT NULL,
  `professional_rigor` varchar(10) DEFAULT NULL,
  `problem_resolution` varchar(10) DEFAULT NULL,
  `leadership` varchar(10) DEFAULT NULL,
  `organization` varchar(10) DEFAULT NULL,
  `overall_score` int DEFAULT NULL,
  `level_value` varchar(50) DEFAULT NULL,
  `employee_response` varchar(900) DEFAULT NULL,
  `first_action_plan` varchar(50) DEFAULT NULL,
  `first_action_plan_date` varchar(10) DEFAULT NULL,
  `first_period_of_execution` varchar(100) DEFAULT NULL,
  `second_action_plan` varchar(50) DEFAULT NULL,
  `second_action_plan_date` varchar(10) DEFAULT NULL,
  `second_period_of_execution` varchar(100) DEFAULT NULL,
  `third_action_plan` varchar(50) DEFAULT NULL,
  `third_action_plan_date` varchar(10) DEFAULT NULL,
  `third_period_of_execution` varchar(100) DEFAULT NULL,
  `immediate_boss_observation` varchar(1100) DEFAULT NULL,
  `manager_response` varchar(900) DEFAULT NULL,
  `manager_approval` tinyint(1) DEFAULT NULL,
  `employee_approval` tinyint(1) DEFAULT NULL,
  PRIMARY KEY (`ccn_administrative_performance_evaluation`),
  KEY `ccn_employee` (`ccn_employee`),
  KEY `ccn_performance_evaluation` (`ccn_performance_evaluation`),
  CONSTRAINT `tbl_administrative_performance_evaluation_ibfk_1` FOREIGN KEY (`ccn_employee`) REFERENCES `tbl_employment_relationship` (`ccn_employee`),
  CONSTRAINT `tbl_administrative_performance_evaluation_ibfk_2` FOREIGN KEY (`ccn_performance_evaluation`) REFERENCES `tbl_performance_evaluation` (`ccn_performance_evaluation`)
) ENGINE=InnoDB AUTO_INCREMENT=66 DEFAULT CHARSET=utf8mb4 COLLATE=utf8mb4_0900_ai_ci;
/*!40101 SET character_set_client = @saved_cs_client */;

--
-- Dumping data for table `tbl_administrative_performance_evaluation`
--

LOCK TABLES `tbl_administrative_performance_evaluation` WRITE;
/*!40000 ALTER TABLE `tbl_administrative_performance_evaluation` DISABLE KEYS */;
INSERT INTO `tbl_administrative_performance_evaluation` VALUES (1,1,31,'80','80','100','100','80','80','80','50','100',750,'83.33333333333333','Agradezco la calificacin, me parece acertada e intentare hacer lo posible por mejorar en mi liderazgo ya que tengo la certeza que ayudara a mi completa formacin laboral','Formacion','3',NULL,'Promocion','4',NULL,'','0',NULL,'El personal evaluado tiene una gran actitud frente a sus labores, con una gran capacidad de adaptacin y de formacin autnoma, para el proceso de formacin se recomienda que la empresa brinde oferta formativa en areas como la atencin al cliente y a nivel tcnico se recomienda cursos de desarrollo.\nCon respecto a la promocin, el brindar el reconocimiento de su trabajo acompaado de incentivos econmicos seria determinante para el desempeo y motivacin del colaborador.','El colaborador ha tenido un gran crecimiento como profesional y se ha vuelto una pieza fundamental para el equipo.',1,NULL),(2,2,1,'80','80','50','50','25','50','0','25','80',440,'48.888888888888886','Cumplo con las labores que se me han asignado, tengo buena relacin con el personal, apoyo en actividades. Continuacin de mi carrera de Ingeniera Informtica. ','Formacion','3',NULL,'Supervision','4',NULL,'','0',NULL,'in hacia los dems compaeros.\nPara el segundo semestre del 2023 estaremos reforzando competencias como la innovacin y ampliando su participacin en adminsitracin de Apps On-premise.',NULL,1,NULL),(3,3,1,'80','50','80','50','25','50','0','25','80',440,'48.888888888888886','En mi paso por plena, primeramente dar gracias por las oportunidades brindadas durante los ltimos aos.\nLaboralmente he aprendido mucho siento que de alguna manera he podido aportar mi conocimiento dentro del proceso que manejamos de igual manera la compaa me a permitido seguir creciendo como persona y como profesional, soy consiente que puedo entregar mas de mi parte que puedo con los retos que me pongan quiero seguir aprendiendo y explotar al mximo mis habilidades para salir de mi zona de confort hay nuevos caminos dentro de la compaa y los quiero tomar. Gracias ','Supervision','4',NULL,'Formacion','3',NULL,'','0',NULL,'La evaluacin de competencia de Andrea corresponde a un corto periodo desde que he sido su superior, donde se ha adaptado a los cambios generados en el rea de IT, en general su desempeo ha sido bueno, destacando su compromiso para tener al da los sistemas del MIIC y MJ.\nPara el segundo semestre del 2023 reforzaremos competencias como la innovacin, Orientacin al cliente, habilidades de comunicacin, ampliando su participacin en los proyectos de IT.',NULL,1,NULL),(4,11,3,'100','50','80','80','50','100','0','80','100',640,'71.11111111111111',NULL,NULL,NULL,NULL,NULL,NULL,NULL,NULL,NULL,NULL,NULL,NULL,1,NULL),(5,12,3,'100','80','80','100','80','80','80','80','50',730,'81.11111111111111','Buenos das.\nGracias por la evaluacin, desde mis actividades mejorare las habilidades con menor puntaje y seguir fortaleciendo las habilidades altas en pro de tener un buen desempeo y poder destacar el nivel personal y grupal del rea H&S.','Formacion','3',NULL,'Supervision','2',NULL,'','0',NULL,'Supervicin en la organizacin y ejecucin de actividades en el rea de H&S\nFormacin en herramientas para desarrollo de liderazgo.',NULL,1,NULL),(6,14,11,'80','50','80','80','80','50','80','80','80',660,'73.33333333333333','Considero que mi desempeo en la empresa desde mi ingreso, ha sido sobresaliente, siempre he cumplido con las tareas que se me han sido designadas sin falla alguna, no he tenido llamados de atencin siempre he cumplido con mi horario laboral y sin faltas. ','Supervision','4',NULL,'','0',NULL,'','0',NULL,'Se realizara una supervision a las actividades de apoyo a la operacion, revisando la respuesta a los correos de solicitud de ingreso y verificaciones de aprobacion.',NULL,1,NULL),(7,15,21,'100','50','80','80','100','80','80','80','80',730,'81.11111111111111','Mi trabajo se ha caracterizado por el compromiso y dedicacin que le he dado a cada una de las funciones que me han asignado durante los mas de 4 aos que llevo en la compaa, tambin por ser proactiva en las actividades complementarias que se derivan de nuestras actividades como lo son las auditorias externas e internas y el equipo de brigadistas, como individuo y como parte de un equipo siento que hemos progresado en algunas habilidades blandas, entendiendo que el crecimiento es un proceso constante en el que nunca dejamos de estar.','Formacion','3',NULL,'Supervision','4',NULL,'','0',NULL,'Sara se caracteriza por ser una persona comprometida con su trabajo y con un alto nivel de servicio hacia su equipo de trabajo. Es importante trabajar en ella la comunicacin acertiva y el liderazgo, ya que encuentro bastantes oportunidades en su comunicacin con los usuarios, pares y lideres de la organizacin. Considero que involucrarla en el taller de liderazgo puede contribuir de manera positiva en el desarrollo de su comunicacin.',NULL,1,NULL),(8,16,21,'100','80','80','80','80','80','80','80','80',740,'82.22222222222223','Acorde al desempeo durante el ao 2022 logre desarrollar mas capacidades sobre la resolucin de problemas y el rigor profesional captando informacin y generando alternativas en funcin del rigor profesional, considero que puedo mejorar en mi organizacin y orientacin.','Formacion','4',NULL,'','0',NULL,'','0',NULL,'1. capacitacin en tcnicas de negociacin - jueves 12 de octubre','Luis Felipe se ha caracterizado por ser una persona responsable, comprometida y con altos niveles de desempeo en su trabajo, es un excelente colaborador quien demuestra todo el tiempo su sentido de entrega hacia la empresa.',1,NULL),(9,19,45,'80','100','100','100','100','100','80','80','100',840,'93.33333333333333','Agradezco la apreciacin que se tiene de mi desempeo. Estoy de acuerdo con los tems en los que an me falta trabajar y actualmente estoy trabajando sobre eso. La especializacin que estoy culminando me ha dado las herramientas para desenvolverme en mi rol y poder tener mejores resultados en mi desempeo y por supuesto encaminar al equipo de QC a tener mejores resultados. ','Formacion','2',NULL,'','0',NULL,'','0',NULL,'Se recomienda reforzar habilidades blandas, seguimiento sobre control de proyectos y deficinicin de metas en el rea.',NULL,1,NULL),(10,60,86,'100','80','50','80','80','100','100','100','100',790,'87.77777777777777',NULL,NULL,NULL,NULL,NULL,NULL,NULL,NULL,NULL,NULL,NULL,NULL,1,NULL),(11,63,17,'50','0','50','25','50','50','50','25','50',350,'43.75','sdfdfgdrfgr','supervicion','2',NULL,'','',NULL,'','',NULL,'sdfsdsdf','sfdgfhfthG',0,1),(12,65,30,NULL,NULL,NULL,NULL,NULL,NULL,NULL,NULL,NULL,NULL,NULL,NULL,NULL,NULL,NULL,NULL,NULL,NULL,NULL,NULL,NULL,NULL,NULL,1,NULL),(13,66,27,'0','0','0','0','0','0','0','0','0',0,'0',NULL,NULL,NULL,NULL,NULL,NULL,NULL,NULL,NULL,NULL,NULL,NULL,1,NULL),(15,71,52,'100','100','100','100','100','100','100','100','100',900,'100','Estoy de acuerdo con la calificacin, dia a dia mejorar tanto profesional  como persona convertir mis debilidades como fortalezas.',NULL,NULL,NULL,NULL,NULL,NULL,NULL,NULL,NULL,NULL,NULL,1,NULL),(16,72,52,'100','100','100','100','100','100','100','100','100',900,'100','Considero que desde que llegue a la empresa he demostrado compromiso y motivacin, adems de liderar el equipo dando un buen ejemplo y resolviendo problemas teniendo en cuenta las opiniones de mis compaeros y colaboradores. Soy consciente que debo seguir mejorando teniendo en cuentas las observaciones realizadas por el lder de rea. ',NULL,NULL,NULL,NULL,NULL,NULL,NULL,NULL,NULL,NULL,NULL,1,NULL),(17,81,76,'100','80','80','80','80','50','100','80','80',730,'81.11111111111111','Soy una persona comprometida, con liderazgo y alta responsabilidad con mi trabajo, con orgullo de pertenecer a la familia PLENA.','Plan de Desarrollo','2',NULL,'Formacion','2',NULL,'','0',NULL,'La Ingeniera Sandy demuestra un alto compromiso en el desarrollo de sus actividades y responsabilidades. Los planes de accion planteados son para desarrollar y actualizar sus capacidades.',NULL,1,NULL),(18,82,76,'80','80','80','100','50','80','50','50','80',650,'72.22222222222223','Estoy de acuerdo con la evaluacin recibida. ','Plan de Desarrollo','2',NULL,'Formacion','2',NULL,'','0',NULL,'El ingeniero William Neira demuestra altos niveles de compromiso y profesionalismo. Se requiere capacitaciones que le permita fortalecer con nuevas herramientas de liderazgo y direccion de equipos. ',NULL,1,NULL),(19,102,41,'80','80','80','50','50','80','80','50','100',650,'72.22222222222223','Considero que tuve un gran desempeo en mi rea, apropindome de procesos, brindando y obteniendo conocimiento, con ms responsabilidad y asumiendo nuevos retos, respondiendo positivamente y aportando a la compaa.\n\nNO estoy de acuerdo con la evaluacin realizada por Daniel Viasus ya que en el 2022 estuve a su cargo muy poco tiempo y no es razonable que me evale y menos con esos puntajes tan bajos.',NULL,NULL,NULL,NULL,NULL,NULL,NULL,NULL,NULL,NULL,NULL,1,NULL),(20,104,15,NULL,NULL,NULL,NULL,NULL,NULL,NULL,NULL,NULL,NULL,NULL,NULL,NULL,NULL,NULL,NULL,NULL,NULL,NULL,NULL,NULL,NULL,NULL,1,NULL),(21,117,1,'0','50','80','25','100','80','80','80','80',575,'63.888888888888886','Estoy en desacuerdo con algunos de los resultados de la evaluacin. Considero que mi compromiso y productividad han sido ms que demostrados en mis labores como desarrollador, razn por la cual, una puntuacin de 0% no solo me parece injusta sino inadecuada.','Formacion','1',NULL,'Supervision','2',NULL,'Plan de Desarrollo','3',NULL,'Considero que la labor del colaborador ha sido adecuada respecto a las labores asignadas, sin embargo, considero que podra mejorar su compromiso y productividad.',NULL,1,NULL),(22,118,1,'25','80','100','50','100','100','100','100','100',755,'83.88888888888889','Lorem ipsum dolor sit amet, consectetur adipiscing elit, sed do eiusmod tempor incididunt ut labore et dolore magna aliqua. Ut enim ad minim veniam, quis nostrud exercitation ullamco laboris nisi ut aliquip ex ea commodo consequat. Duis aute irure dolor in reprehenderit in voluptate velit esse cillum dolore eu fugiat nulla pariatur. Excepteur sint occaecat cupidatat non proident, sunt in culpa qui officia deserunt mollit anim id est laborum.','Formacion','1',NULL,'','0',NULL,'','0',NULL,'Lorem ipsum dolor sit amet, consectetur adipiscing elit, sed do eiusmod tempor incididunt ut labore et dolore magna aliqua. Ut enim ad minim veniam, quis nostrud exercitation ullamco laboris nisi ut aliquip ex ea commodo consequat. Duis aute irure dolor in reprehenderit in voluptate velit esse cillum dolore eu fugiat nulla pariatur. Excepteur sint occaecat cupidatat non proident, sunt in culpa qui officia deserunt mollit anim id est laborum.','Lorem ipsum dolor sit amet',1,NULL),(33,130,2,'50','80','100','80','100','80','80','80','80',730,'81.11111111111111',NULL,'reinduccion','2',NULL,'promocion','3',NULL,NULL,NULL,NULL,'zdxcxcdvfdv','qwqweqw',1,0),(34,131,122,'80','80','80','80','100','0','100','80','100',700,'77.77777777777777','DFTFGF','supervicion','2',NULL,'reinduccion','3',NULL,NULL,NULL,NULL,'EWRTYUJKL','CHJHGJ',0,1),(35,132,122,'80','0','25','80','100','25','0','100','80',490,'70','likgufchuhjipojh','supervicion','2',NULL,'reinduccion','4',NULL,NULL,NULL,NULL,'jkhfghik','sadfgnhmdstert',1,1),(36,133,3,'50','100','50','0','100','25','80','100','100',605,'75.625','sehtrtrt','formacion','1',NULL,'supervicion','3',NULL,NULL,NULL,NULL,'ssferer','asdsafrte',1,1),(37,140,44,NULL,NULL,NULL,NULL,NULL,NULL,NULL,NULL,NULL,NULL,NULL,NULL,NULL,NULL,NULL,NULL,NULL,NULL,NULL,NULL,NULL,NULL,NULL,NULL,NULL),(38,149,41,NULL,NULL,NULL,NULL,NULL,NULL,NULL,NULL,NULL,NULL,NULL,NULL,NULL,NULL,NULL,NULL,NULL,NULL,NULL,NULL,NULL,NULL,NULL,NULL,NULL),(39,153,51,NULL,NULL,NULL,NULL,NULL,NULL,NULL,NULL,NULL,NULL,NULL,NULL,NULL,NULL,NULL,NULL,NULL,NULL,NULL,NULL,NULL,NULL,NULL,NULL,NULL),(40,158,27,NULL,NULL,NULL,NULL,NULL,NULL,NULL,NULL,NULL,NULL,NULL,NULL,NULL,NULL,NULL,NULL,NULL,NULL,NULL,NULL,NULL,NULL,NULL,NULL,NULL),(41,160,40,NULL,NULL,NULL,NULL,NULL,NULL,NULL,NULL,NULL,NULL,NULL,NULL,NULL,NULL,NULL,NULL,NULL,NULL,NULL,NULL,NULL,NULL,NULL,NULL,NULL),(42,162,105,NULL,NULL,NULL,NULL,NULL,NULL,NULL,NULL,NULL,NULL,NULL,NULL,NULL,NULL,NULL,NULL,NULL,NULL,NULL,NULL,NULL,NULL,NULL,NULL,NULL),(44,185,56,NULL,NULL,NULL,NULL,NULL,NULL,NULL,NULL,NULL,NULL,NULL,NULL,NULL,NULL,NULL,NULL,NULL,NULL,NULL,NULL,NULL,NULL,NULL,NULL,NULL),(45,187,24,NULL,NULL,NULL,NULL,NULL,NULL,NULL,NULL,NULL,NULL,NULL,NULL,NULL,NULL,NULL,NULL,NULL,NULL,NULL,NULL,NULL,NULL,NULL,NULL,NULL),(46,189,8,NULL,NULL,NULL,NULL,NULL,NULL,NULL,NULL,NULL,NULL,NULL,NULL,NULL,NULL,NULL,NULL,NULL,NULL,NULL,NULL,NULL,NULL,NULL,NULL,NULL),(47,191,126,NULL,NULL,NULL,NULL,NULL,NULL,NULL,NULL,NULL,NULL,NULL,NULL,NULL,NULL,NULL,NULL,NULL,NULL,NULL,NULL,NULL,NULL,NULL,NULL,NULL),(48,194,17,NULL,NULL,NULL,NULL,NULL,NULL,NULL,NULL,NULL,NULL,NULL,NULL,NULL,NULL,NULL,NULL,NULL,NULL,NULL,NULL,NULL,NULL,NULL,NULL,NULL),(49,195,65,NULL,NULL,NULL,NULL,NULL,NULL,NULL,NULL,NULL,NULL,NULL,NULL,NULL,NULL,NULL,NULL,NULL,NULL,NULL,NULL,NULL,NULL,NULL,NULL,NULL),(50,201,42,NULL,NULL,NULL,NULL,NULL,NULL,NULL,NULL,NULL,NULL,NULL,NULL,NULL,NULL,NULL,NULL,NULL,NULL,NULL,NULL,NULL,NULL,NULL,NULL,NULL),(51,205,64,NULL,NULL,NULL,NULL,NULL,NULL,NULL,NULL,NULL,NULL,NULL,NULL,NULL,NULL,NULL,NULL,NULL,NULL,NULL,NULL,NULL,NULL,NULL,NULL,NULL),(52,206,125,NULL,NULL,NULL,NULL,NULL,NULL,NULL,NULL,NULL,NULL,NULL,NULL,NULL,NULL,NULL,NULL,NULL,NULL,NULL,NULL,NULL,NULL,NULL,NULL,NULL),(53,207,49,NULL,NULL,NULL,NULL,NULL,NULL,NULL,NULL,NULL,NULL,NULL,NULL,NULL,NULL,NULL,NULL,NULL,NULL,NULL,NULL,NULL,NULL,NULL,NULL,NULL),(54,210,63,NULL,NULL,NULL,NULL,NULL,NULL,NULL,NULL,NULL,NULL,NULL,NULL,NULL,NULL,NULL,NULL,NULL,NULL,NULL,NULL,NULL,NULL,NULL,NULL,NULL),(55,211,4,NULL,NULL,NULL,NULL,NULL,NULL,NULL,NULL,NULL,NULL,NULL,NULL,NULL,NULL,NULL,NULL,NULL,NULL,NULL,NULL,NULL,NULL,NULL,NULL,NULL),(56,215,129,NULL,NULL,NULL,NULL,NULL,NULL,NULL,NULL,NULL,NULL,NULL,NULL,NULL,NULL,NULL,NULL,NULL,NULL,NULL,NULL,NULL,NULL,NULL,NULL,NULL),(61,219,122,'50','80','50','80','80','80','50','50','80',600,'66.66666666666667','safdfghfefasrh','supervicion','2',NULL,'supervicion','2',NULL,NULL,NULL,NULL,'hjkhg','zxvcfg',1,1),(62,220,122,'80','80','50','50','50','80','50','50','25',515,'57.22222222222222','dghjk','reinduccion','2',NULL,'supervicion','3',NULL,NULL,NULL,NULL,'ghjkfd','NA',1,1),(63,229,122,'50','50','50','50','50','50','25','50','80',455,'50.55555555555556','Comentarios...','formacion','2',NULL,'supervicion','2',NULL,'reinduccion','2',NULL,'Comentarios...','Comentarios...',1,1),(64,230,46,NULL,NULL,NULL,NULL,NULL,NULL,NULL,NULL,NULL,NULL,NULL,NULL,NULL,NULL,NULL,NULL,NULL,NULL,NULL,NULL,NULL,NULL,NULL,NULL,NULL);
/*!40000 ALTER TABLE `tbl_administrative_performance_evaluation` ENABLE KEYS */;
UNLOCK TABLES;

--
-- Table structure for table `tbl_afp`
--

DROP TABLE IF EXISTS `tbl_afp`;
/*!40101 SET @saved_cs_client     = @@character_set_client */;
 SET character_set_client = utf8mb4 ;
CREATE TABLE `tbl_afp` (
  `ccn_afp` int NOT NULL AUTO_INCREMENT,
  `code_afp` varchar(40) NOT NULL,
  `nit_afp` varchar(20) NOT NULL,
  `dig_ver` int DEFAULT NULL,
  `description_afp` varchar(100) NOT NULL,
  PRIMARY KEY (`ccn_afp`)
) ENGINE=InnoDB AUTO_INCREMENT=13 DEFAULT CHARSET=utf8mb4 COLLATE=utf8mb4_0900_ai_ci;
/*!40101 SET character_set_client = @saved_cs_client */;

--
-- Dumping data for table `tbl_afp`
--

LOCK TABLES `tbl_afp` WRITE;
/*!40000 ALTER TABLE `tbl_afp` DISABLE KEYS */;
INSERT INTO `tbl_afp` VALUES (1,'230201','800229739',0,'PROTECCIN'),(2,'230301','800224808',8,'PORVENIR'),(3,'230501','800231967',1,'HORIZONTE'),(4,'230901','800253055',2,'FONDO OBLIGATORIO DE PENSIONES SKANDIA'),(5,'230904','830125132',2,'FONDO ALTERNATIVO DE PENSIONES SKANDIA'),(6,'231001','800227940',6,'COLFONDOS'),(7,'25-2','860007379',8,'CAJA DE AUXILIOS Y DE PRESTACIONES DE ACDAC'),(8,'25-3','899999734',7,'FONDO DE PREVISIN SOCIAL DEL CONGRESO'),(9,'25-7','800216278',0,'PENSIONES DE ANTIOQUIA'),(10,'25-14','900336004',7,'ADMINISTRADORA COLOMBIANA DE PENSIONES COLPENSIONES'),(11,'270000','899999284',4,'FNA'),(12,'000000','000',0,'N_A');
/*!40000 ALTER TABLE `tbl_afp` ENABLE KEYS */;
UNLOCK TABLES;

--
-- Table structure for table `tbl_age_range`
--

DROP TABLE IF EXISTS `tbl_age_range`;
/*!40101 SET @saved_cs_client     = @@character_set_client */;
 SET character_set_client = utf8mb4 ;
CREATE TABLE `tbl_age_range` (
  `ccn_age_range` int NOT NULL AUTO_INCREMENT,
  `age_range` varchar(40) NOT NULL,
  PRIMARY KEY (`ccn_age_range`)
) ENGINE=InnoDB AUTO_INCREMENT=22 DEFAULT CHARSET=utf8mb4 COLLATE=utf8mb4_0900_ai_ci;
/*!40101 SET character_set_client = @saved_cs_client */;

--
-- Dumping data for table `tbl_age_range`
--

LOCK TABLES `tbl_age_range` WRITE;
/*!40000 ALTER TABLE `tbl_age_range` DISABLE KEYS */;
INSERT INTO `tbl_age_range` VALUES (1,'00-04'),(2,'05-09'),(3,'10-14'),(4,'15-19'),(5,'20-24'),(6,'25-29'),(7,'30-34'),(8,'35-39'),(9,'40-44'),(10,'45-49'),(11,'50-54'),(12,'55-59'),(13,'60-64'),(14,'65-69'),(15,'70-74'),(16,'74-79'),(17,'80-84'),(18,'85-89'),(19,'90-94'),(20,'95-99'),(21,' ');
/*!40000 ALTER TABLE `tbl_age_range` ENABLE KEYS */;
UNLOCK TABLES;

--
-- Table structure for table `tbl_allergies`
--

DROP TABLE IF EXISTS `tbl_allergies`;
/*!40101 SET @saved_cs_client     = @@character_set_client */;
 SET character_set_client = utf8mb4 ;
CREATE TABLE `tbl_allergies` (
  `ccn_allergies` int NOT NULL AUTO_INCREMENT,
  `allergies` varchar(100) DEFAULT NULL,
  PRIMARY KEY (`ccn_allergies`)
) ENGINE=InnoDB DEFAULT CHARSET=utf8mb4 COLLATE=utf8mb4_0900_ai_ci;
/*!40101 SET character_set_client = @saved_cs_client */;

--
-- Dumping data for table `tbl_allergies`
--

LOCK TABLES `tbl_allergies` WRITE;
/*!40000 ALTER TABLE `tbl_allergies` DISABLE KEYS */;
/*!40000 ALTER TABLE `tbl_allergies` ENABLE KEYS */;
UNLOCK TABLES;

--
-- Table structure for table `tbl_allergies_employee`
--

DROP TABLE IF EXISTS `tbl_allergies_employee`;
/*!40101 SET @saved_cs_client     = @@character_set_client */;
 SET character_set_client = utf8mb4 ;
CREATE TABLE `tbl_allergies_employee` (
  `ccn_allergies_employee` int NOT NULL AUTO_INCREMENT,
  `ccn_employee` int DEFAULT NULL,
  `ccn_allergies` int DEFAULT NULL,
  PRIMARY KEY (`ccn_allergies_employee`),
  KEY `ccn_allergies` (`ccn_allergies`),
  KEY `ccn_employee` (`ccn_employee`),
  CONSTRAINT `tbl_allergies_employee_ibfk_1` FOREIGN KEY (`ccn_allergies`) REFERENCES `tbl_allergies` (`ccn_allergies`),
  CONSTRAINT `tbl_allergies_employee_ibfk_2` FOREIGN KEY (`ccn_employee`) REFERENCES `tbl_employee` (`ccn_employee`)
) ENGINE=InnoDB DEFAULT CHARSET=utf8mb4 COLLATE=utf8mb4_0900_ai_ci;
/*!40101 SET character_set_client = @saved_cs_client */;

--
-- Dumping data for table `tbl_allergies_employee`
--

LOCK TABLES `tbl_allergies_employee` WRITE;
/*!40000 ALTER TABLE `tbl_allergies_employee` DISABLE KEYS */;
/*!40000 ALTER TABLE `tbl_allergies_employee` ENABLE KEYS */;
UNLOCK TABLES;

--
-- Table structure for table `tbl_arl`
--

DROP TABLE IF EXISTS `tbl_arl`;
/*!40101 SET @saved_cs_client     = @@character_set_client */;
 SET character_set_client = utf8mb4 ;
CREATE TABLE `tbl_arl` (
  `ccn_arl` int NOT NULL AUTO_INCREMENT,
  `code_arl` varchar(40) NOT NULL,
  `nit_arl` varchar(20) NOT NULL,
  `dig_ver` int DEFAULT NULL,
  `description_arl` varchar(100) NOT NULL,
  PRIMARY KEY (`ccn_arl`)
) ENGINE=InnoDB AUTO_INCREMENT=11 DEFAULT CHARSET=utf8mb4 COLLATE=utf8mb4_0900_ai_ci;
/*!40101 SET character_set_client = @saved_cs_client */;

--
-- Dumping data for table `tbl_arl`
--

LOCK TABLES `tbl_arl` WRITE;
/*!40000 ALTER TABLE `tbl_arl` DISABLE KEYS */;
INSERT INTO `tbl_arl` VALUES (1,'14-4','860002183',9,'AXA COLPATRIA S.A.'),(2,'14-7','860002103',2,'SEGUROS BOLVAR S.A.'),(3,'14-8','860022137',5,'COMPAA DE SEGUROS DE VIDA AURORA S.A.'),(4,'14-17','860503617',3,'SEGUROS DE VIDA ALFA S.A.'),(5,'14-18','860008645',7,'LIBERTY SEGUROS DE VIDA S.A.'),(6,'14-23','860011153',6,'POSITIVA'),(7,'14-25','800226175',3,'COLMENA SEGUROS'),(8,'14-28','800256151',9,'ARL SURA'),(9,'14-29','830008686',1,'LA EQUIDAD SEGUROS DE VIDA'),(10,'14-30','830054904',6,'MAPFRE SEGUROS');
/*!40000 ALTER TABLE `tbl_arl` ENABLE KEYS */;
UNLOCK TABLES;

--
-- Table structure for table `tbl_auto_perceived_gender`
--

DROP TABLE IF EXISTS `tbl_auto_perceived_gender`;
/*!40101 SET @saved_cs_client     = @@character_set_client */;
 SET character_set_client = utf8mb4 ;
CREATE TABLE `tbl_auto_perceived_gender` (
  `ccn_auto_perceived_gender` int NOT NULL AUTO_INCREMENT,
  `auto_perceived_gender` varchar(40) DEFAULT NULL,
  PRIMARY KEY (`ccn_auto_perceived_gender`)
) ENGINE=InnoDB AUTO_INCREMENT=5 DEFAULT CHARSET=utf8mb4 COLLATE=utf8mb4_0900_ai_ci;
/*!40101 SET character_set_client = @saved_cs_client */;

--
-- Dumping data for table `tbl_auto_perceived_gender`
--

LOCK TABLES `tbl_auto_perceived_gender` WRITE;
/*!40000 ALTER TABLE `tbl_auto_perceived_gender` DISABLE KEYS */;
INSERT INTO `tbl_auto_perceived_gender` VALUES (1,'MASCULINO'),(2,'FEMENINO'),(3,'OTRO'),(4,' ');
/*!40000 ALTER TABLE `tbl_auto_perceived_gender` ENABLE KEYS */;
UNLOCK TABLES;

--
-- Table structure for table `tbl_ccf`
--

DROP TABLE IF EXISTS `tbl_ccf`;
/*!40101 SET @saved_cs_client     = @@character_set_client */;
 SET character_set_client = utf8mb4 ;
CREATE TABLE `tbl_ccf` (
  `ccn_ccf` int NOT NULL AUTO_INCREMENT,
  `code_ccf` varchar(40) NOT NULL,
  `nit_ccf` varchar(20) NOT NULL,
  `dig_ver` int DEFAULT NULL,
  `description_ccf` varchar(100) NOT NULL,
  PRIMARY KEY (`ccn_ccf`)
) ENGINE=InnoDB AUTO_INCREMENT=43 DEFAULT CHARSET=utf8mb4 COLLATE=utf8mb4_0900_ai_ci;
/*!40101 SET character_set_client = @saved_cs_client */;

--
-- Dumping data for table `tbl_ccf`
--

LOCK TABLES `tbl_ccf` WRITE;
/*!40000 ALTER TABLE `tbl_ccf` DISABLE KEYS */;
INSERT INTO `tbl_ccf` VALUES (1,'CCF02','890900840',1,'CAMACOL'),(2,'CCF03','890900842',6,'COMFENALCO ANTIOQUIA CCF'),(3,'CCF04','890900841',9,'CAJA DE COMPENSACIN FAMILIAR DE ANTIOQUIA'),(4,'CCF05','890102044',1,'CAJA DE COMPENSACIN FAMILIAR CAJACOPI ATLNTICO'),(5,'CCF06','890102002',2,'COMBARRANQUILLA'),(6,'CCF07','890101994',9,'COMFAMILIAR ATLNTICO'),(7,'CCF08','890480023',7,'COMFENALCO CARTAGENA'),(8,'CCF09','890480110',1,'CAJA DE COMPENSACIN FAMILIAR DE CARTAGENA'),(9,'CCF10','891800213',8,'COMFABOY'),(10,'CCF11','890806490',5,'CCF DE CALDAS'),(11,'CCF13','891190047',2,'COMFACA'),(12,'CCF14','891500182',0,'COMFACAUCA'),(13,'CCF15','892399989',8,'CAJA DE COMPENSACIN FAMILIAR CESAR'),(14,'CCF16','891080005',1,'COMFACOR'),(15,'CCF21','860013570',3,'CAFAM'),(16,'CCF22','860007336',1,'COLSUBSIDIO'),(17,'CCF24','860066942',7,'CAJA DE COMPENSACIN FAMILIAR COMPENSAR'),(18,'CCF26','860045904',7,'COMFACUNDI'),(19,'CCF29','891600091',8,'CCF DEL CHOC'),(20,'CCF30','892115006',5,'CAJA DE COMPENSACIN FAMILIAR DE LA GUAJIRA'),(21,'CCF32','891180008',2,'COMFAMILIAR DEL HUILA'),(22,'CCF33','891780093',3,'CCF DEL MAGDALENA'),(23,'CCF34','892000146',3,'COFREM META'),(24,'CCF35','891280008',1,'CCF DE NARIO'),(25,'CCF36','890500675',6,'CAJA DE COMPENSACIN FAMILIAR DEL ORIENTE'),(26,'CCF37','890500516',3,'CAJA DE COMP. FAMILIAR COMFANORTE'),(27,'CCF38','890270275',5,'CAJA DE COMP. FAMILIAR DE BARRANCABERMEJA CAFABA'),(28,'CCF39','890200106',1,'CAJASAN'),(29,'CCF40','890201578',7,'COMFENALCO SANTANDER'),(30,'CCF41','892200015',5,'CAJA DE COMPENSACIN FAMILIAR DEL SUCRE'),(31,'CCF43','890000381',0,'COMFENALCO QUINDO'),(32,'CCF44','891480000',1,'COMFAMILIAR RISARALDA'),(33,'CCF46','890704737',0,'CCF DEL SUR DEL TOLIMA CAFASUR'),(34,'CCF48','800211025',1,'COMFATOLIMA'),(35,'CCF50','890700148',4,'COMFENALCO TOLIMA'),(36,'CCF56','890303093',5,'COMFENALCO VALLE'),(37,'CCF57','890303208',5,'COMFANDI'),(38,'CCF63','891200337',8,'CAJA DE COMPENSACIN FAMILIAR DEL PUTUMAYO'),(39,'CCF64','892400320',5,'CAJASAI'),(40,'CCF65','800003122',6,'CAJA DE COMP FAMILIAR DEL AMAZONAS CAFAMAZ'),(41,'CCF67','800219488',4,'COMFIAR CAJA DE COMPENSACION FAMILIAR DE ARAUCA'),(42,'CCF69','844003392',8,'COMFACASANARE');
/*!40000 ALTER TABLE `tbl_ccf` ENABLE KEYS */;
UNLOCK TABLES;

--
-- Table structure for table `tbl_city`
--

DROP TABLE IF EXISTS `tbl_city`;
/*!40101 SET @saved_cs_client     = @@character_set_client */;
 SET character_set_client = utf8mb4 ;
CREATE TABLE `tbl_city` (
  `ccn_city` int NOT NULL AUTO_INCREMENT,
  `id_city` int NOT NULL,
  `description_city` varchar(60) NOT NULL,
  `ccn_department` int NOT NULL,
  PRIMARY KEY (`ccn_city`),
  KEY `ccn_department` (`ccn_department`),
  CONSTRAINT `tbl_city_ibfk_1` FOREIGN KEY (`ccn_department`) REFERENCES `tbl_department` (`ccn_department`)
) ENGINE=InnoDB AUTO_INCREMENT=1124 DEFAULT CHARSET=utf8mb4 COLLATE=utf8mb4_0900_ai_ci;
/*!40101 SET character_set_client = @saved_cs_client */;

--
-- Dumping data for table `tbl_city`
--

LOCK TABLES `tbl_city` WRITE;
/*!40000 ALTER TABLE `tbl_city` DISABLE KEYS */;
INSERT INTO `tbl_city` VALUES (1,91001,'LETICIA',3),(2,91263,'EL ENCANTO',3),(3,91405,'LA CHORRERA',3),(4,91407,'LA PEDRERA',3),(5,91430,'LA VICTORIA',3),(6,91460,'MIRITI - PARAN',3),(7,91530,'PUERTO ALEGRA',3),(8,91536,'PUERTO ARICA',3),(9,91540,'PUERTO NARIO',3),(10,91669,'PUERTO SANTANDER',3),(11,91798,'TARAPAC',3),(12,5001,'MEDELLN',2),(13,5002,'ABEJORRAL',2),(14,5004,'ABRIAQU',2),(15,5021,'ALEJANDRA',2),(16,5030,'AMAG',2),(17,5031,'AMALFI',2),(18,5034,'ANDES',2),(19,5036,'ANGELPOLIS',2),(20,5038,'ANGOSTURA',2),(21,5040,'ANOR',2),(22,5042,'SANTAF DE ANTIOQUIA',2),(23,5044,'ANZA',2),(24,5045,'APARTAD',2),(25,5051,'ARBOLETES',2),(26,5055,'ARGELIA',2),(27,5059,'ARMENIA',2),(28,5079,'BARBOSA',2),(29,5086,'BELMIRA',2),(30,5088,'BELLO',2),(31,5091,'BETANIA',2),(32,5093,'BETULIA',2),(33,5101,'CIUDAD BOLVAR',2),(34,5107,'BRICEO',2),(35,5113,'BURITIC',2),(36,5120,'CCERES',2),(37,5125,'CAICEDO',2),(38,5129,'CALDAS',2),(39,5134,'CAMPAMENTO',2),(40,5138,'CAASGORDAS',2),(41,5142,'CARACOL',2),(42,5145,'CARAMANTA',2),(43,5147,'CAREPA',2),(44,5148,'EL CARMEN DE VIBORAL',2),(45,5150,'CAROLINA',2),(46,5154,'CAUCASIA',2),(47,5172,'CHIGOROD',2),(48,5190,'CISNEROS',2),(49,5197,'COCORN',2),(50,5206,'CONCEPCIN',2),(51,5209,'CONCORDIA',2),(52,5212,'COPACABANA',2),(53,5234,'DABEIBA',2),(54,5237,'DONMATAS',2),(55,5240,'EBJICO',2),(56,5250,'EL BAGRE',2),(57,5264,'ENTRERRIOS',2),(58,5266,'ENVIGADO',2),(59,5282,'FREDONIA',2),(60,5284,'FRONTINO',2),(61,5306,'GIRALDO',2),(62,5308,'GIRARDOTA',2),(63,5310,'GMEZ PLATA',2),(64,5313,'GRANADA',2),(65,5315,'GUADALUPE',2),(66,5318,'GUARNE',2),(67,5321,'GUATAPE',2),(68,5347,'HELICONIA',2),(69,5353,'HISPANIA',2),(70,5360,'ITAGUI',2),(71,5361,'ITUANGO',2),(72,5364,'JARDN',2),(73,5368,'JERIC',2),(74,5376,'LA CEJA',2),(75,5380,'LA ESTRELLA',2),(76,5390,'LA PINTADA',2),(77,5400,'LA UNIN',2),(78,5411,'LIBORINA',2),(79,5425,'MACEO',2),(80,5440,'MARINILLA',2),(81,5467,'MONTEBELLO',2),(82,5475,'MURIND',2),(83,5480,'MUTAT',2),(84,5483,'NARIO',2),(85,5490,'NECOCL',2),(86,5495,'NECH',2),(87,5501,'OLAYA',2),(88,5541,'PEOL',2),(89,5543,'PEQUE',2),(90,5576,'PUEBLORRICO',2),(91,5579,'PUERTO BERRO',2),(92,5585,'PUERTO NARE',2),(93,5591,'PUERTO TRIUNFO',2),(94,5604,'REMEDIOS',2),(95,5607,'RETIRO',2),(96,5615,'RIONEGRO',2),(97,5628,'SABANALARGA',2),(98,5631,'SABANETA',2),(99,5642,'SALGAR',2),(100,5647,'SAN ANDRS DE CUERQUA',2),(101,5649,'SAN CARLOS',2),(102,5652,'SAN FRANCISCO',2),(103,5656,'SAN JERNIMO',2),(104,5658,'SAN JOS DE LA MONTAA',2),(105,5659,'SAN JUAN DE URAB',2),(106,5660,'SAN LUIS',2),(107,5664,'SAN PEDRO DE LOS MILAGROS',2),(108,5665,'SAN PEDRO DE URABA',2),(109,5667,'SAN RAFAEL',2),(110,5670,'SAN ROQUE',2),(111,5674,'SAN VICENTE',2),(112,5679,'SANTA BRBARA',2),(113,5686,'SANTA ROSA DE OSOS',2),(114,5690,'SANTO DOMINGO',2),(115,5697,'EL SANTUARIO',2),(116,5736,'SEGOVIA',2),(117,5756,'SONSON',2),(118,5761,'SOPETRN',2),(119,5789,'TMESIS',2),(120,5790,'TARAZ',2),(121,5792,'TARSO',2),(122,5809,'TITIRIB',2),(123,5819,'TOLEDO',2),(124,5837,'TURBO',2),(125,5842,'URAMITA',2),(126,5847,'URRAO',2),(127,5854,'VALDIVIA',2),(128,5856,'VALPARASO',2),(129,5858,'VEGACH',2),(130,5861,'VENECIA',2),(131,5873,'VIGA DEL FUERTE',2),(132,5885,'YAL',2),(133,5887,'YARUMAL',2),(134,5890,'YOLOMB',2),(135,5893,'YOND',2),(136,5895,'ZARAGOZA',2),(137,81001,'ARAUCA',5),(138,81065,'ARAUQUITA',5),(139,81220,'CRAVO NORTE',5),(140,81300,'FORTUL',5),(141,81591,'PUERTO RONDN',5),(142,81736,'SARAVENA',5),(143,81794,'TAME',5),(144,8001,'BARRANQUILLA',6),(145,8078,'BARANOA',6),(146,8137,'CAMPO DE LA CRUZ',6),(147,8141,'CANDELARIA',6),(148,8296,'GALAPA',6),(149,8372,'JUAN DE ACOSTA',6),(150,8421,'LURUACO',6),(151,8433,'MALAMBO',6),(152,8436,'MANAT',6),(153,8520,'PALMAR DE VARELA',6),(154,8549,'PIOJ',6),(155,8558,'POLONUEVO',6),(156,8560,'PONEDERA',6),(157,8573,'PUERTO COLOMBIA',6),(158,8606,'REPELN',6),(159,8634,'SABANAGRANDE',6),(160,8638,'SABANALARGA',6),(161,8675,'SANTA LUCA',6),(162,8685,'SANTO TOMS',6),(163,8758,'SOLEDAD',6),(164,8770,'SUAN',6),(165,8832,'TUBAR',6),(166,8849,'USIACUR',6),(167,11001,'BOGOT, D.C.',1),(168,13001,'CARTAGENA',7),(169,13006,'ACH',7),(170,13030,'ALTOS DEL ROSARIO',7),(171,13042,'ARENAL',7),(172,13052,'ARJONA',7),(173,13062,'ARROYOHONDO',7),(174,13074,'BARRANCO DE LOBA',7),(175,13140,'CALAMAR',7),(176,13160,'CANTAGALLO',7),(177,13188,'CICUCO',7),(178,13212,'CRDOBA',7),(179,13222,'CLEMENCIA',7),(180,13244,'EL CARMEN DE BOLVAR',7),(181,13248,'EL GUAMO',7),(182,13268,'EL PEN',7),(183,13300,'HATILLO DE LOBA',7),(184,13430,'MAGANGU',7),(185,13433,'MAHATES',7),(186,13440,'MARGARITA',7),(187,13442,'MARA LA BAJA',7),(188,13458,'MONTECRISTO',7),(189,13468,'MOMPS',7),(190,13473,'MORALES',7),(191,13490,'NOROS',7),(192,13549,'PINILLOS',7),(193,13580,'REGIDOR',7),(194,13600,'RO VIEJO',7),(195,13620,'SAN CRISTBAL',7),(196,13647,'SAN ESTANISLAO',7),(197,13650,'SAN FERNANDO',7),(198,13654,'SAN JACINTO',7),(199,13655,'SAN JACINTO DEL CAUCA',7),(200,13657,'SAN JUAN NEPOMUCENO',7),(201,13667,'SAN MARTN DE LOBA',7),(202,13670,'SAN PABLO',7),(203,13673,'SANTA CATALINA',7),(204,13683,'SANTA ROSA',7),(205,13688,'SANTA ROSA DEL SUR',7),(206,13744,'SIMIT',7),(207,13760,'SOPLAVIENTO',7),(208,13780,'TALAIGUA NUEVO',7),(209,13810,'TIQUISIO',7),(210,13836,'TURBACO',7),(211,13838,'TURBAN',7),(212,13873,'VILLANUEVA',7),(213,13894,'ZAMBRANO',7),(214,15001,'TUNJA',8),(215,15022,'ALMEIDA',8),(216,15047,'AQUITANIA',8),(217,15051,'ARCABUCO',8),(218,15087,'BELN',8),(219,15090,'BERBEO',8),(220,15092,'BETITIVA',8),(221,15097,'BOAVITA',8),(222,15104,'BOYAC',8),(223,15106,'BRICEO',8),(224,15109,'BUENAVISTA',8),(225,15114,'BUSBANZ',8),(226,15131,'CALDAS',8),(227,15135,'CAMPOHERMOSO',8),(228,15162,'CERINZA',8),(229,15172,'CHINAVITA',8),(230,15176,'CHIQUINQUIR',8),(231,15180,'CHISCAS',8),(232,15183,'CHITA',8),(233,15185,'CHITARAQUE',8),(234,15187,'CHIVAT',8),(235,15189,'CINEGA',8),(236,15204,'CMBITA',8),(237,15212,'COPER',8),(238,15215,'CORRALES',8),(239,15218,'COVARACHA',8),(240,15223,'CUBAR',8),(241,15224,'CUCAITA',8),(242,15226,'CUTIVA',8),(243,15232,'CHQUIZA',8),(244,15236,'CHIVOR',8),(245,15238,'DUITAMA',8),(246,15244,'EL COCUY',8),(247,15248,'EL ESPINO',8),(248,15272,'FIRAVITOBA',8),(249,15276,'FLORESTA',8),(250,15293,'GACHANTIV',8),(251,15296,'GAMEZA',8),(252,15299,'GARAGOA',8),(253,15317,'GUACAMAYAS',8),(254,15322,'GUATEQUE',8),(255,15325,'GUAYAT',8),(256,15332,'GICN',8),(257,15362,'IZA',8),(258,15367,'JENESANO',8),(259,15368,'JERIC',8),(260,15377,'LABRANZAGRANDE',8),(261,15380,'LA CAPILLA',8),(262,15401,'LA VICTORIA',8),(263,15403,'LA UVITA',8),(264,15407,'VILLA DE LEYVA',8),(265,15425,'MACANAL',8),(266,15442,'MARIP',8),(267,15455,'MIRAFLORES',8),(268,15464,'MONGUA',8),(269,15466,'MONGU',8),(270,15469,'MONIQUIR',8),(271,15476,'MOTAVITA',8),(272,15480,'MUZO',8),(273,15491,'NOBSA',8),(274,15494,'NUEVO COLN',8),(275,15500,'OICAT',8),(276,15507,'OTANCHE',8),(277,15511,'PACHAVITA',8),(278,15514,'PEZ',8),(279,15516,'PAIPA',8),(280,15518,'PAJARITO',8),(281,15522,'PANQUEBA',8),(282,15531,'PAUNA',8),(283,15533,'PAYA',8),(284,15537,'PAZ DE RO',8),(285,15542,'PESCA',8),(286,15550,'PISBA',8),(287,15572,'PUERTO BOYAC',8),(288,15580,'QUPAMA',8),(289,15599,'RAMIRIQU',8),(290,15600,'RQUIRA',8),(291,15621,'RONDN',8),(292,15632,'SABOY',8),(293,15638,'SCHICA',8),(294,15646,'SAMAC',8),(295,15660,'SAN EDUARDO',8),(296,15664,'SAN JOS DE PARE',8),(297,15667,'SAN LUIS DE GACENO',8),(298,15673,'SAN MATEO',8),(299,15676,'SAN MIGUEL DE SEMA',8),(300,15681,'SAN PABLO DE BORBUR',8),(301,15686,'SANTANA',8),(302,15690,'SANTA MARA',8),(303,15693,'SANTA ROSA DE VITERBO',8),(304,15696,'SANTA SOFA',8),(305,15720,'SATIVANORTE',8),(306,15723,'SATIVASUR',8),(307,15740,'SIACHOQUE',8),(308,15753,'SOAT',8),(309,15755,'SOCOT',8),(310,15757,'SOCHA',8),(311,15759,'SOGAMOSO',8),(312,15761,'SOMONDOCO',8),(313,15762,'SORA',8),(314,15763,'SOTAQUIR',8),(315,15764,'SORAC',8),(316,15774,'SUSACN',8),(317,15776,'SUTAMARCHN',8),(318,15778,'SUTATENZA',8),(319,15790,'TASCO',8),(320,15798,'TENZA',8),(321,15804,'TIBAN',8),(322,15806,'TIBASOSA',8),(323,15808,'TINJAC',8),(324,15810,'TIPACOQUE',8),(325,15814,'TOCA',8),(326,15816,'TOG',8),(327,15820,'TPAGA',8),(328,15822,'TOTA',8),(329,15832,'TUNUNGU',8),(330,15835,'TURMEQU',8),(331,15837,'TUTA',8),(332,15839,'TUTAZ',8),(333,15842,'UMBITA',8),(334,15861,'VENTAQUEMADA',8),(335,15879,'VIRACACH',8),(336,15897,'ZETAQUIRA',8),(337,17001,'MANIZALES',9),(338,17013,'AGUADAS',9),(339,17042,'ANSERMA',9),(340,17050,'ARANZAZU',9),(341,17088,'BELALCZAR',9),(342,17174,'CHINCHIN',9),(343,17272,'FILADELFIA',9),(344,17380,'LA DORADA',9),(345,17388,'LA MERCED',9),(346,17433,'MANZANARES',9),(347,17442,'MARMATO',9),(348,17444,'MARQUETALIA',9),(349,17446,'MARULANDA',9),(350,17486,'NEIRA',9),(351,17495,'NORCASIA',9),(352,17513,'PCORA',9),(353,17524,'PALESTINA',9),(354,17541,'PENSILVANIA',9),(355,17614,'RIOSUCIO',9),(356,17616,'RISARALDA',9),(357,17653,'SALAMINA',9),(358,17662,'SAMAN',9),(359,17665,'SAN JOS',9),(360,17777,'SUPA',9),(361,17867,'VICTORIA',9),(362,17873,'VILLAMARA',9),(363,17877,'VITERBO',9),(364,18001,'FLORENCIA',10),(365,18029,'ALBANIA',10),(366,18094,'BELN DE LOS ANDAQUES',10),(367,18150,'CARTAGENA DEL CHAIR',10),(368,18205,'CURILLO',10),(369,18247,'EL DONCELLO',10),(370,18256,'EL PAUJIL',10),(371,18410,'LA MONTAITA',10),(372,18460,'MILN',10),(373,18479,'MORELIA',10),(374,18592,'PUERTO RICO',10),(375,18610,'SAN JOS DEL FRAGUA',10),(376,18753,'SAN VICENTE DEL CAGUN',10),(377,18756,'SOLANO',10),(378,18785,'SOLITA',10),(379,18860,'VALPARASO',10),(380,85001,'YOPAL',11),(381,85010,'AGUAZUL',11),(382,85015,'CHAMEZA',11),(383,85125,'HATO COROZAL',11),(384,85136,'LA SALINA',11),(385,85139,'MAN',11),(386,85162,'MONTERREY',11),(387,85225,'NUNCHA',11),(388,85230,'OROCU',11),(389,85250,'PAZ DE ARIPORO',11),(390,85263,'PORE',11),(391,85279,'RECETOR',11),(392,85300,'SABANALARGA',11),(393,85315,'SCAMA',11),(394,85325,'SAN LUIS DE PALENQUE',11),(395,85400,'TMARA',11),(396,85410,'TAURAMENA',11),(397,85430,'TRINIDAD',11),(398,85440,'VILLANUEVA',11),(399,19001,'POPAYN',12),(400,19022,'ALMAGUER',12),(401,19050,'ARGELIA',12),(402,19075,'BALBOA',12),(403,19100,'BOLVAR',12),(404,19110,'BUENOS AIRES',12),(405,19130,'CAJIBO',12),(406,19137,'CALDONO',12),(407,19142,'CALOTO',12),(408,19212,'CORINTO',12),(409,19256,'EL TAMBO',12),(410,19290,'FLORENCIA',12),(411,19300,'GUACHEN',12),(412,19318,'GUAPI',12),(413,19355,'INZ',12),(414,19364,'JAMBAL',12),(415,19392,'LA SIERRA',12),(416,19397,'LA VEGA',12),(417,19418,'LPEZ',12),(418,19450,'MERCADERES',12),(419,19455,'MIRANDA',12),(420,19473,'MORALES',12),(421,19513,'PADILLA',12),(422,19517,'PAEZ',12),(423,19532,'PATA',12),(424,19533,'PIAMONTE',12),(425,19548,'PIENDAM',12),(426,19573,'PUERTO TEJADA',12),(427,19585,'PURAC',12),(428,19622,'ROSAS',12),(429,19693,'SAN SEBASTIN',12),(430,19698,'SANTANDER DE QUILICHAO',12),(431,19701,'SANTA ROSA',12),(432,19743,'SILVIA',12),(433,19760,'SOTARA',12),(434,19780,'SUREZ',12),(435,19785,'SUCRE',12),(436,19807,'TIMBO',12),(437,19809,'TIMBIQU',12),(438,19821,'TORIBIO',12),(439,19824,'TOTOR',12),(440,19845,'VILLA RICA',12),(441,20001,'VALLEDUPAR',13),(442,20011,'AGUACHICA',13),(443,20013,'AGUSTN CODAZZI',13),(444,20032,'ASTREA',13),(445,20045,'BECERRIL',13),(446,20060,'BOSCONIA',13),(447,20175,'CHIMICHAGUA',13),(448,20178,'CHIRIGUAN',13),(449,20228,'CURUMAN',13),(450,20238,'EL COPEY',13),(451,20250,'EL PASO',13),(452,20295,'GAMARRA',13),(453,20310,'GONZLEZ',13),(454,20383,'LA GLORIA',13),(455,20400,'LA JAGUA DE IBIRICO',13),(456,20443,'MANAURE',13),(457,20517,'PAILITAS',13),(458,20550,'PELAYA',13),(459,20570,'PUEBLO BELLO',13),(460,20614,'RO DE ORO',13),(461,20621,'LA PAZ',13),(462,20710,'SAN ALBERTO',13),(463,20750,'SAN DIEGO',13),(464,20770,'SAN MARTN',13),(465,20787,'TAMALAMEQUE',13),(466,27001,'QUIBD',14),(467,27006,'ACAND',14),(468,27025,'ALTO BAUD',14),(469,27050,'ATRATO',14),(470,27073,'BAGAD',14),(471,27075,'BAHA SOLANO',14),(472,27077,'BAJO BAUD',14),(473,27099,'BOJAYA',14),(474,27135,'EL CANTN DEL SAN PABLO',14),(475,27150,'CARMEN DEL DARIN',14),(476,27160,'CRTEGUI',14),(477,27205,'CONDOTO',14),(478,27245,'EL CARMEN DE ATRATO',14),(479,27250,'EL LITORAL DEL SAN JUAN',14),(480,27361,'ISTMINA',14),(481,27372,'JURAD',14),(482,27413,'LLOR',14),(483,27425,'MEDIO ATRATO',14),(484,27430,'MEDIO BAUD',14),(485,27450,'MEDIO SAN JUAN',14),(486,27491,'NVITA',14),(487,27495,'NUQU',14),(488,27580,'RO IR',14),(489,27600,'RO QUITO',14),(490,27615,'RIOSUCIO',14),(491,27660,'SAN JOS DEL PALMAR',14),(492,27745,'SIP',14),(493,27787,'TAD',14),(494,27800,'UNGUA',14),(495,27810,'UNIN PANAMERICANA',14),(496,23001,'MONTERA',15),(497,23068,'AYAPEL',15),(498,23079,'BUENAVISTA',15),(499,23090,'CANALETE',15),(500,23162,'CERET',15),(501,23168,'CHIM',15),(502,23182,'CHIN',15),(503,23189,'CINAGA DE ORO',15),(504,23300,'COTORRA',15),(505,23350,'LA APARTADA',15),(506,23417,'LORICA',15),(507,23419,'LOS CRDOBAS',15),(508,23464,'MOMIL',15),(509,23466,'MONTELBANO',15),(510,23500,'MOITOS',15),(511,23555,'PLANETA RICA',15),(512,23570,'PUEBLO NUEVO',15),(513,23574,'PUERTO ESCONDIDO',15),(514,23580,'PUERTO LIBERTADOR',15),(515,23586,'PURSIMA',15),(516,23660,'SAHAGN',15),(517,23670,'SAN ANDRS SOTAVENTO',15),(518,23672,'SAN ANTERO',15),(519,23675,'SAN BERNARDO DEL VIENTO',15),(520,23678,'SAN CARLOS',15),(521,23682,'SAN JOS DE UR',15),(522,23686,'SAN PELAYO',15),(523,23807,'TIERRALTA',15),(524,23815,'TUCHN',15),(525,23855,'VALENCIA',15),(526,25001,'AGUA DE DIOS',16),(527,25019,'ALBN',16),(528,25035,'ANAPOIMA',16),(529,25040,'ANOLAIMA',16),(530,25053,'ARBELEZ',16),(531,25086,'BELTRN',16),(532,25095,'BITUIMA',16),(533,25099,'BOJAC',16),(534,25120,'CABRERA',16),(535,25123,'CACHIPAY',16),(536,25126,'CAJIC',16),(537,25148,'CAPARRAP',16),(538,25151,'CAQUEZA',16),(539,25154,'CARMEN DE CARUPA',16),(540,25168,'CHAGUAN',16),(541,25175,'CHA',16),(542,25178,'CHIPAQUE',16),(543,25181,'CHOACH',16),(544,25183,'CHOCONT',16),(545,25200,'COGUA',16),(546,25214,'COTA',16),(547,25224,'CUCUNUB',16),(548,25245,'EL COLEGIO',16),(549,25258,'EL PEN',16),(550,25260,'EL ROSAL',16),(551,25269,'FACATATIV',16),(552,25279,'FOMEQUE',16),(553,25281,'FOSCA',16),(554,25286,'FUNZA',16),(555,25288,'FQUENE',16),(556,25290,'FUSAGASUG',16),(557,25293,'GACHALA',16),(558,25295,'GACHANCIP',16),(559,25297,'GACHET',16),(560,25299,'GAMA',16),(561,25307,'GIRARDOT',16),(562,25312,'GRANADA',16),(563,25317,'GUACHET',16),(564,25320,'GUADUAS',16),(565,25322,'GUASCA',16),(566,25324,'GUATAQU',16),(567,25326,'GUATAVITA',16),(568,25328,'GUAYABAL DE SIQUIMA',16),(569,25335,'GUAYABETAL',16),(570,25339,'GUTIRREZ',16),(571,25368,'JERUSALN',16),(572,25372,'JUNN',16),(573,25377,'LA CALERA',16),(574,25386,'LA MESA',16),(575,25394,'LA PALMA',16),(576,25398,'LA PEA',16),(577,25402,'LA VEGA',16),(578,25407,'LENGUAZAQUE',16),(579,25426,'MACHETA',16),(580,25430,'MADRID',16),(581,25436,'MANTA',16),(582,25438,'MEDINA',16),(583,25473,'MOSQUERA',16),(584,25483,'NARIO',16),(585,25486,'NEMOCN',16),(586,25488,'NILO',16),(587,25489,'NIMAIMA',16),(588,25491,'NOCAIMA',16),(589,25506,'VENECIA',16),(590,25513,'PACHO',16),(591,25518,'PAIME',16),(592,25524,'PANDI',16),(593,25530,'PARATEBUENO',16),(594,25535,'PASCA',16),(595,25572,'PUERTO SALGAR',16),(596,25580,'PUL',16),(597,25592,'QUEBRADANEGRA',16),(598,25594,'QUETAME',16),(599,25596,'QUIPILE',16),(600,25599,'APULO',16),(601,25612,'RICAURTE',16),(602,25645,'SAN ANTONIO DEL TEQUENDAMA',16),(603,25649,'SAN BERNARDO',16),(604,25653,'SAN CAYETANO',16),(605,25658,'SAN FRANCISCO',16),(606,25662,'SAN JUAN DE RO SECO',16),(607,25718,'SASAIMA',16),(608,25736,'SESQUIL',16),(609,25740,'SIBAT',16),(610,25743,'SILVANIA',16),(611,25745,'SIMIJACA',16),(612,25754,'SOACHA',16),(613,25758,'SOP',16),(614,25769,'SUBACHOQUE',16),(615,25772,'SUESCA',16),(616,25777,'SUPAT',16),(617,25779,'SUSA',16),(618,25781,'SUTATAUSA',16),(619,25785,'TABIO',16),(620,25793,'TAUSA',16),(621,25797,'TENA',16),(622,25799,'TENJO',16),(623,25805,'TIBACUY',16),(624,25807,'TIBIRITA',16),(625,25815,'TOCAIMA',16),(626,25817,'TOCANCIP',16),(627,25823,'TOPAIP',16),(628,25839,'UBAL',16),(629,25841,'UBAQUE',16),(630,25843,'VILLA DE SAN DIEGO DE UBATE',16),(631,25845,'UNE',16),(632,25851,'TICA',16),(633,25862,'VERGARA',16),(634,25867,'VIAN',16),(635,25871,'VILLAGMEZ',16),(636,25873,'VILLAPINZN',16),(637,25875,'VILLETA',16),(638,25878,'VIOT',16),(639,25885,'YACOP',16),(640,25898,'ZIPACN',16),(641,25899,'ZIPAQUIR',16),(642,94001,'INRIDA',17),(643,94343,'BARRANCO MINAS',17),(644,94663,'MAPIRIPANA',17),(645,94883,'SAN FELIPE',17),(646,94884,'PUERTO COLOMBIA',17),(647,94885,'LA GUADALUPE',17),(648,94886,'CACAHUAL',17),(649,94887,'PANA PANA',17),(650,94888,'MORICHAL',17),(651,95001,'SAN JOS DEL GUAVIARE',18),(652,95015,'CALAMAR',18),(653,95025,'EL RETORNO',18),(654,95200,'MIRAFLORES',18),(655,41001,'NEIVA',19),(656,41006,'ACEVEDO',19),(657,41013,'AGRADO',19),(658,41016,'AIPE',19),(659,41020,'ALGECIRAS',19),(660,41026,'ALTAMIRA',19),(661,41078,'BARAYA',19),(662,41132,'CAMPOALEGRE',19),(663,41206,'COLOMBIA',19),(664,41244,'ELAS',19),(665,41298,'GARZN',19),(666,41306,'GIGANTE',19),(667,41319,'GUADALUPE',19),(668,41349,'HOBO',19),(669,41357,'IQUIRA',19),(670,41359,'ISNOS',19),(671,41378,'LA ARGENTINA',19),(672,41396,'LA PLATA',19),(673,41483,'NTAGA',19),(674,41503,'OPORAPA',19),(675,41518,'PAICOL',19),(676,41524,'PALERMO',19),(677,41530,'PALESTINA',19),(678,41548,'PITAL',19),(679,41551,'PITALITO',19),(680,41615,'RIVERA',19),(681,41660,'SALADOBLANCO',19),(682,41668,'SAN AGUSTN',19),(683,41676,'SANTA MARA',19),(684,41770,'SUAZA',19),(685,41791,'TARQUI',19),(686,41797,'TESALIA',19),(687,41799,'TELLO',19),(688,41801,'TERUEL',19),(689,41807,'TIMAN',19),(690,41872,'VILLAVIEJA',19),(691,41885,'YAGUAR',19),(692,44001,'RIOHACHA',20),(693,44035,'ALBANIA',20),(694,44078,'BARRANCAS',20),(695,44090,'DIBULLA',20),(696,44098,'DISTRACCIN',20),(697,44110,'EL MOLINO',20),(698,44279,'FONSECA',20),(699,44378,'HATONUEVO',20),(700,44420,'LA JAGUA DEL PILAR',20),(701,44430,'MAICAO',20),(702,44560,'MANAURE',20),(703,44650,'SAN JUAN DEL CESAR',20),(704,44847,'URIBIA',20),(705,44855,'URUMITA',20),(706,44874,'VILLANUEVA',20),(707,47001,'SANTA MARTA',21),(708,47030,'ALGARROBO',21),(709,47053,'ARACATACA',21),(710,47058,'ARIGUAN',21),(711,47161,'CERRO SAN ANTONIO',21),(712,47170,'CHIVOLO',21),(713,47189,'CINAGA',21),(714,47205,'CONCORDIA',21),(715,47245,'EL BANCO',21),(716,47258,'EL PION',21),(717,47268,'EL RETN',21),(718,47288,'FUNDACIN',21),(719,47318,'GUAMAL',21),(720,47460,'NUEVA GRANADA',21),(721,47541,'PEDRAZA',21),(722,47545,'PIJIO DEL CARMEN',21),(723,47551,'PIVIJAY',21),(724,47555,'PLATO',21),(725,47570,'PUEBLOVIEJO',21),(726,47605,'REMOLINO',21),(727,47660,'SABANAS DE SAN ANGEL',21),(728,47675,'SALAMINA',21),(729,47692,'SAN SEBASTIN DE BUENAVISTA',21),(730,47703,'SAN ZENN',21),(731,47707,'SANTA ANA',21),(732,47720,'SANTA BRBARA DE PINTO',21),(733,47745,'SITIONUEVO',21),(734,47798,'TENERIFE',21),(735,47960,'ZAPAYN',21),(736,47980,'ZONA BANANERA',21),(737,50001,'VILLAVICENCIO',22),(738,50006,'ACACAS',22),(739,50110,'BARRANCA DE UPA',22),(740,50124,'CABUYARO',22),(741,50150,'CASTILLA LA NUEVA',22),(742,50223,'CUBARRAL',22),(743,50226,'CUMARAL',22),(744,50245,'EL CALVARIO',22),(745,50251,'EL CASTILLO',22),(746,50270,'EL DORADO',22),(747,50287,'FUENTE DE ORO',22),(748,50313,'GRANADA',22),(749,50318,'GUAMAL',22),(750,50325,'MAPIRIPN',22),(751,50330,'MESETAS',22),(752,50350,'LA MACARENA',22),(753,50370,'URIBE',22),(754,50400,'LEJANAS',22),(755,50450,'PUERTO CONCORDIA',22),(756,50568,'PUERTO GAITN',22),(757,50573,'PUERTO LPEZ',22),(758,50577,'PUERTO LLERAS',22),(759,50590,'PUERTO RICO',22),(760,50606,'RESTREPO',22),(761,50680,'SAN CARLOS DE GUAROA',22),(762,50683,'SAN JUAN DE ARAMA',22),(763,50686,'SAN JUANITO',22),(764,50689,'SAN MARTN',22),(765,50711,'VISTAHERMOSA',22),(766,52001,'PASTO',23),(767,52019,'ALBN',23),(768,52022,'ALDANA',23),(769,52036,'ANCUY',23),(770,52051,'ARBOLEDA',23),(771,52079,'BARBACOAS',23),(772,52083,'BELN',23),(773,52110,'BUESACO',23),(774,52203,'COLN',23),(775,52207,'CONSACA',23),(776,52210,'CONTADERO',23),(777,52215,'CRDOBA',23),(778,52224,'CUASPUD',23),(779,52227,'CUMBAL',23),(780,52233,'CUMBITARA',23),(781,52240,'CHACHAG',23),(782,52250,'EL CHARCO',23),(783,52254,'EL PEOL',23),(784,52256,'EL ROSARIO',23),(785,52258,'EL TABLN DE GMEZ',23),(786,52260,'EL TAMBO',23),(787,52287,'FUNES',23),(788,52317,'GUACHUCAL',23),(789,52320,'GUAITARILLA',23),(790,52323,'GUALMATN',23),(791,52352,'ILES',23),(792,52354,'IMUS',23),(793,52356,'IPIALES',23),(794,52378,'LA CRUZ',23),(795,52381,'LA FLORIDA',23),(796,52385,'LA LLANADA',23),(797,52390,'LA TOLA',23),(798,52399,'LA UNIN',23),(799,52405,'LEIVA',23),(800,52411,'LINARES',23),(801,52418,'LOS ANDES',23),(802,52427,'MAGI',23),(803,52435,'MALLAMA',23),(804,52473,'MOSQUERA',23),(805,52480,'NARIO',23),(806,52490,'OLAYA HERRERA',23),(807,52506,'OSPINA',23),(808,52520,'FRANCISCO PIZARRO',23),(809,52540,'POLICARPA',23),(810,52560,'POTOS',23),(811,52565,'PROVIDENCIA',23),(812,52573,'PUERRES',23),(813,52585,'PUPIALES',23),(814,52612,'RICAURTE',23),(815,52621,'ROBERTO PAYN',23),(816,52678,'SAMANIEGO',23),(817,52683,'SANDON',23),(818,52685,'SAN BERNARDO',23),(819,52687,'SAN LORENZO',23),(820,52693,'SAN PABLO',23),(821,52694,'SAN PEDRO DE CARTAGO',23),(822,52696,'SANTA BRBARA',23),(823,52699,'SANTACRUZ',23),(824,52720,'SAPUYES',23),(825,52786,'TAMINANGO',23),(826,52788,'TANGUA',23),(827,52835,'SAN ANDRES DE TUMACO',23),(828,52838,'TQUERRES',23),(829,52885,'YACUANQUER',23),(830,54001,'CCUTA',24),(831,54003,'ABREGO',24),(832,54051,'ARBOLEDAS',24),(833,54099,'BOCHALEMA',24),(834,54109,'BUCARASICA',24),(835,54125,'CCOTA',24),(836,54128,'CACHIR',24),(837,54172,'CHINCOTA',24),(838,54174,'CHITAG',24),(839,54206,'CONVENCIN',24),(840,54223,'CUCUTILLA',24),(841,54239,'DURANIA',24),(842,54245,'EL CARMEN',24),(843,54250,'EL TARRA',24),(844,54261,'EL ZULIA',24),(845,54313,'GRAMALOTE',24),(846,54344,'HACAR',24),(847,54347,'HERRN',24),(848,54377,'LABATECA',24),(849,54385,'LA ESPERANZA',24),(850,54398,'LA PLAYA',24),(851,54405,'LOS PATIOS',24),(852,54418,'LOURDES',24),(853,54480,'MUTISCUA',24),(854,54498,'OCAA',24),(855,54518,'PAMPLONA',24),(856,54520,'PAMPLONITA',24),(857,54553,'PUERTO SANTANDER',24),(858,54599,'RAGONVALIA',24),(859,54660,'SALAZAR',24),(860,54670,'SAN CALIXTO',24),(861,54673,'SAN CAYETANO',24),(862,54680,'SANTIAGO',24),(863,54720,'SARDINATA',24),(864,54743,'SILOS',24),(865,54800,'TEORAMA',24),(866,54810,'TIB',24),(867,54820,'TOLEDO',24),(868,54871,'VILLA CARO',24),(869,54874,'VILLA DEL ROSARIO',24),(870,86001,'MOCOA',25),(871,86219,'COLN',25),(872,86320,'ORITO',25),(873,86568,'PUERTO ASS',25),(874,86569,'PUERTO CAICEDO',25),(875,86571,'PUERTO GUZMN',25),(876,86573,'PUERTO LEGUZAMO',25),(877,86749,'SIBUNDOY',25),(878,86755,'SAN FRANCISCO',25),(879,86757,'SAN MIGUEL',25),(880,86760,'SANTIAGO',25),(881,86865,'VALLE DEL GUAMUEZ',25),(882,86885,'VILLAGARZN',25),(883,63001,'ARMENIA',26),(884,63111,'BUENAVISTA',26),(885,63130,'CALARCA',26),(886,63190,'CIRCASIA',26),(887,63212,'CRDOBA',26),(888,63272,'FILANDIA',26),(889,63302,'GNOVA',26),(890,63401,'LA TEBAIDA',26),(891,63470,'MONTENEGRO',26),(892,63548,'PIJAO',26),(893,63594,'QUIMBAYA',26),(894,63690,'SALENTO',26),(895,66001,'PEREIRA',27),(896,66045,'APA',27),(897,66075,'BALBOA',27),(898,66088,'BELN DE UMBRA',27),(899,66170,'DOSQUEBRADAS',27),(900,66318,'GUTICA',27),(901,66383,'LA CELIA',27),(902,66400,'LA VIRGINIA',27),(903,66440,'MARSELLA',27),(904,66456,'MISTRAT',27),(905,66572,'PUEBLO RICO',27),(906,66594,'QUINCHA',27),(907,66682,'SANTA ROSA DE CABAL',27),(908,66687,'SANTUARIO',27),(909,88001,'SAN ANDRS',28),(910,88564,'PROVIDENCIA',28),(911,68001,'BUCARAMANGA',29),(912,68013,'AGUADA',29),(913,68020,'ALBANIA',29),(914,68051,'ARATOCA',29),(915,68077,'BARBOSA',29),(916,68079,'BARICHARA',29),(917,68081,'BARRANCABERMEJA',29),(918,68092,'BETULIA',29),(919,68101,'BOLVAR',29),(920,68121,'CABRERA',29),(921,68132,'CALIFORNIA',29),(922,68147,'CAPITANEJO',29),(923,68152,'CARCAS',29),(924,68160,'CEPIT',29),(925,68162,'CERRITO',29),(926,68167,'CHARAL',29),(927,68169,'CHARTA',29),(928,68176,'CHIMA',29),(929,68179,'CHIPAT',29),(930,68190,'CIMITARRA',29),(931,68207,'CONCEPCIN',29),(932,68209,'CONFINES',29),(933,68211,'CONTRATACIN',29),(934,68217,'COROMORO',29),(935,68229,'CURIT',29),(936,68235,'EL CARMEN DE CHUCUR',29),(937,68245,'EL GUACAMAYO',29),(938,68250,'EL PEN',29),(939,68255,'EL PLAYN',29),(940,68264,'ENCINO',29),(941,68266,'ENCISO',29),(942,68271,'FLORIN',29),(943,68276,'FLORIDABLANCA',29),(944,68296,'GALN',29),(945,68298,'GAMBITA',29),(946,68307,'GIRN',29),(947,68318,'GUACA',29),(948,68320,'GUADALUPE',29),(949,68322,'GUAPOT',29),(950,68324,'GUAVAT',29),(951,68327,'GEPSA',29),(952,68344,'HATO',29),(953,68368,'JESS MARA',29),(954,68370,'JORDN',29),(955,68377,'LA BELLEZA',29),(956,68385,'LANDZURI',29),(957,68397,'LA PAZ',29),(958,68406,'LEBRIJA',29),(959,68418,'LOS SANTOS',29),(960,68425,'MACARAVITA',29),(961,68432,'MLAGA',29),(962,68444,'MATANZA',29),(963,68464,'MOGOTES',29),(964,68468,'MOLAGAVITA',29),(965,68498,'OCAMONTE',29),(966,68500,'OIBA',29),(967,68502,'ONZAGA',29),(968,68522,'PALMAR',29),(969,68524,'PALMAS DEL SOCORRO',29),(970,68533,'PRAMO',29),(971,68547,'PIEDECUESTA',29),(972,68549,'PINCHOTE',29),(973,68572,'PUENTE NACIONAL',29),(974,68573,'PUERTO PARRA',29),(975,68575,'PUERTO WILCHES',29),(976,68615,'RIONEGRO',29),(977,68655,'SABANA DE TORRES',29),(978,68669,'SAN ANDRS',29),(979,68673,'SAN BENITO',29),(980,68679,'SAN GIL',29),(981,68682,'SAN JOAQUN',29),(982,68684,'SAN JOS DE MIRANDA',29),(983,68686,'SAN MIGUEL',29),(984,68689,'SAN VICENTE DE CHUCUR',29),(985,68705,'SANTA BRBARA',29),(986,68720,'SANTA HELENA DEL OPN',29),(987,68745,'SIMACOTA',29),(988,68755,'SOCORRO',29),(989,68770,'SUAITA',29),(990,68773,'SUCRE',29),(991,68780,'SURAT',29),(992,68820,'TONA',29),(993,68855,'VALLE DE SAN JOS',29),(994,68861,'VLEZ',29),(995,68867,'VETAS',29),(996,68872,'VILLANUEVA',29),(997,68895,'ZAPATOCA',29),(998,70001,'SINCELEJO',30),(999,70110,'BUENAVISTA',30),(1000,70124,'CAIMITO',30),(1001,70204,'COLOSO',30),(1002,70215,'COROZAL',30),(1003,70221,'COVEAS',30),(1004,70230,'CHALN',30),(1005,70233,'EL ROBLE',30),(1006,70235,'GALERAS',30),(1007,70265,'GUARANDA',30),(1008,70400,'LA UNIN',30),(1009,70418,'LOS PALMITOS',30),(1010,70429,'MAJAGUAL',30),(1011,70473,'MORROA',30),(1012,70508,'OVEJAS',30),(1013,70523,'PALMITO',30),(1014,70670,'SAMPUS',30),(1015,70678,'SAN BENITO ABAD',30),(1016,70702,'SAN JUAN DE BETULIA',30),(1017,70708,'SAN MARCOS',30),(1018,70713,'SAN ONOFRE',30),(1019,70717,'SAN PEDRO',30),(1020,70742,'SAN LUIS DE SINC',30),(1021,70771,'SUCRE',30),(1022,70820,'SANTIAGO DE TOL',30),(1023,70823,'TOL VIEJO',30),(1024,73001,'IBAGU',31),(1025,73024,'ALPUJARRA',31),(1026,73026,'ALVARADO',31),(1027,73030,'AMBALEMA',31),(1028,73043,'ANZOTEGUI',31),(1029,73055,'ARMERO',31),(1030,73067,'ATACO',31),(1031,73124,'CAJAMARCA',31),(1032,73148,'CARMEN DE APICAL',31),(1033,73152,'CASABIANCA',31),(1034,73168,'CHAPARRAL',31),(1035,73200,'COELLO',31),(1036,73217,'COYAIMA',31),(1037,73226,'CUNDAY',31),(1038,73236,'DOLORES',31),(1039,73268,'ESPINAL',31),(1040,73270,'FALAN',31),(1041,73275,'FLANDES',31),(1042,73283,'FRESNO',31),(1043,73319,'GUAMO',31),(1044,73347,'HERVEO',31),(1045,73349,'HONDA',31),(1046,73352,'ICONONZO',31),(1047,73408,'LRIDA',31),(1048,73411,'LBANO',31),(1049,73443,'SAN SEBASTIN DE MARIQUITA',31),(1050,73449,'MELGAR',31),(1051,73461,'MURILLO',31),(1052,73483,'NATAGAIMA',31),(1053,73504,'ORTEGA',31),(1054,73520,'PALOCABILDO',31),(1055,73547,'PIEDRAS',31),(1056,73555,'PLANADAS',31),(1057,73563,'PRADO',31),(1058,73585,'PURIFICACIN',31),(1059,73616,'RIOBLANCO',31),(1060,73622,'RONCESVALLES',31),(1061,73624,'ROVIRA',31),(1062,73671,'SALDAA',31),(1063,73675,'SAN ANTONIO',31),(1064,73678,'SAN LUIS',31),(1065,73686,'SANTA ISABEL',31),(1066,73770,'SUREZ',31),(1067,73854,'VALLE DE SAN JUAN',31),(1068,73861,'VENADILLO',31),(1069,73870,'VILLAHERMOSA',31),(1070,73873,'VILLARRICA',31),(1071,76001,'CALI',32),(1072,76020,'ALCAL',32),(1073,76036,'ANDALUCA',32),(1074,76041,'ANSERMANUEVO',32),(1075,76054,'ARGELIA',32),(1076,76100,'BOLVAR',32),(1077,76109,'BUENAVENTURA',32),(1078,76111,'GUADALAJARA DE BUGA',32),(1079,76113,'BUGALAGRANDE',32),(1080,76122,'CAICEDONIA',32),(1081,76126,'CALIMA',32),(1082,76130,'CANDELARIA',32),(1083,76147,'CARTAGO',32),(1084,76233,'DAGUA',32),(1085,76243,'EL GUILA',32),(1086,76246,'EL CAIRO',32),(1087,76248,'EL CERRITO',32),(1088,76250,'EL DOVIO',32),(1089,76275,'FLORIDA',32),(1090,76306,'GINEBRA',32),(1091,76318,'GUACAR',32),(1092,76364,'JAMUND',32),(1093,76377,'LA CUMBRE',32),(1094,76400,'LA UNIN',32),(1095,76403,'LA VICTORIA',32),(1096,76497,'OBANDO',32),(1097,76520,'PALMIRA',32),(1098,76563,'PRADERA',32),(1099,76606,'RESTREPO',32),(1100,76616,'RIOFRO',32),(1101,76622,'ROLDANILLO',32),(1102,76670,'SAN PEDRO',32),(1103,76736,'SEVILLA',32),(1104,76823,'TORO',32),(1105,76828,'TRUJILLO',32),(1106,76834,'TULU',32),(1107,76845,'ULLOA',32),(1108,76863,'VERSALLES',32),(1109,76869,'VIJES',32),(1110,76890,'YOTOCO',32),(1111,76892,'YUMBO',32),(1112,76895,'ZARZAL',32),(1113,97001,'MIT',33),(1114,97161,'CARURU',33),(1115,97511,'PACOA',33),(1116,97666,'TARAIRA',33),(1117,97777,'PAPUNAUA',33),(1118,97889,'YAVARAT',33),(1119,99001,'PUERTO CARREO',34),(1120,99524,'LA PRIMAVERA',34),(1121,99624,'SANTA ROSALA',34),(1122,99773,'CUMARIBO',34),(1123,589,'LIMA',35);
/*!40000 ALTER TABLE `tbl_city` ENABLE KEYS */;
UNLOCK TABLES;

--
-- Table structure for table `tbl_country`
--

DROP TABLE IF EXISTS `tbl_country`;
/*!40101 SET @saved_cs_client     = @@character_set_client */;
 SET character_set_client = utf8mb4 ;
CREATE TABLE `tbl_country` (
  `ccn_country` int NOT NULL AUTO_INCREMENT,
  `id_country` int NOT NULL,
  `description_country` varchar(100) NOT NULL,
  PRIMARY KEY (`ccn_country`)
) ENGINE=InnoDB AUTO_INCREMENT=4 DEFAULT CHARSET=utf8mb4 COLLATE=utf8mb4_0900_ai_ci;
/*!40101 SET character_set_client = @saved_cs_client */;

--
-- Dumping data for table `tbl_country`
--

LOCK TABLES `tbl_country` WRITE;
/*!40000 ALTER TABLE `tbl_country` DISABLE KEYS */;
INSERT INTO `tbl_country` VALUES (1,57,'COLOMBIA'),(2,58,'VENEZUELA'),(3,51,'PER');
/*!40000 ALTER TABLE `tbl_country` ENABLE KEYS */;
UNLOCK TABLES;

--
-- Table structure for table `tbl_demographic_data`
--

DROP TABLE IF EXISTS `tbl_demographic_data`;
/*!40101 SET @saved_cs_client     = @@character_set_client */;
 SET character_set_client = utf8mb4 ;
CREATE TABLE `tbl_demographic_data` (
  `ccn_demographic_data` int NOT NULL AUTO_INCREMENT,
  `ccn_employee` int DEFAULT NULL,
  `birth_department` int DEFAULT NULL,
  `birth_city` int DEFAULT NULL,
  `department_residence` int DEFAULT NULL,
  `city_residence` int DEFAULT NULL,
  `ccn_schooling_level` int DEFAULT NULL,
  `ccn_race` int DEFAULT NULL,
  `is_head_of_household` tinyint(1) NOT NULL,
  `birth_country` int DEFAULT NULL,
  `country_residence` int DEFAULT NULL,
  PRIMARY KEY (`ccn_demographic_data`),
  UNIQUE KEY `ccn_employee_2` (`ccn_employee`),
  KEY `ccn_employee` (`ccn_employee`),
  KEY `department_residence` (`department_residence`),
  KEY `ccn_race` (`ccn_race`),
  KEY `ccn_schooling_level` (`ccn_schooling_level`),
  KEY `birth_department` (`birth_department`),
  KEY `birth_city` (`birth_city`),
  KEY `city_residence` (`city_residence`),
  KEY `country_residence` (`country_residence`),
  KEY `birth_country` (`birth_country`),
  CONSTRAINT `tbl_demographic_data_ibfk_1` FOREIGN KEY (`ccn_employee`) REFERENCES `tbl_employee` (`ccn_employee`),
  CONSTRAINT `tbl_demographic_data_ibfk_10` FOREIGN KEY (`country_residence`) REFERENCES `tbl_country` (`ccn_country`),
  CONSTRAINT `tbl_demographic_data_ibfk_11` FOREIGN KEY (`birth_country`) REFERENCES `tbl_country` (`ccn_country`),
  CONSTRAINT `tbl_demographic_data_ibfk_2` FOREIGN KEY (`department_residence`) REFERENCES `tbl_department` (`ccn_department`),
  CONSTRAINT `tbl_demographic_data_ibfk_4` FOREIGN KEY (`ccn_race`) REFERENCES `tbl_race` (`ccn_race`),
  CONSTRAINT `tbl_demographic_data_ibfk_6` FOREIGN KEY (`ccn_schooling_level`) REFERENCES `tbl_schooling_level` (`ccn_schooling_level`),
  CONSTRAINT `tbl_demographic_data_ibfk_7` FOREIGN KEY (`birth_department`) REFERENCES `tbl_department` (`ccn_department`),
  CONSTRAINT `tbl_demographic_data_ibfk_8` FOREIGN KEY (`birth_city`) REFERENCES `tbl_city` (`ccn_city`),
  CONSTRAINT `tbl_demographic_data_ibfk_9` FOREIGN KEY (`city_residence`) REFERENCES `tbl_city` (`ccn_city`)
) ENGINE=InnoDB AUTO_INCREMENT=131 DEFAULT CHARSET=utf8mb4 COLLATE=utf8mb4_0900_ai_ci;
/*!40101 SET character_set_client = @saved_cs_client */;

--
-- Dumping data for table `tbl_demographic_data`
--

LOCK TABLES `tbl_demographic_data` WRITE;
/*!40000 ALTER TABLE `tbl_demographic_data` DISABLE KEYS */;
INSERT INTO `tbl_demographic_data` VALUES (1,3,1,167,1,167,10,2,0,1,1),(2,21,1,1,1,1,9,2,1,1,1),(3,18,1,585,1,585,8,2,0,1,1),(4,4,1,222,1,167,9,2,0,1,1),(5,17,1,585,1,585,9,2,0,1,1),(6,28,1,641,1,167,10,2,0,1,1),(7,29,1,167,1,641,10,2,0,1,1),(8,9,1,585,1,585,8,1,0,1,1),(9,30,1,167,1,536,10,2,0,1,1),(10,32,21,707,1,641,9,2,0,1,1),(11,33,8,431,1,585,5,2,0,1,1),(12,8,1,563,1,585,7,2,1,1,1),(13,36,1,167,1,167,9,2,0,1,1),(14,34,8,245,1,585,7,2,0,1,1),(15,35,1,585,1,585,5,2,1,1,1),(16,37,1,585,1,585,7,2,0,1,1),(17,38,11,389,1,167,7,2,0,1,1),(18,39,1,167,1,167,9,2,0,1,1),(19,40,7,168,1,641,9,2,0,1,1),(20,41,1,167,1,167,10,2,0,1,1),(21,42,1,619,1,541,9,2,0,1,1),(22,25,23,766,1,167,10,2,0,1,1),(23,43,1,167,1,641,8,2,0,1,1),(24,44,1,167,1,167,10,2,0,1,1),(25,45,1,167,1,167,9,2,0,1,1),(26,1,1,167,1,167,10,2,0,1,1),(27,46,1,641,1,585,10,2,0,1,1),(28,2,1,167,1,167,5,2,0,1,1),(29,16,29,917,1,167,15,2,0,1,1),(30,19,8,311,1,585,9,2,0,1,1),(31,20,1,167,1,167,9,2,0,1,1),(32,5,1,585,1,585,6,2,0,1,1),(33,13,1,167,1,585,5,2,0,1,1),(34,11,1,167,1,167,15,2,0,1,1),(35,10,1,167,1,167,9,2,0,1,1),(36,24,1,167,1,167,8,2,0,1,1),(37,22,1,167,1,641,16,2,0,1,1),(38,14,1,541,1,541,16,2,0,1,1),(39,26,19,655,1,167,15,2,0,1,1),(40,27,1,167,1,167,16,2,0,1,1),(41,23,1,167,1,167,9,2,0,1,1),(42,47,29,403,1,585,8,2,0,1,1),(43,15,2,12,1,167,10,2,0,1,1),(44,48,8,297,1,585,7,2,0,1,1),(45,49,1,167,1,167,9,2,0,1,1),(46,50,1,416,1,585,7,2,0,1,1),(47,51,1,167,1,167,9,2,0,1,1),(48,52,1,167,1,167,16,2,0,1,1),(49,53,1,167,1,167,16,2,0,1,1),(50,54,1,585,1,585,3,2,0,1,1),(51,55,1,563,1,585,5,2,0,1,1),(52,56,1,167,1,585,10,2,0,1,1),(53,57,1,167,1,641,7,2,0,1,1),(54,58,1,167,1,585,8,2,0,1,1),(55,59,1,551,1,585,7,2,0,1,1),(56,60,8,245,1,585,8,2,0,1,1),(57,61,1,641,1,641,7,2,0,1,1),(58,62,1,559,1,585,5,2,0,1,1),(59,63,1,167,1,536,9,2,1,1,1),(60,64,1,416,1,541,15,2,0,1,1),(61,65,1,585,1,585,8,2,0,1,1),(62,66,1,167,1,585,5,2,0,1,1),(63,67,1,585,1,585,5,2,0,1,1),(64,68,8,246,1,585,5,2,0,1,1),(65,70,1,551,1,585,5,2,0,1,1),(66,72,13,442,1,585,7,2,0,1,1),(67,73,1,585,1,585,7,2,0,1,1),(68,74,8,245,1,585,7,2,0,1,1),(69,75,1,580,1,585,5,2,1,1,1),(70,76,1,167,1,167,16,2,0,1,1),(71,77,1,590,1,585,5,2,0,1,1),(72,78,1,585,1,585,5,2,0,1,1),(73,105,16,167,16,167,9,2,0,1,1),(74,79,8,311,1,558,8,2,1,1,1),(75,80,1,641,1,585,7,2,0,1,1),(76,81,8,292,1,585,5,2,0,1,1),(77,82,1,630,1,585,5,2,0,1,1),(78,83,1,585,1,585,6,2,0,1,1),(79,84,1,167,1,167,8,2,0,1,1),(80,85,11,380,1,585,8,2,0,1,1),(81,86,1,167,1,167,16,2,0,1,1),(82,87,1,314,1,585,5,2,1,1,1),(83,92,1,585,1,585,8,2,0,1,1),(84,88,1,585,1,585,7,2,0,1,1),(85,93,1,641,1,585,5,2,1,1,1),(86,94,1,641,1,585,5,2,0,1,1),(87,89,8,246,1,585,5,2,0,1,1),(88,95,1,641,1,641,8,2,0,1,1),(89,98,29,911,1,585,6,2,0,1,1),(90,106,13,441,1,585,7,2,0,1,1),(91,99,13,441,1,585,7,6,0,1,1),(92,100,2,24,1,585,7,2,0,1,1),(93,101,1,585,1,585,3,2,0,1,1),(94,102,35,1123,35,1123,16,3,0,3,3),(95,69,29,911,1,641,9,2,0,1,1),(96,103,8,325,1,585,5,2,0,1,1),(97,104,29,911,1,585,3,2,0,1,1),(98,71,1,167,1,167,9,3,0,1,1),(99,107,1,641,1,545,7,2,0,1,1),(100,108,29,403,1,585,5,2,0,1,1),(101,109,23,766,16,585,5,2,0,1,1),(102,110,8,232,1,585,5,2,1,1,1),(103,111,16,167,16,585,5,2,0,1,1),(104,112,1,622,16,585,5,2,0,1,1),(105,113,1,167,1,641,8,2,0,1,1),(106,114,1,585,1,585,5,2,0,1,1),(107,115,1,641,1,585,5,2,0,1,1),(108,116,1,641,1,585,7,2,0,1,1),(109,117,1,585,1,585,5,2,0,1,1),(110,118,1,552,1,585,5,2,1,1,1),(111,6,1,167,1,585,5,2,1,1,1),(112,120,1,585,1,585,5,2,0,1,1),(113,121,24,830,1,541,9,2,0,1,1),(114,122,12,26,1,641,9,2,0,1,1),(115,123,1,639,1,585,7,2,0,1,1),(116,124,1,585,1,585,5,2,1,1,1),(117,125,1,167,1,167,7,2,0,1,1),(118,126,29,940,1,167,9,2,0,1,1),(119,128,16,585,16,585,5,6,0,1,1),(120,129,1,167,1,167,9,6,0,1,1),(129,130,1,167,1,167,4,6,1,1,1),(130,132,1,167,1,167,10,3,0,1,1);
/*!40000 ALTER TABLE `tbl_demographic_data` ENABLE KEYS */;
UNLOCK TABLES;

--
-- Table structure for table `tbl_department`
--

DROP TABLE IF EXISTS `tbl_department`;
/*!40101 SET @saved_cs_client     = @@character_set_client */;
 SET character_set_client = utf8mb4 ;
CREATE TABLE `tbl_department` (
  `ccn_department` int NOT NULL AUTO_INCREMENT,
  `id_department` int NOT NULL,
  `description_department` varchar(60) NOT NULL,
  `ccn_country` int NOT NULL,
  PRIMARY KEY (`ccn_department`),
  KEY `ccn_country` (`ccn_country`),
  CONSTRAINT `tbl_department_ibfk_1` FOREIGN KEY (`ccn_country`) REFERENCES `tbl_country` (`ccn_country`)
) ENGINE=InnoDB AUTO_INCREMENT=36 DEFAULT CHARSET=utf8mb4 COLLATE=utf8mb4_0900_ai_ci;
/*!40101 SET character_set_client = @saved_cs_client */;

--
-- Dumping data for table `tbl_department`
--

LOCK TABLES `tbl_department` WRITE;
/*!40000 ALTER TABLE `tbl_department` DISABLE KEYS */;
INSERT INTO `tbl_department` VALUES (1,11,'CUNDINAMARCA',1),(2,5,'ANTIOQUIA',1),(3,91,'AMAZONAS',1),(5,81,'ARAUCA',1),(6,8,'ATLANTICO',1),(7,13,'BOLIVAR',1),(8,15,'BOYACA',1),(9,17,'CALDAS',1),(10,18,'CAQUETA',1),(11,85,'CASANARE',1),(12,19,'CAUCA',1),(13,20,'CESAR',1),(14,27,'CHOCO',1),(15,23,'CORDOBA',1),(16,25,'CUNDINAMARCA',1),(17,94,'GUAINIA',1),(18,95,'GUAVIARE',1),(19,41,'HUILA',1),(20,44,'LA GUAJIRA',1),(21,47,'MAGDALENA',1),(22,50,'META',1),(23,52,'NARIO',1),(24,54,'NORTE DE SANTANDER',1),(25,86,'PUTUMAYO',1),(26,63,'QUIBDO',1),(27,66,'RISARALDA',1),(28,88,'SAN ANDRES',1),(29,68,'SANTANDER',1),(30,70,'SUCRE',1),(31,73,'TOLIMA',1),(32,76,'VALLE DEL CAUCA',1),(33,97,'VAUPES',1),(34,99,'VICHADA',1),(35,589,'LIMA',3);
/*!40000 ALTER TABLE `tbl_department` ENABLE KEYS */;
UNLOCK TABLES;

--
-- Table structure for table `tbl_directive_performance_evaluation`
--

DROP TABLE IF EXISTS `tbl_directive_performance_evaluation`;
/*!40101 SET @saved_cs_client     = @@character_set_client */;
 SET character_set_client = utf8mb4 ;
CREATE TABLE `tbl_directive_performance_evaluation` (
  `ccn_directive_performance_evaluation` int NOT NULL AUTO_INCREMENT,
  `ccn_performance_evaluation` int DEFAULT NULL,
  `ccn_employee` int DEFAULT NULL,
  `engagement_or_productivity` varchar(10) DEFAULT NULL,
  `communication_skills` varchar(10) DEFAULT NULL,
  `adaptation_to_change` varchar(10) DEFAULT NULL,
  `customer_orientation` varchar(10) DEFAULT NULL,
  `innovation` varchar(10) DEFAULT NULL,
  `professional_rigor` varchar(10) DEFAULT NULL,
  `problem_resolution` varchar(10) DEFAULT NULL,
  `leadership` varchar(10) DEFAULT NULL,
  `organization` varchar(10) DEFAULT NULL,
  `overall_score` int DEFAULT NULL,
  `level_value` varchar(50) DEFAULT NULL,
  `employee_response` varchar(900) DEFAULT NULL,
  `first_action_plan` varchar(50) DEFAULT NULL,
  `first_action_plan_date` varchar(10) DEFAULT NULL,
  `first_period_of_execution` varchar(100) DEFAULT NULL,
  `second_action_plan` varchar(50) DEFAULT NULL,
  `second_action_plan_date` varchar(10) DEFAULT NULL,
  `second_period_of_execution` varchar(100) DEFAULT NULL,
  `third_action_plan` varchar(50) DEFAULT NULL,
  `third_action_plan_date` varchar(10) DEFAULT NULL,
  `third_period_of_execution` varchar(100) DEFAULT NULL,
  `immediate_boss_observation` varchar(900) DEFAULT NULL,
  `manager_response` varchar(900) DEFAULT NULL,
  `manager_approval` tinyint(1) DEFAULT NULL,
  `employee_approval` tinyint(1) DEFAULT NULL,
  PRIMARY KEY (`ccn_directive_performance_evaluation`),
  KEY `ccn_employee` (`ccn_employee`),
  KEY `ccn_performance_evaluation` (`ccn_performance_evaluation`),
  CONSTRAINT `tbl_directive_performance_evaluation_ibfk_1` FOREIGN KEY (`ccn_employee`) REFERENCES `tbl_employment_relationship` (`ccn_employee`),
  CONSTRAINT `tbl_directive_performance_evaluation_ibfk_2` FOREIGN KEY (`ccn_performance_evaluation`) REFERENCES `tbl_performance_evaluation` (`ccn_performance_evaluation`)
) ENGINE=InnoDB AUTO_INCREMENT=33 DEFAULT CHARSET=utf8mb4 COLLATE=utf8mb4_0900_ai_ci;
/*!40101 SET character_set_client = @saved_cs_client */;

--
-- Dumping data for table `tbl_directive_performance_evaluation`
--

LOCK TABLES `tbl_directive_performance_evaluation` WRITE;
/*!40000 ALTER TABLE `tbl_directive_performance_evaluation` DISABLE KEYS */;
INSERT INTO `tbl_directive_performance_evaluation` VALUES (1,56,30,NULL,NULL,NULL,NULL,NULL,NULL,NULL,NULL,NULL,NULL,NULL,NULL,NULL,NULL,NULL,NULL,NULL,NULL,NULL,NULL,NULL,NULL,NULL,1,NULL),(2,57,15,NULL,NULL,NULL,NULL,NULL,NULL,NULL,NULL,NULL,NULL,NULL,NULL,NULL,NULL,NULL,NULL,NULL,NULL,NULL,NULL,NULL,NULL,NULL,1,NULL),(3,58,53,NULL,NULL,NULL,NULL,NULL,NULL,NULL,NULL,NULL,NULL,NULL,NULL,NULL,NULL,NULL,NULL,NULL,NULL,NULL,NULL,NULL,NULL,NULL,1,NULL),(4,59,86,NULL,NULL,NULL,NULL,NULL,NULL,NULL,NULL,NULL,NULL,NULL,NULL,NULL,NULL,NULL,NULL,NULL,NULL,NULL,NULL,NULL,NULL,NULL,1,NULL),(5,70,52,NULL,NULL,NULL,NULL,NULL,NULL,NULL,NULL,NULL,NULL,NULL,NULL,NULL,NULL,NULL,NULL,NULL,NULL,NULL,NULL,NULL,NULL,NULL,1,NULL),(6,80,76,NULL,NULL,NULL,NULL,NULL,NULL,NULL,NULL,NULL,NULL,NULL,NULL,NULL,NULL,NULL,NULL,NULL,NULL,NULL,NULL,NULL,NULL,NULL,1,NULL),(7,97,45,NULL,NULL,NULL,NULL,NULL,NULL,NULL,NULL,NULL,NULL,NULL,NULL,NULL,NULL,NULL,NULL,NULL,NULL,NULL,NULL,NULL,NULL,NULL,1,NULL),(8,98,1,NULL,NULL,NULL,NULL,NULL,NULL,NULL,NULL,NULL,NULL,NULL,NULL,NULL,NULL,NULL,NULL,NULL,NULL,NULL,NULL,NULL,NULL,NULL,1,NULL),(9,99,3,NULL,NULL,NULL,NULL,NULL,NULL,NULL,NULL,NULL,NULL,NULL,NULL,NULL,NULL,NULL,NULL,NULL,NULL,NULL,NULL,NULL,NULL,NULL,1,NULL),(11,101,11,NULL,NULL,NULL,NULL,NULL,NULL,NULL,NULL,NULL,NULL,NULL,NULL,NULL,NULL,NULL,NULL,NULL,NULL,NULL,NULL,NULL,NULL,NULL,1,NULL),(12,103,12,NULL,NULL,NULL,NULL,NULL,NULL,NULL,NULL,NULL,NULL,NULL,NULL,NULL,NULL,NULL,NULL,NULL,NULL,NULL,NULL,NULL,NULL,NULL,1,NULL),(18,110,21,NULL,NULL,NULL,NULL,NULL,NULL,NULL,NULL,NULL,NULL,NULL,NULL,NULL,NULL,NULL,NULL,NULL,NULL,NULL,NULL,NULL,NULL,NULL,1,NULL),(22,138,71,NULL,NULL,NULL,NULL,NULL,NULL,NULL,NULL,NULL,NULL,NULL,NULL,NULL,NULL,NULL,NULL,NULL,NULL,NULL,NULL,NULL,NULL,NULL,NULL,NULL),(23,139,86,NULL,NULL,NULL,NULL,NULL,NULL,NULL,NULL,NULL,NULL,NULL,NULL,NULL,NULL,NULL,NULL,NULL,NULL,NULL,NULL,NULL,NULL,NULL,NULL,NULL),(24,159,15,NULL,NULL,NULL,NULL,NULL,NULL,NULL,NULL,NULL,NULL,NULL,NULL,NULL,NULL,NULL,NULL,NULL,NULL,NULL,NULL,NULL,NULL,NULL,NULL,NULL),(25,161,21,NULL,NULL,NULL,NULL,NULL,NULL,NULL,NULL,NULL,NULL,NULL,NULL,NULL,NULL,NULL,NULL,NULL,NULL,NULL,NULL,NULL,NULL,NULL,NULL,NULL),(26,169,52,NULL,NULL,NULL,NULL,NULL,NULL,NULL,NULL,NULL,NULL,NULL,NULL,NULL,NULL,NULL,NULL,NULL,NULL,NULL,NULL,NULL,NULL,NULL,NULL,NULL),(27,170,12,NULL,NULL,NULL,NULL,NULL,NULL,NULL,NULL,NULL,NULL,NULL,NULL,NULL,NULL,NULL,NULL,NULL,NULL,NULL,NULL,NULL,NULL,NULL,NULL,NULL),(28,186,30,NULL,NULL,NULL,NULL,NULL,NULL,NULL,NULL,NULL,NULL,NULL,NULL,NULL,NULL,NULL,NULL,NULL,NULL,NULL,NULL,NULL,NULL,NULL,NULL,NULL),(29,188,3,NULL,NULL,NULL,NULL,NULL,NULL,NULL,NULL,NULL,NULL,NULL,NULL,NULL,NULL,NULL,NULL,NULL,NULL,NULL,NULL,NULL,NULL,NULL,NULL,NULL),(30,196,76,NULL,NULL,NULL,NULL,NULL,NULL,NULL,NULL,NULL,NULL,NULL,NULL,NULL,NULL,NULL,NULL,NULL,NULL,NULL,NULL,NULL,NULL,NULL,NULL,NULL),(31,197,45,NULL,NULL,NULL,NULL,NULL,NULL,NULL,NULL,NULL,NULL,NULL,NULL,NULL,NULL,NULL,NULL,NULL,NULL,NULL,NULL,NULL,NULL,NULL,NULL,NULL),(32,200,102,NULL,NULL,NULL,NULL,NULL,NULL,NULL,NULL,NULL,NULL,NULL,NULL,NULL,NULL,NULL,NULL,NULL,NULL,NULL,NULL,NULL,NULL,NULL,NULL,NULL);
/*!40000 ALTER TABLE `tbl_directive_performance_evaluation` ENABLE KEYS */;
UNLOCK TABLES;

--
-- Table structure for table `tbl_diseases`
--

DROP TABLE IF EXISTS `tbl_diseases`;
/*!40101 SET @saved_cs_client     = @@character_set_client */;
 SET character_set_client = utf8mb4 ;
CREATE TABLE `tbl_diseases` (
  `ccn_diseases` int NOT NULL AUTO_INCREMENT,
  `diseases` varchar(150) DEFAULT NULL,
  PRIMARY KEY (`ccn_diseases`)
) ENGINE=InnoDB AUTO_INCREMENT=12 DEFAULT CHARSET=utf8mb4 COLLATE=utf8mb4_0900_ai_ci;
/*!40101 SET character_set_client = @saved_cs_client */;

--
-- Dumping data for table `tbl_diseases`
--

LOCK TABLES `tbl_diseases` WRITE;
/*!40000 ALTER TABLE `tbl_diseases` DISABLE KEYS */;
INSERT INTO `tbl_diseases` VALUES (1,'DIABETES'),(2,'TIROIDES'),(3,'ENFERMEDADES CARDIOVASCULARES'),(4,'HIPERTENSIN ARTERIAL'),(5,'ACCIDENTE CEREBROVASCULAR'),(6,'ENFERMEDADES INMUNOSUPRESORAS'),(7,'ENFERMEDAD PULMONAR OBSTRUCTIVA CRONICA'),(8,'MALNUTRICION POR OBESIDAD'),(9,'MALNUTRICION POR DESNUTRICION'),(10,'OTRA'),(11,'NINGUNA');
/*!40000 ALTER TABLE `tbl_diseases` ENABLE KEYS */;
UNLOCK TABLES;

--
-- Table structure for table `tbl_diseases_employee`
--

DROP TABLE IF EXISTS `tbl_diseases_employee`;
/*!40101 SET @saved_cs_client     = @@character_set_client */;
 SET character_set_client = utf8mb4 ;
CREATE TABLE `tbl_diseases_employee` (
  `ccn_diseases_employee` int NOT NULL AUTO_INCREMENT,
  `ccn_employee` int DEFAULT NULL,
  `ccn_diseases` int DEFAULT NULL,
  PRIMARY KEY (`ccn_diseases_employee`),
  KEY `ccn_diseases` (`ccn_diseases`),
  KEY `ccn_employee` (`ccn_employee`),
  CONSTRAINT `tbl_diseases_employee_ibfk_1` FOREIGN KEY (`ccn_diseases`) REFERENCES `tbl_diseases` (`ccn_diseases`),
  CONSTRAINT `tbl_diseases_employee_ibfk_2` FOREIGN KEY (`ccn_employee`) REFERENCES `tbl_employee` (`ccn_employee`)
) ENGINE=InnoDB DEFAULT CHARSET=utf8mb4 COLLATE=utf8mb4_0900_ai_ci;
/*!40101 SET character_set_client = @saved_cs_client */;

--
-- Dumping data for table `tbl_diseases_employee`
--

LOCK TABLES `tbl_diseases_employee` WRITE;
/*!40000 ALTER TABLE `tbl_diseases_employee` DISABLE KEYS */;
/*!40000 ALTER TABLE `tbl_diseases_employee` ENABLE KEYS */;
UNLOCK TABLES;

--
-- Table structure for table `tbl_emergency_contact_details`
--

DROP TABLE IF EXISTS `tbl_emergency_contact_details`;
/*!40101 SET @saved_cs_client     = @@character_set_client */;
 SET character_set_client = utf8mb4 ;
CREATE TABLE `tbl_emergency_contact_details` (
  `ccn_emergency_contact_details` int NOT NULL AUTO_INCREMENT,
  `ccn_employee` int DEFAULT NULL,
  `emergency_contact` varchar(60) NOT NULL,
  `ccn_relationship` int DEFAULT NULL,
  `cellphone` varchar(40) NOT NULL,
  PRIMARY KEY (`ccn_emergency_contact_details`),
  UNIQUE KEY `ccn_employee_2` (`ccn_employee`),
  UNIQUE KEY `ccn_employee_3` (`ccn_employee`),
  KEY `ccn_employee` (`ccn_employee`),
  KEY `ccn_relationship` (`ccn_relationship`),
  CONSTRAINT `tbl_emergency_contact_details_ibfk_1` FOREIGN KEY (`ccn_employee`) REFERENCES `tbl_employee` (`ccn_employee`),
  CONSTRAINT `tbl_emergency_contact_details_ibfk_2` FOREIGN KEY (`ccn_relationship`) REFERENCES `tbl_relationship` (`ccn_relationship`)
) ENGINE=InnoDB AUTO_INCREMENT=131 DEFAULT CHARSET=utf8mb4 COLLATE=utf8mb4_0900_ai_ci;
/*!40101 SET character_set_client = @saved_cs_client */;

--
-- Dumping data for table `tbl_emergency_contact_details`
--

LOCK TABLES `tbl_emergency_contact_details` WRITE;
/*!40000 ALTER TABLE `tbl_emergency_contact_details` DISABLE KEYS */;
INSERT INTO `tbl_emergency_contact_details` VALUES (2,7,'UBALDINA RODRIGUEZ',5,'3184984559'),(3,8,'CENAIDA PINZON',5,'3148227436'),(4,5,'MARIA ANGELINA POVEDA GOMEZ',5,'3212256744'),(5,9,'MYRIAM ROMERO',5,'3016253978'),(6,2,'MILLER LANDY SALAMANCA',5,'3224136648'),(7,10,'FLOR MARINA HERRERA',5,'3132600643'),(8,11,'MARIA DEL PILAR MEDINA',5,'3107652046'),(9,12,'DANIELA SANCHEZ',1,'3123239648'),(10,13,'DARIO PEREZ',1,'3223596658'),(11,14,'ELIZABETH MORENO',5,'3105639907'),(12,3,'LUISA TORRADO',1,'3112508054'),(13,16,'MIGUEL PEA',1,'3124343759'),(14,17,'MERCEDES CASAS',5,'3112713455'),(15,18,'EMILCE RODRIGUEZ',9,'3114895180'),(16,19,'IRENE MATEUS',5,'3133545321'),(17,20,'LUZ MERY GAMBOA',5,'3162249023'),(18,21,'INGRY TABOADA JIMENEZ',9,'3014932343'),(19,1,'LUZ DARY AGUILERA GUERRERO',5,'3045772831'),(20,22,'SONIA SOTELO',5,'3229015777'),(21,23,'MARINA MURILLO',5,'3118041658'),(22,24,'NANCY BOCANEGRA',5,'3112553861'),(23,25,'ANALUCIA CHACON',5,'3142885899'),(24,26,'JENNY ANDREA RAMIREZ',1,'3042923964'),(25,27,'AMPARO OROZCO',5,'3118276523'),(26,4,'MIRYAN MEDINA',9,'3108833623'),(27,28,'STHEFANI MARTINEZ',1,'3132011379'),(28,29,'CESAR JAVIER GALLEGOS RODRIGUEZ',1,'3134620452'),(29,30,'YENNY VALERO',9,'3106135993'),(30,32,'SANDRA GRIJALBA',5,'3216951354'),(31,33,'MARISELA VELANDIA',17,'3122480953'),(32,36,'MARIA EUGENIA TABARES',5,'3118576848'),(33,34,'JUAN CARLOS GELVIS',1,'3143243052'),(34,35,'CARMEN HERNANDEZ',5,'3124614970'),(35,37,'JONATHAN LINDARTE',1,'3144406389'),(36,38,'GUSTAVO SANCHEZ',8,'3115234969'),(37,39,'NESTOR CHAPARRO DUARTE',4,'3023163643'),(38,40,'ROSA LLORENTE',5,'3145459075'),(39,41,'STEFANI BECERRA ',1,'3174251875'),(40,42,'SONIA ESPITIA',5,'3158826755'),(41,43,'FLOR ANGELA RIGUEROS CHAPARRO',5,'3227302247'),(42,44,'YULI PACHON',5,'3228928621'),(43,45,'DIANA BOGOTA',17,'3158481381'),(44,46,'MARIA ISABEL MORALES',5,'3214090681'),(45,47,'MERCI MAYERLI GUAYAZAN GONZALEZ',1,'3133565502'),(46,48,'HECTOR DAZA',1,'3123167449'),(47,49,'GLADYS CAON',5,'3505671622'),(48,50,'YOLIMA VARGAS',5,'3144246958'),(49,51,'GLADYS CANO',5,'3045547968'),(50,52,'CLARA VARGAS',5,'3153757098'),(51,53,'GABBY HERNANDEZ',5,'3168038323'),(52,54,'MARISELA CHAPARRO BELTRAN',1,'3142002124'),(53,55,'BLANCA PATRICIA BONILLA',1,'3223184535'),(54,56,'NOELIA RUIZ',5,'3172229748'),(55,57,'FABIAN CABALLERO',8,'3118240686'),(56,58,'JEISON STEVEN ALONSO BUITRAGO',8,'3212946027'),(57,59,'CLAUDIA JANETHE',1,'3214584284'),(58,60,'JULY ANDREA CUPAJITA',1,'3206802837'),(59,61,'ROSALBA SIERRA',5,'3112952332'),(60,62,'GADYS ADRIANA MARTIN DIAZ',5,'3246610275'),(61,63,'WILLIAM ARMANDO NEIRA GUERRERO',4,'3104692484'),(62,64,'NATAY SOTO',9,'3118027388'),(63,65,'ALBA LUCIA TORRES',1,'3219502997'),(64,15,'ADRIANA SERNA',1,'3168773160'),(65,66,'SANDRA MILENA SOLORZANO CALDERON',5,'3227964046'),(66,67,'CARMEN PIRACHICAN',5,'3115089333'),(67,68,'SONIA MARIBEL BUITRAGO',1,'3115448220'),(68,70,'ROSA ISABEL CALVO GALINDO',5,'3242989889'),(69,72,'MARQUIRYS PADILLA',4,'3168852259'),(70,73,'JULIO ENRIQUE VELASQUEZ',4,'3138103594'),(71,74,'ALBA LUZ ROJAS',5,'3124370875'),(72,75,'SONIA MONTERO',5,'3144223822'),(73,76,'LEILA VARGAS PADILLA',1,'3114704588'),(74,77,'SEBASTIAN DIAZ',8,'3118351214'),(75,78,'ARNULFO PAUZA CAMPO',1,'3208134628'),(76,79,'MARIA ISABEL GUTIERREZ',5,'3108607512'),(77,80,'YESICA SUAREZ',1,'3138270803'),(78,81,'GUSTAVO FRUTO',1,'3002311964'),(79,82,'FRANCISCO ANTONIO TRONCOSO',4,'3118441598'),(80,83,'ANGIE JULIETH RINCON',3,'3043675903'),(81,84,'JANETH ALVAREZ',5,'3182389048'),(82,85,'JAIDY SOFIA OYOLA',5,'111111111'),(83,86,'ALEJANDRA MARIO',1,'3173683139'),(84,87,'MARIA CLAUDIA GONZALEZ',5,'3133928211'),(85,92,'ADRIANA BOHORQUEZ',5,'3208567194'),(86,88,'LUIS JORGE PACHON',1,'3173502898'),(87,93,'SALVADOR CASTAEDA',4,'3114584050'),(88,94,'EDISSON FERNEY PALACIOS',1,'3228830344'),(89,89,'DIEGO JULIAN SANCHEZ FORERO',1,'3212941581'),(90,95,'DORA MURCIA',5,'3142790832'),(91,98,'YELISA QUINTERO',17,'3216842490'),(92,99,'INGRID ARMENTA',5,'3003421497'),(93,100,'FLOR MARINA ARRAUT',5,'3145566341'),(94,101,'MIRYAM FORERO',9,'3134816668'),(95,102,'MARCELA MANZUR',1,'+51955032779'),(96,69,'GLADYS ACOSTA',5,'3204960796'),(97,103,'OMAR ZAMBRANO',8,'3142167792'),(98,104,'DEIVY YARITZA ARIRZA MORENO',1,'3152594380'),(99,105,'ARACELY PEA LEON',5,'3106784239'),(100,31,'GUSTAVO ANDRES GALINDO',8,'3223139874'),(101,71,'IVAN GOMEZ',1,'3209167206'),(102,106,'FANNY GOMEZ',5,'3102474262'),(104,107,'GRACIELA MONTAO',1,'3124061291'),(105,108,'JHOAN FRANCISCO AVELLA',1,'3212140440'),(107,109,'CLARA DIAZ',5,'3215607052'),(108,110,'MARIA STELA CALDERON',9,'3209385676'),(109,111,'YIMY NICOLAS MONTAO ABRIL',8,'3125938634'),(110,112,'ANA LUZ MIRYAM GUASCA CAON',5,'3118607453'),(111,113,'CRISTIAN DANILO BETANCOURT ARIAS',1,'3163578888'),(112,114,'JOSE LUIS ROBAYO',1,'3132331750'),(113,115,'WILLIAM SILVA',4,'3115310202'),(114,116,'HOLMER OLAYA',1,'3176436132'),(115,117,'CARLOS GONZALEZ',1,'3132589108'),(116,118,'GABRIEL NOVOA',4,'3118609681'),(117,6,'ALEJANDRA ARANDA',3,'3005604797'),(118,120,'PEDRO PABLO CARDENAS',4,'3143103696'),(119,121,'WILL MUOZ',1,'3103628449'),(120,122,'BLANCA LOPEZ',5,'3128878078'),(121,123,'SANDRA SOTO',5,'3203006260'),(122,124,'LILIA TORRES MONTAO',5,'3007015317'),(123,125,'CLAUDIA JIMENEZ',5,'3163771708'),(124,127,'ANA BEATRIZ GRANDE',5,'3134862189'),(125,126,'NORHA DIAZ PICO',5,'3106584396'),(126,128,'DUVAN SNAIDER GARNICA TRONCOSO',1,'3202695335'),(127,129,'ISAIAS SALCEDO',1,'3176908669'),(128,130,'JEFERSON ANDRES PEARANDA',1,'3043715700'),(129,132,'GHISLADY ARGUELLO',5,'3108843330'),(130,134,'OMAIRA PULIDO',5,'3112452957');
/*!40000 ALTER TABLE `tbl_emergency_contact_details` ENABLE KEYS */;
UNLOCK TABLES;

--
-- Table structure for table `tbl_employee`
--

DROP TABLE IF EXISTS `tbl_employee`;
/*!40101 SET @saved_cs_client     = @@character_set_client */;
 SET character_set_client = utf8mb4 ;
CREATE TABLE `tbl_employee` (
  `ccn_employee` int NOT NULL AUTO_INCREMENT,
  `ccn_type_id` int DEFAULT NULL,
  `number_id_employee` bigint NOT NULL,
  `first_name_employee` varchar(30) NOT NULL,
  `middle_name_employee` varchar(30) DEFAULT NULL,
  `first_last_name_employee` varchar(30) NOT NULL,
  `second_last_name_employee` varchar(30) DEFAULT NULL,
  `full_name_employee` varchar(200) NOT NULL,
  `date_birth_employee` date NOT NULL,
  `age` int NOT NULL,
  `age_range` int DEFAULT NULL,
  `auto_perceived_gender` int DEFAULT NULL,
  `rh` int DEFAULT NULL,
  `employee_personal_email` varchar(100) NOT NULL,
  `employee_personal_cellphone` varchar(40) NOT NULL,
  `informed_consent_law_1581` varchar(10) NOT NULL,
  `image` varchar(255) DEFAULT NULL,
  `employee_password` varchar(300) NOT NULL,
  `last_message_read_time` datetime DEFAULT NULL,
  `ccn_marital_status` int NOT NULL,
  PRIMARY KEY (`ccn_employee`),
  UNIQUE KEY `number_id_employee` (`number_id_employee`),
  KEY `auto_perceived_gender` (`auto_perceived_gender`),
  KEY `age_range` (`age_range`),
  KEY `ccn_type_id` (`ccn_type_id`),
  KEY `rh` (`rh`),
  KEY `ccn_marital_status` (`ccn_marital_status`),
  CONSTRAINT `tbl_employee_ibfk_1` FOREIGN KEY (`auto_perceived_gender`) REFERENCES `tbl_auto_perceived_gender` (`ccn_auto_perceived_gender`),
  CONSTRAINT `tbl_employee_ibfk_2` FOREIGN KEY (`age_range`) REFERENCES `tbl_age_range` (`ccn_age_range`),
  CONSTRAINT `tbl_employee_ibfk_3` FOREIGN KEY (`ccn_type_id`) REFERENCES `tbl_type_id` (`ccn_type_id`),
  CONSTRAINT `tbl_employee_ibfk_4` FOREIGN KEY (`rh`) REFERENCES `tbl_rh` (`ccn_rh`),
  CONSTRAINT `tbl_employee_ibfk_5` FOREIGN KEY (`ccn_marital_status`) REFERENCES `tbl_marital_status` (`ccn_marital_status`)
) ENGINE=InnoDB AUTO_INCREMENT=10006 DEFAULT CHARSET=utf8mb4 COLLATE=utf8mb4_0900_ai_ci;
/*!40101 SET character_set_client = @saved_cs_client */;

--
-- Dumping data for table `tbl_employee`
--

LOCK TABLES `tbl_employee` WRITE;
/*!40000 ALTER TABLE `tbl_employee` DISABLE KEYS */;
INSERT INTO `tbl_employee` VALUES (0,9,900949684,' ',' ',' ',' ','ECONNABIS PLENA GLOBAL','1111-11-11',911,19,4,8,' ',' ','yes',' ','pbkdf2:sha256:260000$01elgsbN4V2HG0Kn$54ab7682bb9cfaeffd6d5deddacff0125aebdb80b6dbb0b2a194c7d05ab47b27',NULL,0),(1,1,1018487982,'JHONATAN','ALEXANDER','CELIS','AGUILERA','JHONATAN ALEXANDER CELIS AGUILERA','1996-08-15',26,6,1,6,'JHCELISA08@GMAIL.COM','3046705884','1','IMG_0578.jpg','pbkdf2:sha256:260000$wqbBSsmBUepmxOqi$7bd202bdc62fa2c6e232d324bd28cf32aed7c57ccae60277c5947e784e6f159d',NULL,1),(2,1,1233897777,'BRIAN','FELIPE','RESTREPO','SALAMANCA','BRIAN FELIPE RESTREPO SALAMANCA','1998-04-14',25,6,1,6,'B_RESTREPO7@HOTMAIL.COM','3015191221','0','IMG_0581.jpg','pbkdf2:sha256:260000$Z93nk2vmfz08GxP9$10f724d1cb01f045f4102772ebcdbc61b443f616c8a0aa765c24816bb4e2ecd6',NULL,1),(3,1,80854738,'LUIS','MIGUEL','ORJUELA','TOLEDO','LUIS MIGUEL ORJUELA TOLEDO','1985-12-08',37,8,1,6,'ORJUELATOLEDO@GMAIL.COM','3102524545','1','IMG_0659.jpg','pbkdf2:sha256:260000$9atCBfvCwq3ZaiDT$cb31e618f70666420a4e9e8466f415fe416dc2d451ef5b9abb723368b34c8251',NULL,3),(4,1,52111370,'YAQUELINA','','MEDINA','','YAQUELINA  MEDINA ','1971-04-06',51,11,2,6,'YAQUELINAMD@GMAIL.COM','3124970953','0','IMG_0663.jpg','pbkdf2:sha256:260000$MeoJVxEIBWrifRgn$99287505d77e84cf2b352d294ebadabea3093d8a27cb87380c5e7a53e163d0dd',NULL,1),(5,1,1075660770,'LEIDY ','YAMILE','SIERRA ','POVEDA','LEIDY  YAMILE SIERRA  POVEDA','1986-04-07',36,8,2,6,'LYAMILESIERRA@GMAIL.COM','3016331663','0','Plena_Julio_Portraits_10.jpg','pbkdf2:sha256:260000$ndQLimfhh2JbkBPI$56ce0c1ec57df5c271b7de5b98c7e96702b9d065d4c4c45c84ca740c94c60b23',NULL,2),(6,1,20759933,'ANDREA','','PINILLA','AHUMADA','ANDREA  PINILLA AHUMADA','1981-02-15',42,9,2,6,'ANPILLA@GMAIL.COM','3203011777','0','not_registered.jpg','pbkdf2:sha256:260000$Ny0SihOzqvcZJixL$44ccb4cde889f563c036cd64b6304149fa9114c8e415819f67d80d031bddd87f',NULL,1),(7,1,1069100207,'MARIA','ISABEL','ROBAYO','RODRIGUEZ','MARIA ISABEL ROBAYO RODRIGUEZ','1994-11-16',28,6,2,1,'MAYULIAN2909@GMAIL.COM','3222651533','0','not_registered.jpg','pbkdf2:sha256:260000$tCUkOBJhSiKMS0RI$519f6eb0daa9df7ac742a69d406981080de8adfcde824dec5e044ae1adeaab1e',NULL,0),(8,1,1019075123,'LUZ','ANDREA','PINZON','AHUMADA','LUZ ANDREA PINZON AHUMADA','1991-07-23',32,7,2,1,'LUZANDREAPINZONA@GMAIL.COM','1111111111','0','IMG_0588.jpg','pbkdf2:sha256:260000$2eBGso8Dz5YpDbVu$728eec07c9cea0dd7967d8489c002bdf900a1bd9b029984f6aa18f4943a46643',NULL,1),(9,1,1069101271,'ANGIE','MABEL','RINCON','ROMERO','ANGIE MABEL RINCON ROMERO','1998-07-02',24,5,2,3,'MBLRINCON@GMAIL.COM','3006701707','0','IMG_0151Plena_28_sep.jpg','pbkdf2:sha256:260000$ViGZpUvFiO5APqcj$14447353b75b809f17cc3d42da0ab612d921572e865a4529dc7079064379fd54',NULL,1),(10,1,1026278619,'LUIS','CAMILO','HIGUERA','HERRERA','LUIS CAMILO HIGUERA HERRERA','1992-03-17',30,7,1,6,'CAMILO4999@HOTMAIL.COM','3133510879','0','IMG_0610.jpg','pbkdf2:sha256:260000$N7dAoWPqfG7vwUbo$90534b422631d4dc0a8ec1721c233f07208c668eab79010c7cdcce1dd9a99e28',NULL,2),(11,1,80195005,'ANDRES','FELIPE','ORTEGA','MEDINA','ANDRES FELIPE ORTEGA MEDINA','1983-06-12',39,8,1,3,'ORTEGA.MEDINA83@GMAIL.COM','3124599492','0','IMG_0614.jpg','pbkdf2:sha256:260000$mJ0I4hF2xKZv4xj4$4aa0221183951e2cb955aee930ade70322fab871914fb370da705896325562f8',NULL,3),(12,1,80214203,'JORGE','ENRIQUE','GAMBOA','AGUILAR','JORGE ENRIQUE GAMBOA AGUILAR','1984-05-11',39,8,1,6,'KICHEMICAL@GMAIL.COM','3138095434','0','Plena_Julio_81.jpg','pbkdf2:sha256:260000$MCwMOJtmrp69PnxQ$fce7f039224c7b61c1df8811d0b41d7b15f5ac63fcb551f70234e9b2d82fb028',NULL,3),(13,1,1024506430,'YESSICA','YAMILE','DIAZ','','YESSICA YAMILE DIAZ ','1990-04-14',32,7,2,6,'YESIKI_22@HOTMAIL.COM','3045208742','0','IMG_0168Plena_28_sep.jpg','pbkdf2:sha256:260000$3qTastn4FhzvPNvD$46621e9af2f8443dcec190f7cfca5b293f57cab17120ca8eb8558328a2a16701',NULL,2),(14,1,1018459820,'PAULA','ALEXANDRA','TAPIERO','MORENO','PAULA ALEXANDRA TAPIERO MORENO','1993-05-08',30,7,2,6,'PAULATAMO@HOTMAIL.COM','3112043017','0','not_registered.jpg','pbkdf2:sha256:260000$mD11pis6U2WQyowx$513b8c15378f7020697e3d8857c3532444e96fe53e74faeb1cbfb1e71419f07a',NULL,1),(15,1,1036641714,'GERMAN','ESTEBAN','URIBE','JARAMILLO','GERMAN ESTEBAN URIBE JARAMILLO','1971-03-16',52,11,1,1,'UJGERMAN@GMAIL.COM','3114644493','0','IMG_0635.jpg','pbkdf2:sha256:260000$6wBs8Tfw96EGmZSw$7c2a3ecb1bdd3d9bd8ae124a26c3a511865ab857b8c655af464c3f72fb8d5aea',NULL,3),(16,1,37753564,'ANGIE','JULIETH','MARTELO','SILVA','ANGIE JULIETH MARTELO SILVA','1980-08-29',42,9,1,6,'ANGIE.MARTELO20@GMAIL.COM','3138210324','0','IMG_0596.jpg','pbkdf2:sha256:260000$w1h8eI8y7socZPTk$7b25f653eac8804d33faa1486c134c893af4d7b6f180ba97f014b5ac518548f0',NULL,2),(17,1,1070013218,'MARTIN','ALONSO','ABRIL','CASAS','MARTIN ALONSO ABRIL CASAS','1993-09-08',29,6,1,1,'ALONSOABRIL01@GMAIL.COM','3163854062','0','IMG_0605.jpg','pbkdf2:sha256:260000$JuuMszo0cJI6Uors$a6753478c832b8305495ca7b52b6405f459f1a39b7e1bda74c790e674fe62515',NULL,1),(18,1,1069098721,'LEIDY','YICEL','RODRIGUEZ','SILVA','LEIDY YICEL RODRIGUEZ SILVA','1988-06-22',34,7,2,6,'LYRS2904@GMAIL.COM','3219091765','0','IMG_0160Plena_28_sep.jpg','pbkdf2:sha256:260000$dhMvDRNkzXRdIxvv$8480dccd43329d73dd2327db9072766c420038971dcd49801ccbba778be8db04',NULL,2),(19,1,1032485674,'VALERIA','ALEJANDRA','SIERRA','MATEUS','VALERIA ALEJANDRA SIERRA MATEUS','1996-08-25',26,6,2,6,'VALERIA.SIERRA.MATEUS@HOTMAIL.COM','3219713883','0','Plena_Julio_59.jpg','pbkdf2:sha256:260000$woHWrmVu2TrBrowB$b60d906482641440c01af9994e1ed4cd7625f8ca4ce08d4b6b24bb9da8511e4d',NULL,0),(20,1,1031145675,'JAIRO','ELIAS','PINTO','GAMBOA','JAIRO ELIAS PINTO GAMBOA','1993-04-13',29,6,1,6,'PINTOG.JAIROELIAS@GMAIL.COM','3125495990','0','Plena_Julio_Portraits_5.jpg','pbkdf2:sha256:260000$UfZxcxSMnd07x51s$5c117b7d129860d78763d75f1d3b8010ec31190044111b9f892c197c1c82132a',NULL,1),(21,1,53053831,'JENNIFER','ANDREA','MONROY','JIMENEZ','JENNIFER ANDREA MONROY JIMENEZ','1984-11-16',38,8,2,6,'JENNIFER_AMJ@HOTMAIL.COM','3012771183','0','IMG_0626.jpg','pbkdf2:sha256:260000$zGOUIDhsQoFNgT5Q$7a460c6e64f3a12d04021d1c98e3c49d4dcae70ec85f23018c8a95042958df78',NULL,2),(22,1,1075666289,'ZULAY','YURANI','VELASQUEZ','SOTELO','ZULAY YURANI VELASQUEZ SOTELO','1992-03-06',30,7,2,1,'VELASQUEZ5ZULAY@GMAIL.COM','3213393128','0','Plena_Julio_Portraits_9.jpg','pbkdf2:sha256:260000$0VBC6ifQJFl9uxV5$ec83c79483bb8d3303dada673b552c4292d862148590b80c22bc0c659cceb9be',NULL,1),(23,1,1023930953,'CINDY','LORENA','BARAHONA','MURILLO','CINDY LORENA BARAHONA MURILLO','1993-10-16',29,6,2,6,'CINDYBARAHONA93@GMAIL.COM','3202710629','0','Plena_Julio_Portraits_1.jpg','pbkdf2:sha256:260000$oqc2SnVKnqjDMgwW$dbe87803d83dfc2a095afd3b8896f9dccf0ecb0f1ac4523dea35b9119386037b',NULL,1),(24,1,1013673917,'LUIS','FELIPE','ORTIZ','BOCANEGRA','LUIS FELIPE ORTIZ BOCANEGRA','1997-06-03',25,6,1,6,'LUISFEL1997IPE@GMAIL.COM','3214037988','0','IMG_0616.jpg','pbkdf2:sha256:260000$lXn4pSAmDYK2emMi$b7b892b601b06a67c2dabc999d3a28f6f5ae1f9ad089626cb02ba9319e1d98ff',NULL,1),(25,1,1124866578,'CARLOS','ANDRES','PEREZ','CHACON','CARLOS ANDRES PEREZ CHACON','1998-12-18',24,5,1,6,'CARLOSANDR.PEREZ@UROSARIO.EDU.CO','3213748349','0','IMG_0669.jpg','pbkdf2:sha256:260000$77MIAq9ZcQdUftIH$b97e5397843fccc2289cec2375f7ca2296fe8faf20c53c70a92da82d5e888e42',NULL,1),(26,1,80872212,'RYDER','','BUITRAGO','RODRIGUEZ','RYDER  BUITRAGO RODRIGUEZ','1985-01-17',37,8,1,4,'RYDER191@GMIAL.COM','3174964672','0','Plena_Julio_Portraits_25.jpg','pbkdf2:sha256:260000$Md723DwHZFeCP1BM$e0e5b3bf4a73bac160f69188fb6e87d7337e13391e06692d56e8f5e772a75745',NULL,2),(27,1,80139567,'FERNANDO','','VELASCO','OROZCO','FERNANDO  VELASCO OROZCO','1983-01-23',39,8,1,6,'VELASCOF83@HOTMAIL.COM','3137563478','0','IMG_0642.jpg','pbkdf2:sha256:260000$z8ZNMjDFDjANEkHh$7993a790dbf2afe11036ae7e66ba90da8095970d2f5488e6472a36ef7380781a',NULL,1),(28,1,1075655813,'PEDRO','JAVIER','PRADA','GARZON','PEDRO JAVIER PRADA GARZON','1988-04-04',35,8,1,6,'PEDRO.JAVIER.PRADA@GMAIL.COM','3124536654','0','IMG_0525.jpg','pbkdf2:sha256:260000$0COO00JJrgrbbjeP$895f6d9a913037b637f5ee0e9e27fce18f7594ba076be150257ab167d3fbf8d6',NULL,2),(29,1,1020777570,'LAURA','MARIA','BEDOYA','MONTOYA','LAURA MARIA BEDOYA MONTOYA','1992-12-14',31,7,2,6,'BEDOYALAURAMARIA@GMAIL.COM','3158441445','0','IMG_0567.jpg','pbkdf2:sha256:260000$by1V1FktC3m9qDaH$c497445d44afa439bb175aaaf188b9badbc193f31663a9ffb8b8ef64a3d6586a',NULL,3),(30,1,52718447,'LUDY','YOHANA','VALERO','MORALES','LUDY YOHANA VALERO MORALES','1982-02-05',41,9,2,1,'LUDYYOHANAV@GMAIL.COM','3125562553','0','IMG_0775.jpg','pbkdf2:sha256:260000$xO3WCuOauV7MDKWY$85bb1b4dde503638ab6eef32a6c81cb4ed7573a2f864bc52c3ff36cada3f86f8',NULL,1),(31,1,1007097517,'JOSE','ORLANDO','GALINDO','RUIZ','JOSE ORLANDO GALINDO RUIZ','1990-04-14',32,7,1,1,'RUIZDEV7@OUTLOOK.COM','3204873737','false','Jose_IT.jpg','pbkdf2:sha256:260000$Vvhl4OWpf45PcBAM$d500d80d9c5b71eccf9941dfd1f521f7328319a9633a83d955ae593ccac281d9',NULL,0),(32,1,1083013695,'DANIEL','','GARIZABALO','GRIJALBA','DANIEL  GARIZABALO GRIJALBA','1996-06-30',27,6,1,3,'DNLGRZBL.96@GMAIL.COM','3014769273','0','not_registered.jpg','pbkdf2:sha256:260000$eWBaQR4PHIAvQ21u$9d47cf3c2cdc54f48331336f11fbf6f21b282e69049f5ab60b5cc9c956a1aa08',NULL,2),(33,1,1075659303,'JUDY','ESPERANZA','PARRA','VELANDIA','JUDY ESPERANZA PARRA VELANDIA','1989-08-30',34,7,2,6,'JUDYPRIETO2018@GMAIL.COM','3142617952','0','IMG_0515.jpg','pbkdf2:sha256:260000$SVJyw7HCtZXHo0fw$c918a8f7d2396c81159acb7ddb6ec200dff01f827b99ef19b40b17318ffcb701',NULL,1),(34,1,46454265,'MARICELA','','VELANDIA','DIAZ','MARICELA  VELANDIA DIAZ','1982-06-24',41,9,2,3,'MARYVELA24@HOTMAIL.COM','3122480953','0','IMG_0511.jpg','pbkdf2:sha256:260000$FBDEEbR9Dtl7kc83$978c83f72a992df1dceb8efba6e85d584bc1118d0d4cc48fb832597216bf01fd',NULL,2),(35,1,1069100217,'JULIANA','ESMERALDA','VELASQUEZ','HERNANDEZ','JULIANA ESMERALDA VELASQUEZ HERNANDEZ','1994-11-25',29,6,2,1,'VELASQUEZVERONICA338@GMAIL.COM','3133782959','0','IMG_0519.jpg','pbkdf2:sha256:260000$epTzzU3lHSkb5D90$d942b5d01ffae5eaafc4a92ffa0db749898d0f10c2b611fd63f02826462ed359',NULL,1),(36,1,1023922792,'CARLOS','ALBERTO','MARTIN','TABARES','CARLOS ALBERTO MARTIN TABARES','1993-01-28',30,7,1,6,'CARLOSMARTIN717@GMAIL.COM','3166231419','0','not_registered.jpg','pbkdf2:sha256:260000$siTBttlqSsELjF33$17bf8f21d0ca05a9024e75e477d856003b7bd3f2e7d41cf80c1b8de4009f38fb',NULL,2),(37,1,1003480420,'LEIDY','TATIANA','CRIADO','RAYO','LEIDY TATIANA CRIADO RAYO','2000-10-08',23,5,2,5,'TATIKARAYO23@GMAIL.COM','3045825205','0','IMG_0542.jpg','pbkdf2:sha256:260000$MxXCdCq629eatPH3$704fa910d662651065ca4f8cdb40fcb3a48ef12432269ecf6edadeb23d9ef7c0',NULL,3),(38,1,1115864462,'JOSE','ARMANDO','SANCHEZ','GOMEZ','JOSE ARMANDO SANCHEZ GOMEZ','1997-08-02',26,6,1,1,'SANCHEZ_JOZ@OUTLOOK.ES','3132699806','0','IMG_0539.jpg','pbkdf2:sha256:260000$hOleLJaEb1qMYs2J$3748a2762939b415a5581ecf3c54d27ca18bdfbcda12970e366bde332f6148ed',NULL,1),(39,1,1020766296,'DIEGO','','CHAPARRO','ZORRO','DIEGO  CHAPARRO ZORRO','1991-10-22',32,7,1,6,'DIEGOCH2210@GMAIL.COM','3505902150','0','IMG_0548.jpg','pbkdf2:sha256:260000$gTBchguG0kQrOOMi$95613ef44fd3b8527679c13658fb7b3b4392c91ebf77d7136ff76b7f39f1382e',NULL,1),(40,1,1095838658,'HAROLD','DAVID','RODRIGUEZ','LLORENTE','HAROLD DAVID RODRIGUEZ LLORENTE','1998-08-07',25,6,1,1,'HAROLDRODRIGUEZ98@HOTMAIL.COM','3222458720','0','Plena_Julio_57.jpg','pbkdf2:sha256:260000$EXRppKXTL2NHRvmX$c3963929594517c059a5ed8659d94dcddae24108dca85e0aacca24ede6e0a193',NULL,1),(41,1,80154800,'DANIEL','ENRIQUE','VIASUS','BENAVIDES','DANIEL ENRIQUE VIASUS BENAVIDES','1981-06-20',42,9,1,6,'DANIELVIBEN@GMAIL.COM','3136508312','0','IMG_0142A.jpg','pbkdf2:sha256:260000$tlO00EkHmN8abcMf$234747850ad2cb38e45292a63c604e5ccb29f163bf405e4ad653e8613373a903',NULL,3),(42,1,1076625726,'RAFAEL','EDUARDO','MALAVER','ESPITIA','RAFAEL EDUARDO MALAVER ESPITIA','1997-07-30',26,6,1,6,'RAFA9707@HOTMAIL.COM','3204446485','0','IMG_0692.jpg','pbkdf2:sha256:260000$lQlzgpQQmemhxw17$bf62d304ac47a363e7ec04ba00c10f79cf11b112657de952d8ba44c06c435d7d',NULL,1),(43,1,1072426971,'DANIEL','HUMBERTO','ZORRO','RIGUEROS','DANIEL HUMBERTO ZORRO RIGUEROS','1992-03-11',31,7,1,6,'DAFX15@HOTMAIL.COM','3022529885','0','IMG_0689.jpg','pbkdf2:sha256:260000$1aj0zulO1vwSUxUj$d869ee3974566663f8471fd6225db508af8b9b5706c420709970dd177e574d5a',NULL,1),(44,1,1010214355,'ALISSON','DAYANNA','PACHON','ATUESTA','ALISSON DAYANNA PACHON ATUESTA','1994-04-10',29,6,2,6,'ALISONPACHON@GMAIL.COM','3175761004','0','IMG_0685.jpg','pbkdf2:sha256:260000$KpSn2offN5k6rn90$df02d12b957bf368265192311f5a57f5c7ca358c67e46cfdf1241480151ee2ce',NULL,1),(45,1,1032457485,'NESTOR','SANTIAGO','COCA','BOGOTA','NESTOR SANTIAGO COCA BOGOTA','1993-06-20',30,7,1,6,'SANTIAGOCBOGOTA@HOTMAIL.COM','3203500110','0','IMG_0536.jpg','pbkdf2:sha256:260000$UUNgm3wbT8zKpuuo$eb7fda8ae69da4e7b84080faf01f249ecad8adbb84aeebda35feb58964495f87',NULL,1),(46,1,1069099741,'ZAIRA','CATERINE','GARNICA','MORALES','ZAIRA CATERINE GARNICA MORALES','1992-09-06',30,7,2,6,'ZAIRAGARNICA@HOTMAIL.COM','3142642522','0','IMG_0476.jpg','pbkdf2:sha256:260000$Y8iTE5w09pNhuIhS$37427c33cdf18de5c9ad22a02d2048d081cf9e457778c217f99eef99dd65b0e3',NULL,1),(47,1,3251809,'VICTOR','MANUEL','LOPEZ','MORENO','VICTOR MANUEL LOPEZ MORENO','1982-09-08',40,9,1,6,'VICMANLOPEZMORENO@GMAIL.COM','3502286056','0','Plena_Julio_73.jpg','pbkdf2:sha256:260000$5f518v7XsdHZlw2C$0a1105e4e34470e2322426a5c31c8bc490ba577b0bf850ada570370b044b9a78',NULL,3),(48,1,1002736554,'KAREN','YOHANA','DAZA','GUTIERREZ','KAREN YOHANA DAZA GUTIERREZ','2002-10-12',20,5,2,1,'KARENDAZA042002@GMAIL.COM','3118965483','0','IMG_0465.jpg','pbkdf2:sha256:260000$yiaAs2RNxYF9iISW$78211ed5547007c05119dd01813f1a76bc5b9301d660980eb7d37c24ad4f7e6d',NULL,2),(49,1,1012382516,'SARA','ROXANA','CANTOR','CAON','SARA ROXANA CANTOR CAON','1991-11-22',31,7,2,6,'SARACANTORCANON91@GMAIL.COM','3188591733','0','IMG_0620.jpg','pbkdf2:sha256:260000$GxPh7PkLqqZfVBXR$f7fb22d11fc30bffffd5df5fc944ce1427b208f74149993dda316c1b2b7426d0',NULL,1),(50,1,1003558159,'EIVAR','ALEJANDRO','NOVOA','NOVOA','EIVAR ALEJANDRO NOVOA NOVOA','1996-12-21',26,6,1,6,'3138111105ALEJO@GMAIL.COM','3017035591','0','IMG_0464.jpg','pbkdf2:sha256:260000$xQSlwp6pxAi4AAmH$dc93dc1c134dd8ab1eec0780c1950442022749a1c3a844dd0a98ab3f369e9d4f',NULL,1),(51,1,1031136677,'DIEGO','ANDRES','GUTIERREZ','CANO','DIEGO ANDRES GUTIERREZ CANO','1992-01-28',30,7,1,1,'DGUITIERREZC3@GMAIL.COM','3015466408','0','Plena_Julio_96.jpg','pbkdf2:sha256:260000$2sXq4KsOgF3NU4pO$e1cabc81e11bbe56b42c146df6b7acbc1d65879852d31be08e6cff72e15c833d',NULL,1),(52,1,1012337738,'JORGE','ANDRES','PAEZ','VARGAS','JORGE ANDRES PAEZ VARGAS','1987-11-11',35,8,1,6,'PAEZANDRES.J@GMAIL.COM','3183938056','1','IMG_0694.jpg','pbkdf2:sha256:260000$1pDJgIMSvWnftEEL$4323f4edafaea4664eeb1eea5fa135a99806ef37a8d8dc1aa6f2296452b88e95',NULL,2),(53,1,1018414453,'ADRIANA','MILENA','ALVAREZ','HERNANDEZ','ADRIANA MILENA ALVAREZ HERNANDEZ','1987-08-21',35,8,2,6,'PROFESIONALABOGADA10@GMAIL.COM','3183026974','0','IMG_0667.jpg','pbkdf2:sha256:260000$bRC7bnG0Bd5BqgkA$80bb786fe5277724f75cfe85581f3f1cd6e4a327f43b200924d5b500ba693b4f',NULL,1),(54,1,1069098684,'LEONARDO','','RIVERA','PAEZ','LEONARDO  RIVERA PAEZ','1988-02-13',34,7,1,6,'LEONARDORIVERAPAEZ62@GMAIL.COM','3224742793','0','IMG_0473.jpg','pbkdf2:sha256:260000$Q39DJIDQLYB5JvGN$ee4e8a0d2834c032a390cc3bb051ae1fd94c18a7841c31fa2ffa9e549c811c3a',NULL,2),(55,1,3103647,'LINO','','GONZALEZ','DUARTE','LINO  GONZALEZ DUARTE','1979-03-25',43,9,1,1,'LINOGONZALEZ695@GMAIL.COM','3115606573','0','IMG_0530.jpg','pbkdf2:sha256:260000$x1aj6kzkKshFvmZc$ffdc83fb221e515de354d0c83dce4d95725316758ce2cae80128fe829c682c9e',NULL,2),(56,1,1012432496,'LIZETH','NATALIA','BELTRAN','RUIZ','LIZETH NATALIA BELTRAN RUIZ','1996-03-30',26,6,2,3,'LIZ_BELTRAN9603@HOTMAIL.ES','3204408638','0','not_registered.jpg','pbkdf2:sha256:260000$oiqKQeLlke7evvho$cc156c29e8c96e8fdcd16a07b1fd694e97a788955cb8b4141f284ffcbfedc56f',NULL,1),(57,1,80131361,'JULIAN','ANDRES','CABALLERO','GARZON','JULIAN ANDRES CABALLERO GARZON','1981-11-15',41,9,1,6,'JULIANANDRESCABALLERO@GMAIL.COM','3103103113','0','not_registered.jpg','pbkdf2:sha256:260000$apjZ530pl00ZnFx9$b75eb36c0ee1eee29560e7df606aa00b50a4db7ec1c19a10861225c0e9e3736c',NULL,2),(58,1,1075679547,'NAFER','SEBASTIAN','ALONSO','BUITRAGO','NAFER SEBASTIAN ALONSO BUITRAGO','1996-04-30',26,6,1,6,'NAFERITO27ALONSO@GMAIL.COM','3007428490','0','IMG_0677.jpg','pbkdf2:sha256:260000$JGhXpDaoNIqCwGl4$8ed22b8bd09eb7545694beee035b267936e72366b1e4bd6ee2d7d5e86829af6e',NULL,1),(59,1,11436990,'RAMIRO','','SAENZ','BECERRA','RAMIRO  SAENZ BECERRA','1971-03-20',51,11,1,6,'RAMIROSAEZBE712003@GMAIL.COM','3134212080','0','IMG_0558.jpg','pbkdf2:sha256:260000$3pSRw5fWIlbSLAzX$cf0cf0e6e3e4a56fd97ac9d8eaf819f6a774111f67711379e300793aecce9b00',NULL,3),(60,1,1054255068,'JONATHAN','','RIAO','PEREZ','JONATHAN  RIAO PEREZ','1999-12-09',23,5,1,1,'JONATHANRIPE99@GMAIL.COM','3232068448','0','IMG_0477.jpg','pbkdf2:sha256:260000$x0Wxj7wMAmP4MwS1$948da444299cb3df5329ed1be4ac184480c7016be50fa5b6b2e051226ef605ec',NULL,2),(61,1,1075659940,'LUIS','HAMMER','DIAZ','SIERRA','LUIS HAMMER DIAZ SIERRA','1989-12-14',33,7,1,7,'LUCHODIAZSIERRA@HOTMAIL.COM','3013195138','0','IMG_0681.jpg','pbkdf2:sha256:260000$NyJBefKUS9dqqzQh$1107e392bfc5d7e08e9d2b839e07ffd4650dee0006921ae89237bfdf8c503fad',NULL,1),(62,1,1003746587,'DIEGO','SEBASTIAN','SARMIENTO','MARTIN','DIEGO SEBASTIAN SARMIENTO MARTIN','2001-05-05',21,5,1,6,'DM6010804@GMAIL.COM','3245496209','0','IMG_0469.jpg','pbkdf2:sha256:260000$yxYhEAwOOj9NRCiu$6370c86ae28dff8d02395034fdd6c7423ec7e4a222fb296446ea1a2193e717ca',NULL,1),(63,1,1014232394,'WILLIAM','FELIPE','NEIRA','RODRIGUEZ','WILLIAM FELIPE NEIRA RODRIGUEZ','1992-05-05',30,7,1,1,'WFNEIRAR@UNAL.EDU.CO','3104692486','0','IMG_0438.jpg','pbkdf2:sha256:260000$GH8S1IWUQ5tTui0m$b6a18e8358e4c32c4cd1976f60ac22b858d4d2c4e89bee0f7ab6cfab88369912',NULL,1),(64,1,20716512,'SANDI','MARIA','GAITAN','AMAYA','SANDI MARIA GAITAN AMAYA','1984-05-18',38,8,2,6,'SANDY327GAITAN@GMAIL.COM','3144633017','0','Plena_Julio_111.jpg','pbkdf2:sha256:260000$OYtEjRndm8nBB0Ay$b7317872218b71b378044bb4f1962d0262f885c21682e32331172e19c34d848b',NULL,1),(65,1,3251883,'MERVIN','LEONARDO','SANCHEZ','FORERO','MERVIN LEONARDO SANCHEZ FORERO','1983-09-18',39,8,1,6,'MERVIN82@HOTMAIL.ES','3112133194','0','IMG_0592.jpg','pbkdf2:sha256:260000$Xb04E226RZzhvovX$a820dfd9f89390179f1db3e3e31864133aa9406e8d54eedb3cfcc3123290116f',NULL,2),(66,1,1000804198,'KEVIN','STEVEN','SOLORZANO','CALDERON','KEVIN STEVEN SOLORZANO CALDERON','2000-10-29',22,5,1,6,'SOLOZANOKEVI2917@GMAIL.COM','3124772811','0','not_registered.jpg','pbkdf2:sha256:260000$rjw0fzy3qeLAW3N9$b8402e5b018a32782d9d23d8d237cef88d67227695619a35d18af7664d832c96',NULL,2),(67,1,20760252,'BLANCA','YULIMA','PALACIO','PIRACHICAN','BLANCA YULIMA PALACIO PIRACHICAN','1985-05-10',37,8,2,6,'BLANCAPALACIO8505@GMAIL.COM','3007655151','0','not_registered.jpg','pbkdf2:sha256:260000$EcwP6R31gORa75pY$c202a7d74f4f62c20dea1faf568b21589d3baf824397b149d93e395f84ed6ca6',NULL,1),(68,1,1002300577,'LEIDER','HERNAN','GARCIA','LOPEZ','LEIDER HERNAN GARCIA LOPEZ','2001-10-15',21,5,1,6,'LEIDERGARCIA037@GMAIL.COM','3228398324','0','not_registered.jpg','pbkdf2:sha256:260000$dDW6H33V9WRyv9EP$d50a194522b19fc4ae13379333b9a77af3d37a6d2c47f57315e4b2a30a679cf0',NULL,2),(69,1,1007790693,'BRISA','ALEJANDRA','SILVA','ACOSTA','BRISA ALEJANDRA SILVA ACOSTA','2000-09-25',22,5,2,3,'BSACOSTA00@GMAIL.COM','3133721597','0','not_registered.jpg','pbkdf2:sha256:260000$xyFfno8Z7V1vqxLH$a4e1b715b50edc83c67f1a5b804873d3101802dbd4e2fe29c8db08a78800866a',NULL,1),(70,1,1069099024,'EDISON','CAMILO','ACHURY','CALVO','EDISON CAMILO ACHURY CALVO','1989-07-05',33,7,1,6,'EDISON.CAMILO.ACHURY.1989@GMAIL.COM','3003200299','0','not_registered.jpg','pbkdf2:sha256:260000$ceZGlrItxt63XKtt$6f26999b9b133187b3ecea1f34b57918f6478dadd84cb0c751248b9c80ec9a6b',NULL,1),(71,1,79946108,'MAURICIO','JAVIER','KRAUSZ','RESTREPO','MAURICIO JAVIER KRAUSZ RESTREPO','1978-01-14',45,10,1,6,'mauricio.krausz@gmail.com','3132855199','0','IMG_0480.jpg','pbkdf2:sha256:260000$UijZNUqncXiJDsBx$8741685f1ba428348328c84e2f62049d118578e701063219a42ae2120b20ab57',NULL,3),(72,1,1003249669,'CRISTIAN','ANDRES','PADILLA','CENTENO','CRISTIAN ANDRES PADILLA CENTENO','2003-08-30',19,4,1,1,'CRISTIANPADILLA1616@GMAIL.COM','3102792219','0','not_registered.jpg','pbkdf2:sha256:260000$yw7ZwuWxdetIMhWt$b57513fb26dbeaf14bf3d9d2b280f0f02d8a77561b79b747621fd741b9abca7e',NULL,2),(73,1,1069100430,'DIANA','MARCELA','VELASQUEZ','SANCHEZ','DIANA MARCELA VELASQUEZ SANCHEZ','1995-08-27',27,6,2,1,'DIANNYX2708@GMAIL.COM','3212899281','0','not_registered.jpg','pbkdf2:sha256:260000$U09w0ydYvoFkF4fU$553fa575892dfd7e8df90aeed982535a35e546fd3b4064a673f7b049ca44dcbd',NULL,2),(74,1,1007475623,'CRISTIAN','DAVID','GAMA','ROJAS','CRISTIAN DAVID GAMA ROJAS','2001-03-19',21,5,1,1,'DAVID162950@GMAIL.COM','3167884925','0','not_registered.jpg','pbkdf2:sha256:260000$emernlVtZgmSJiHD$a357fffbe94dd1136bec437d955655a71e59342e5ea9bdcc3ad84c5488a37177',NULL,1),(75,1,1003689425,'JENNY','LORENA','CASTRO','MONTERO','JENNY LORENA CASTRO MONTERO','2002-06-20',20,5,2,7,'JHENNYCASTRO381@GMAIL.COM','3214848582','0','not_registered.jpg','pbkdf2:sha256:260000$M6jhC5SI5ndOnUdO$d44f8b07755a84dd73c5601c5a2e6c789fe0416ffb04ba823e538ebfb39206f0',NULL,1),(76,1,79623206,'MILLER','ANTONIO','MORA','NOMEZQUE','MILLER ANTONIO MORA NOMEZQUE','1973-08-07',49,10,1,6,'MILLERAMORA@HOTMAIL.COM','3114732214','0','IMG_0649.jpg','pbkdf2:sha256:260000$HCt8dOGYzNYrnZe1$caab2e09fa5dd8baea38233540feed9841c554fa423b2c946f25bc7b59c803f3',NULL,3),(77,1,1069101299,'JOHAN','STEVEN','LEON','','JOHAN STEVEN LEON ','1998-07-15',24,5,1,6,'LEONSTIVEN52@GMAIL.COM','3023948491','0','not_registered.jpg','pbkdf2:sha256:260000$8KJi7vw7kRL5pt4I$cb2f85a7c7cb791cd0d4a92e0693a6b63b3ac17fa0a9ead0af9f527d8aeca9ef',NULL,1),(78,1,1069100298,'MARTHA','LILIANA','ALONSO','JIMENEZ','MARTHA LILIANA ALONSO JIMENEZ','1995-03-20',27,6,2,1,'MARTHALILIANAALONSOJIMENEZ@GMAIL.COM','3184291812','0','not_registered.jpg','pbkdf2:sha256:260000$IG8jL0Qgsm5QGWIZ$4a268b209c530138ccaf8695cb87969e565bc6842bbe287b40e1d0f20fef6a71',NULL,2),(79,1,1007826197,'YEIMY','YULIETH','SILVA','GUTIERREZ','YEIMY YULIETH SILVA GUTIERREZ','2001-06-03',21,5,2,1,'YULUSITA2001@GMAIL.COM','3217437869','0','not_registered.jpg','pbkdf2:sha256:260000$pXHFW8rg2Q5Dg2by$f80e8344037d20c30d18fb2d2d1f1bc1dcaaf95d7b3298c58dc36ed5de6e8d6c',NULL,1),(80,1,1075671398,'JEISON','FABIAN','CASTRO','MONTAO','JEISON FABIAN CASTRO MONTAO','1993-11-24',29,6,1,6,'JFCAMO93@HOTMAIL.COM','3222178439','0','not_registered.jpg','pbkdf2:sha256:260000$f23UcczO3j98nZia$b10b26e88b599d285efc517e021d83823209d5e9fcb8b113a53f71923b9950e7',NULL,2),(81,1,1056028909,'DORY','MARGOTH','CASTELLANOS','ZAMBRANO','DORY MARGOTH CASTELLANOS ZAMBRANO','1988-11-01',34,7,2,5,'DORISM0509DMC@GMAIL.COM','3045494837','0','IMG_0391.jpg','pbkdf2:sha256:260000$nqXKBUiTsuiDg818$80f2dd28264ee8c00104e4897fe8fd63df292e09b44ed25c3d8b635fd1d44bec',NULL,2),(82,1,1076670412,'JUAN','DAVID','TRONCOSO','PACHON','JUAN DAVID TRONCOSO PACHON','1999-10-22',23,5,1,3,'JUANDAVIDTRONCOSO.ENI@HOTMAIL.COM','3197553403','0','IMG_0432.jpg','pbkdf2:sha256:260000$Yg8AkFR9vBChRMHJ$2a72f1688c020899e22df2debe4f9669dc59fece69a8434966d1c2b7ecf98053',NULL,1),(83,1,3103440,'JOSE','ARIMATEA','RINCON','RODRIGUEZ','JOSE ARIMATEA RINCON RODRIGUEZ','1975-05-04',47,10,1,3,'RINCONJOSE131@GMAIL.COM','3003010585','0','IMG_0447.jpg','pbkdf2:sha256:260000$gP5tEblVUO6Y4Zs3$505ed3b9a197e1151404ae3a55705c07ec4fdd25cc9d5f8ffc17f128cfaac74f',NULL,2),(84,1,80181328,'MIGUEL','ANDRES','CARDENAS','ALVAREZ','MIGUEL ANDRES CARDENAS ALVAREZ','1981-02-07',41,9,1,6,'CARALVA1981@GMAIL.COM','3204759592','0','not_registered.jpg','pbkdf2:sha256:260000$T3nDfd4aEsANn6Yb$b40d742da50b573329a28009b8bf977ef5b0f46eb84179c4bd5fd105023cc4a1',NULL,1),(85,1,1006558957,'CHRISTIAM','ALDAIR','ORTIZ','OYOLA','CHRISTIAM ALDAIR ORTIZ OYOLA','2000-02-20',22,5,1,1,'CRISTIANOYOLA220@GMAIL.COM','3204691729','0','not_registered.jpg','pbkdf2:sha256:260000$sUijzW5vQo1P0eMK$86241d89c27c955b07e35f576260784698e6823ff4976845fee68d7ade199dac',NULL,1),(86,1,1020718131,'ALEJANDRO','','GONZLEZ','SALAMANCA','ALEJANDRO  GONZLEZ SALAMANCA','1986-07-18',36,8,1,1,'GONZALEZ.ALEJANDRO1986@GMAIL.COM','3185325832','1','IMG_0486.jpg','pbkdf2:sha256:260000$TKLMMSDlLuNnKNup$7046e9889b4383bcbd24adbcbc604aa47ce0c46931011e3d4e619449f15ab754',NULL,2),(87,1,1075665391,'YENIFER','','GONZALEZ','','YENIFER  GONZALEZ ','1991-12-01',31,7,2,6,'YENIFERYALENA2010@GMAIL.COM','3222549778','0','IMG_0381.jpg','pbkdf2:sha256:260000$rQraCx0nEUOODpbh$59d335af024a64257a550d6f0ee1168a0715ae81c86f93ea092d2384bfb7fd3a',NULL,1),(88,1,1069098339,'RAQUEL','','ZABALA','RODRIGUEZ','RAQUEL  ZABALA RODRIGUEZ','1986-12-20',36,8,2,5,'RAQUELZABALARODRIGUEZ@GMAIL.COM','3156042711','0','IMG_0416.jpg','pbkdf2:sha256:260000$KRLb9BXLqXZO1x4g$c71e254d7a1dfaf44a58942eb262a1592a63582063d96d5de3b5e96b1b7ba936',NULL,2),(89,1,40421883,'ANA','MILENA','OLIVARES','DAZA','ANA MILENA OLIVARES DAZA','1978-11-06',44,9,2,6,'ANAMILENAOLOVARESDAZA@GMAIL.COM','3114824218','0','IMG_0377.jpg','pbkdf2:sha256:260000$d1ou46BakhyA4JdO$6152893454a44d84d9e0d1fe9f92c8265b97d6777238edb1a381a0ebcfbf6a6a',NULL,2),(91,1,1003480085,'YEFERSON','STIVEN','RIVERA','GOMEZ','YEFERSON STIVEN RIVERA GOMEZ','2000-01-19',22,5,1,1,'NO@NO.COM','1111111111','0','not_registered.jpg','pbkdf2:sha256:260000$2CKOWmZVfWlIAUrC$03e6d457232aed81c9624e69cffd8173abe4607580a54dcb0944a115a45929eb',NULL,0),(92,1,1003480375,'NATALY','JOHANA','GUERRERO','BOHORQUEZ','NATALY JOHANA GUERRERO BOHORQUEZ','2000-04-09',22,5,2,3,'NATIZGUERR@GMAIL.COM','3043951676','0','not_registered.jpg','pbkdf2:sha256:260000$SggIVWOQzvQeozFh$a296d32012799572164af2772512b2a8156cc2e15b852cf75cec881b318f0125',NULL,1),(93,1,1069098029,'LAURA','SUSANA','CASTAEDA','HERRERA','LAURA SUSANA CASTAEDA HERRERA','1985-06-27',37,8,2,1,'LAURACASTANEDAHERRERA@GMAIL.COM','3245719551','0','IMG_0427.jpg','pbkdf2:sha256:260000$HCUVtcGbX4w3sl7h$5d8a49496e8a8aabf3c9020be5713e06abbb182f23407ea4772abf6482f89f34',NULL,1),(94,1,1023869392,'LEIDY','JOHANNA','PRIETO','VELASQUEZ','LEIDY JOHANNA PRIETO VELASQUEZ','1985-12-13',37,8,2,6,'YIYIJOHANNA85@GMAIL.COM','3005153873','0','not_registered.jpg','pbkdf2:sha256:260000$89zrpIqcDzCrFpla$c3e8bf584b5bb304b9e7f8f5744cb93f19a0eacbe0f73f914b031836b185194a',NULL,2),(95,1,1075675956,'GERMAN','ALEJANDRO','OLARTE','MURCIA','GERMAN ALEJANDRO OLARTE MURCIA','1995-03-29',28,6,1,6,'SR.OLARTE.M@GMAIL.COM','3125252748','0','not_registered.jpg','pbkdf2:sha256:260000$Q51QfPF3gTDkOuGs$5b2f0e715a18465473f25ced65b617b9306fcc5508041fc3866fa9ac5a22b3a2',NULL,1),(98,1,1005331908,'MICHAEL','','TORRES','MARTINEZ','MICHAEL  TORRES MARTINEZ','2003-05-29',19,4,1,6,'MAICOLTORRES2903@GMAIL.COM','3042694715','0','not_registered.jpg','pbkdf2:sha256:260000$SoR56LdXNtDrc8N8$c64441241bc5f797988bfdf3bcaf606e83806ded6c4720d786ae2826815a925e',NULL,1),(99,1,1065842229,'OSCAR','FABIAN','ROMERO','ARMENTA','OSCAR FABIAN ROMERO ARMENTA','1996-07-16',26,6,1,3,'OSCARFABIANR30@GMAIL.COM','3006066890','0','not_registered.jpg','pbkdf2:sha256:260000$vIxgklkrlmeAlLjL$5e82611fd74871526977b1c651918630b6c134d98fac0f16244134a99c0e9459',NULL,1),(100,1,1027944394,'JAANN','CARLOS','IBARRA','ARRAUT','JAANN CARLOS IBARRA ARRAUT','2004-06-03',18,4,1,1,'JAANNCARLOSA@GMAIL.COM','3145061936','0','not_registered.jpg','pbkdf2:sha256:260000$Vbjqb54Tfrgvtm6D$faa4b22ba4f624adc56716ca56de1eeebf86e804d5331c617915d4f91a50e19f',NULL,1),(101,1,3102886,'RAMON','','FORERO','SANCHEZ','RAMON  FORERO SANCHEZ','1967-11-19',55,12,1,3,'NO@NO.COM','3193780260','0','not_registered.jpg','pbkdf2:sha256:260000$x8hDu94HZqGSVkaU$dd47a34beaa1e4f0ad965601db8eb2d84661f68afed776291600ce785f3cbccb',NULL,0),(102,10,9869200,'RAFAEL','ANDRES','CANOVAS','NEWELL','RAFAEL ANDRES CANOVAS NEWELL','1972-01-12',51,11,1,6,'RCANOVAS@YAHOO.COM','+51973977869','0','Rafael_comprimida.jpg','pbkdf2:sha256:260000$AIgiA4wdYTtQopTx$337c5b70d32e84b95b80797e3ae132e6e7fb70b8b5ee116482f2a4078f3aea46',NULL,3),(103,1,1075662519,'VICTOR','ALFONSO','ZAMBRANO','OCHOA','VICTOR ALFONSO ZAMBRANO OCHOA','1990-09-21',32,7,1,1,'VICTORZAMBRANO3510@GMAIL.COM','3105893014','0','not_registered.jpg','pbkdf2:sha256:260000$yiRw1MmVcTHA6tWy$c82225db2b8b48ae1fa58dd9d9e069a1b0a45567a2fc1ca802255e1fbdacc6c2',NULL,1),(104,1,1098649239,'EDINSON','JAVIER','GUIO','VELA','EDINSON JAVIER GUIO VELA','1987-07-16',35,8,1,1,'EDINSONJAVIERGUIO1987@GMAIL.COM','3155619880','0','not_registered.jpg','pbkdf2:sha256:260000$arsrAQqJqGAPOSK2$df50e498f3e4429dd2e52613eb55c60689ec522df1cb07c7d433d3ef5996ada4',NULL,2),(105,1,1024573453,'JENNIFER','PAOLA','DIAZ','PEA','JENNIFER PAOLA DIAZ PEA','1996-08-08',26,6,2,6,'JENNIFERDIAZ893@HOTMAIL.COM','3058194230','undefined','Jennifer_Paola_Diaz_Pena.jpeg','pbkdf2:sha256:260000$X9gKlCwIjRwfK4QU$c10a95aad573caaf3242d0515f9ab5961faa99ab8d02a21a4f3068b1cd0a478b',NULL,1),(106,1,1193587138,'ANGIE','TATIANA','SACHICA','GOMEZ','ANGIE TATIANA SACHICA GOMEZ','2003-09-07',19,4,2,6,'ANGIETATIANASACHICA0709@GMAIL.COM','3012629506','undefined','LOGO_VERDE.png','pbkdf2:sha256:260000$9fUANuxAal0fDyrN$00168ee16babd68e1d5bf6636528a70306351733abd5a6e6c6daae975e5a797b',NULL,0),(107,1,11341267,'ORLANDO',' ','BERNAL','PARRA','ORLANDO   BERNAL PARRA','1963-04-18',60,13,1,1,'ORLANBE123@GMAIL.COM','3115491919','undefined','LOGO_VERDE.png','pbkdf2:sha256:260000$EcfkoKseiqZxZx3T$33d47d0f45bacfca884196a82e20a8302eda50b566d6e33a958928756088001a',NULL,2),(108,1,1069100522,'DEICY','JHOANA','MORENO','GONZALEZ','DEICY JHOANA MORENO GONZALEZ','1995-11-27',27,6,2,7,'JM010076@GMAIL.COM','3209464642','undefined','LOGO_VERDE.png','pbkdf2:sha256:260000$mLkhWjnosfxNCaxx$af1e434496951f954420f149d39fe2b8d9410cd99b6a0b6ef36150ae2670eaf5',NULL,2),(109,1,1004437583,'JHILBER','HERNAN','CASTILLO','DIAZ','JHILBER HERNAN CASTILLO DIAZ','2001-12-03',21,5,1,1,'DIAZYHILBER@GMAIL.COM','3162312836','undefined','LOGO_NEGRO.png','pbkdf2:sha256:260000$kelNSwkXogJyxtVa$ffdcc22505513ef1e5e1328e9eb470a13eff37f8c69f7d041f3ae8b8eb0df4a5',NULL,1),(110,1,1002270627,'CAROLINA','N.A','CALDERON','SANTOS','CAROLINA N.A CALDERON SANTOS','2000-11-23',22,5,2,6,'ROGELIOFUENTES2121@GMAIL.COM','3143732793','undefined','LOGO_NEGRO.png','pbkdf2:sha256:260000$7MHxWMD7kmKgle5z$be3432f67599a34f90652500f0f1c25f855049cb8020091643676c86c346b27c',NULL,1),(111,1,1069100692,'CESAR','ANDRES','MONTAO','ABRIL','CESAR ANDRES MONTAO ABRIL','1996-09-24',26,6,1,1,'MONCESAR1824@GMAIL.COM','3102930575','undefined','LOGO_NEGRO.png','pbkdf2:sha256:260000$9IRttVKquptowcLH$1dc921a6e6e5c08f89b02af0b5982dc615934d78300851898e047fd9a493a2b2',NULL,1),(112,1,1004005660,'JESUS','DANIEL','CUERVO','GUASCA','JESUS DANIEL CUERVO GUASCA','2001-05-16',22,5,1,6,'JDCG160401@GMAIL.COM','3138391618','undefined','LOGO_NEGRO.png','pbkdf2:sha256:260000$8HqJatThoSTJGgzk$460e66d7d14b0bcbcb5d02624faad1bf07112dcd56f3dde262914f40cd054c05',NULL,1),(113,1,1030619639,'KATHRIN','ANDREA','CARVAJAL','PARRA','KATHRIN ANDREA CARVAJAL PARRA','1993-01-07',30,7,2,3,'KATHRINCARVAJAL1993@GMAIL.COM','3187988673','undefined','LOGO_NEGRO.png','pbkdf2:sha256:260000$ZEiJq35OOt66GO7i$94c35bba8eaddce0667eee391b3cda677dcaf27e44122c0a46fec07b4d3143f9',NULL,2),(114,1,1071329530,'JENNY','CATHERINE','CASTILLO','CHAVARRO','JENNY CATHERINE CASTILLO CHAVARRO','1991-02-13',32,7,2,6,'KATHEC436@GMAIL.COM','3144606226','undefined','Plena_Julio_89.jpg','pbkdf2:sha256:260000$cFzR2okBpBz3Qhqx$2fe2b368c33a2d8019c09b711abb03fb5c2cab15eb0cea9ffa71f8fbba63c635',NULL,2),(115,1,1003882529,'ANDERSSON','ESTIVENT','SILVA','GOMEZ','ANDERSSON ESTIVENT SILVA GOMEZ','2003-05-29',20,5,1,2,'SILVASTIVENT@GMAIL.COM','3023793446','undefined','LOGO_NEGRO.png','pbkdf2:sha256:260000$vOBUtSQpjEhjbNn3$8411a43b0a29fe026ffad14ebf9a5b07d61ace7141dda0f3df8c7d2a78b5313a',NULL,1),(116,1,1069098844,'JULIANA','ESNEIDA','PARRA','RODRIGUEZ','JULIANA ESNEIDA PARRA RODRIGUEZ','1988-08-17',34,7,2,6,'PARRAJULIANA8808@GMAIL.COM','3219738853','undefined','Plena_Julio_92.jpg','pbkdf2:sha256:260000$YZS0fA0xHpmnV5SI$2b45f1fe31b2ef4ded024e6d582d846fc69a6c41a6614e3bc071316b7c1d8d89',NULL,2),(117,1,1069101470,'NUBIA','JANETH','GORDILLO','SUA','NUBIA JANETH GORDILLO SUA','1998-11-28',24,5,2,1,'janethgordillo090@gmail.com','3125143680','undefined','LOGO_NEGRO.png','pbkdf2:sha256:260000$3BG0RsGbvznJfns6$9361367bd8f037f079fb85759f3b8454522b34b940e8263a731051ecebc2b48a',NULL,3),(118,1,1075666721,'DILZA','YISEL','NOVOA','RIVERA','DILZA YISEL NOVOA RIVERA','1992-06-23',31,7,2,1,'NOVOAYISEL1992@GMAIL.COM','3208802601','undefined','LOGO_NEGRO.png','pbkdf2:sha256:260000$Am0zxnnNxelSQnkE$a8f19f48cede22f52aa474492d3ab5197e329870cc4f1b03a1c2dcd6df796126',NULL,1),(120,1,1069100645,'DUVAN','JAVIER','CARDENAS','BONILLA','DUVAN JAVIER CARDENAS BONILLA','1996-07-04',27,6,1,6,'DUVANJAVIERCARDENASBONILLA@GMAIL.COM','3015788166','undefined','LOGO_NEGRO.png','pbkdf2:sha256:260000$kgu1xHCaEAfAdyyg$2eb631fce408e1d08dc0ee8ed841df5bc5a2513ac00fbcc96c02e35809283117',NULL,1),(121,1,1022335227,'DIANA','CAROLINA','NEIRA','ARDILA','DIANA CAROLINA NEIRA ARDILA','1986-09-09',36,8,2,1,'ING.DIANA.NEIRA@GMAIL.COM','3006075708','undefined','LOGO_NEGRO.png','pbkdf2:sha256:260000$0MVZzpgy18WEFCSz$c448aaa090f80847ad2e80f69cc4061b35e8484c102eb19a94920d7c5f626fd9',NULL,3),(122,1,1002791248,'JHON','SEBASTIAN','ZUIGA','LOPEZ','JHON SEBASTIAN ZUIGA LOPEZ','1998-01-02',25,6,1,6,'JHONSEBASTIAN2250@GMAIL.COM','3145487247','undefined','LOGO_NEGRO.png','pbkdf2:sha256:260000$JkaAshRamY6Nro84$8f6696ba1c1d9126278f51c5f7022f4b80677fe8390d60b48bfe67fd5f98f53b',NULL,1),(123,1,1003777894,'CRISTIAN','ANDRES','MORENO','SOTO','CRISTIAN ANDRES MORENO SOTO','2001-11-16',21,5,1,1,'ZOTTHOCRISTIAN@GMAIL.COM','3023542081','undefined','LOGO_NEGRO.png','pbkdf2:sha256:260000$rHhgqwA6oEco74cV$1086165b91bd3f7e20d19865ba6123e32758dae5597aa2e0ca49e4a70f3410cb',NULL,1),(124,1,1075667285,'MAGDA','YOLIMA','LOVERA','TORRES','MAGDA YOLIMA LOVERA TORRES','1992-08-17',30,7,2,1,'MAGDA17LOVERA@GMAIL.COM','3173748581','undefined','LOGO_NEGRO.png','pbkdf2:sha256:260000$GQitpPPzKKPOENPK$f0d71102c4a9b27d1cd1066b37b20bcacaf1c7538ee5e0550b2242ed19f56016',NULL,1),(125,1,1000718951,'SANTIAGO','EDUARDO','CANCINO','JIMENEZ','SANTIAGO EDUARDO CANCINO JIMENEZ','2002-08-11',20,5,1,6,'SANTIAGOCANCINOJIMENEZ@GMAIL.COM','3182320944','undefined','LOGO_NEGRO.png','pbkdf2:sha256:260000$tif6CqpuDeCyvE4g$c0e5f5c582a6c72da9692a02093f4cdbd8f934aa5d6c2c2b4f74c6c7a7a144e0',NULL,1),(126,1,1098823346,'MARIA','FERNANDA','LEN','DAZ','MARIA FERNANDA LEN DAZ','1999-09-21',23,5,2,6,'mafeleon2011@gmail.com','3203060897','undefined','econnabis-logo-white.png','pbkdf2:sha256:260000$iz6pNEkSmvZcPayB$030720ea034edc2e482c2b7926350e7ad19680f7109e60ce607e8fab99b06007',NULL,1),(127,1,1004004748,'DEISY','YULIETH','LATORRE','GRANDE','DEICY YULIETH LATORRE GRANDE','2000-08-23',23,5,2,6,'julieth23latorre29@gmail.com','3043316432','undefined','econnabis-logo-white.png','pbkdf2:sha256:260000$lRwa2qg3FRmSaYD8$1c4346d805b29004b949bbafe5123779a2d29c46ea494809c876b6ab7ace3726',NULL,1),(128,1,1001203680,'TATIANA','VALENTINA','ROMERO','CORREDOR','TATIANA VALENTINA ROMERO CORREDOR','2003-04-01',20,5,2,1,'tatianavalentina012003@gmail.com','3214618880','undefined','Tatiana_Valentina_Romero_Corredor.jpeg','pbkdf2:sha256:260000$JAFg8DPsUYMMZlN1$6dda3cf3e8f69c000b9bdad23eb5b728fa16cdd01cdcf580986530f3e6127424',NULL,2),(129,1,52760971,'YULIANA','MARCELA','CASTRO ','RODRIGUEZ','YULIANA MARCELA CASTRO  RODRIGUEZ','1984-03-15',39,8,2,1,'MARCE.107@HOTMAIL.COM','3185982942','undefined','Yuliana_Marcela_Castro_Rodriguez.jpg.crdownload','pbkdf2:sha256:260000$jAggXBmhHs18atRv$f28ae7f60b3903def3b488d48ed5e033c3be31a905fc8da286fcdb39529529ec',NULL,3),(130,1,1072643790,'DIANA','CAROLINA','QUECAN','VELANDIA','DIANA CAROLINA QUECAN VELANDIA','1987-06-12',36,8,2,7,'QUECANVELANDIADIANACAROLINA@GMAIL.COM','3043715700','undefined','LOGOPREMIUMsinsombra.png','pbkdf2:sha256:260000$Dx2xOGDUDrYUwwGB$019a6304d569d805c28927bc51d74d1938311ae2d0c8b3d9de45152f67fa3f38',NULL,1),(132,1,1018488103,'ANDRS','FELIPE','ARGUELLO','OVALLE','ANDRS FELIPE ARGUELLO OVALLE','1996-08-20',27,6,1,6,'PIPE.ARGUELLO@HOTMAIL.COM','3203330239','undefined','Econnabis_logo_black_cmyk.jpg','pbkdf2:sha256:260000$1caEnF83lWFQFPJt$09adfe067520e166579138e66d92dec033cba543737609bc83308e940709b1d1',NULL,1),(133,1,1075651419,'ANGELLY','DAYANA','ALFONSO','CETINA','ANGELLY DAYANA ALFONSO CETINA','2004-03-30',19,4,2,6,'ANGIEALFONSO628@GMAIL.COM','3125654631','undefined','Cumpleanos_x9.pdf','pbkdf2:sha256:260000$RiBFyVgspcDTGHpU$6f063bf4535272cb685c6879e1777b56cb6c3a723a9a61163c68739237c46f4f',NULL,1),(134,1,1002769788,'DEISY','NAYIBE','RINCON','PULIDO','DEISY NAYIBE RINCON PULIDO','2002-01-19',21,5,2,3,'RINCONNAYIBE79@GMAIL.COM','3232132606','undefined','NO_VIZUALIZACION_DE_DATOS_ANTES_REGISTRADOS.PNG','pbkdf2:sha256:260000$4xAb8OD0G2AfBbPb$48666b2c89bf4f025101ae84126c38c29e52db6c8e3da145225512ca6647e01e',NULL,1),(135,1,1002,'prueba','','prueba','','prueba  prueba ','1999-12-08',23,5,1,1,'prueba@gmail.com','3167423897','undefined','mario.jfif','pbkdf2:sha256:260000$qfHQ2PwEhp6CaOOz$9f46aabaa7a083b42c8444ca7fbef778fbdfb428daab92adf52e5de092a64257',NULL,1),(136,1,123344567,'Diana Prueba','prueba','Neira ','Prueba','Diana Prueba prueba Neira  Prueba','2023-11-02',0,1,2,3,'prueba@gmail.com','3232323232','undefined','mario.jfif','pbkdf2:sha256:260000$IkqT39FKmeOXLeVf$0d430286ec6c46d81c1f154231759f92e82e18654fd08656f11df6035e9d879b',NULL,3),(137,1,88888888888,'prueba2','','prueba2','','prueba2  prueba2 ','2022-02-07',1,1,2,3,'prueba@gmail.com','3167423897','undefined','mario.jfif','pbkdf2:sha256:260000$oZl3CW7pwahPBCUW$bfed34f049b00ad3e2909173c73502971c48b71681e77148dabd2e847e1360b3',NULL,4),(138,1,100275,'PRUEBA','SEBASTIAN','ZUIGA','LOPEZ','PRUEBA SEBASTIAN ZUIGA LOPEZ','2009-06-04',15,4,1,3,'JHONSEBASTIAN2250@GMAIL.COM','3128548462','0','mario.jfif','pbkdf2:sha256:260000$htWHMjU6yB02oRXg$83d3e783483a0deb9bebf8f0160261c16f6ae7eef241775fe414307d1b075589',NULL,3);
/*!40000 ALTER TABLE `tbl_employee` ENABLE KEYS */;
UNLOCK TABLES;

--
-- Table structure for table `tbl_employment_relationship`
--

DROP TABLE IF EXISTS `tbl_employment_relationship`;
/*!40101 SET @saved_cs_client     = @@character_set_client */;
 SET character_set_client = utf8mb4 ;
CREATE TABLE `tbl_employment_relationship` (
  `ccn_employment_relationship` int NOT NULL AUTO_INCREMENT,
  `ccn_employee` int DEFAULT NULL,
  `ccn_role` int DEFAULT NULL,
  `ccn_work_shift` int DEFAULT NULL,
  `binding_date` datetime NOT NULL,
  `termination_date` datetime DEFAULT NULL,
  `time_worked` varchar(255) NOT NULL,
  `pending_days_to_enjoy_for_holidays` float DEFAULT NULL,
  `ccn_type_relationship` int DEFAULT NULL,
  `employee_corporate_email` varchar(100) NOT NULL,
  `employee_corporate_cellphone` bigint NOT NULL,
  `immediate_boss` int DEFAULT NULL,
  `manager` int DEFAULT NULL,
  `type_of_charge` varchar(50) NOT NULL,
  `is_active_employee` tinyint(1) DEFAULT NULL,
  `reason_for_disengagement` varchar(50) DEFAULT NULL,
  PRIMARY KEY (`ccn_employment_relationship`),
  UNIQUE KEY `ccn_employee_2` (`ccn_employee`),
  KEY `ccn_role` (`ccn_role`),
  KEY `ccn_type_relationship` (`ccn_type_relationship`),
  KEY `ccn_work_shift` (`ccn_work_shift`),
  KEY `ccn_employee` (`ccn_employee`),
  KEY `immediate_boss` (`immediate_boss`),
  KEY `manager` (`manager`),
  CONSTRAINT `tbl_employment_relationship_ibfk_1` FOREIGN KEY (`ccn_role`) REFERENCES `tbl_roles` (`ccn_role`),
  CONSTRAINT `tbl_employment_relationship_ibfk_2` FOREIGN KEY (`ccn_type_relationship`) REFERENCES `tbl_type_relationship` (`ccn_type_relationship`),
  CONSTRAINT `tbl_employment_relationship_ibfk_3` FOREIGN KEY (`ccn_work_shift`) REFERENCES `tbl_work_shift` (`ccn_work_shift`),
  CONSTRAINT `tbl_employment_relationship_ibfk_4` FOREIGN KEY (`ccn_employee`) REFERENCES `tbl_employee` (`ccn_employee`),
  CONSTRAINT `tbl_employment_relationship_ibfk_5` FOREIGN KEY (`immediate_boss`) REFERENCES `tbl_employee` (`ccn_employee`),
  CONSTRAINT `tbl_employment_relationship_ibfk_6` FOREIGN KEY (`manager`) REFERENCES `tbl_employee` (`ccn_employee`)
) ENGINE=InnoDB AUTO_INCREMENT=154 DEFAULT CHARSET=utf8mb4 COLLATE=utf8mb4_0900_ai_ci;
/*!40101 SET character_set_client = @saved_cs_client */;

--
-- Dumping data for table `tbl_employment_relationship`
--

LOCK TABLES `tbl_employment_relationship` WRITE;
/*!40000 ALTER TABLE `tbl_employment_relationship` DISABLE KEYS */;
INSERT INTO `tbl_employment_relationship` VALUES (1,2,37,2,'2023-10-15 00:00:00','2024-05-17 08:21:13','1 AOS, 7 MESES Y 10 DIAS, TOTAL EN DIAS = 589 ',1.54798,1,'BRESTREPO@PLENA.GLOBAL',1111111111,1,95,'ADMINISTRATIVO',0,'Renuncia Voluntaria'),(2,10,63,2,'2023-11-26 00:00:00',NULL,'2 AOS, 1 MESES Y 1 DIAS, TOTAL EN DIAS = 761 ',28.3973,1,'LHIGUERA@PLENA.GLOBAL',1111111111,11,30,'ADMINISTRATIVO',1,NULL),(3,11,62,2,'2021-03-08 00:00:00','2023-05-10 00:00:00','2 AOS, 4 MESES Y 18 DIAS, TOTAL EN DIAS = 870 ',2.38352,1,'AFORTEGA@PLENA.GLOBAL',3505210463,30,71,'DIRECTIVO',1,NULL),(4,12,52,2,'2019-11-28 00:00:00',NULL,'3 AOS, 6 MESES Y 23 DIAS, TOTAL EN DIAS = 1300 ',53.4247,1,'JGAMBOA@PLENA.GLOBAL',111111111,30,71,'DIRECTIVO',1,NULL),(5,9,20,2,'2022-07-28 00:00:00','2023-05-10 00:00:00','0 AOS, 5 MESES Y 27 DIAS, TOTAL EN DIAS = 180 ',0,1,'ARINCON@PLENA.GLOBAL',1111111111,30,30,'ADMINISTRATIVO',1,NULL),(6,13,13,2,'2022-08-19 00:00:00',NULL,'0 AOS, 11 MESES Y 0 DIAS, TOTAL EN DIAS = 334 ',13.0274,1,'A@Q.COM',1111111111,3,30,'OPERATIVO',1,NULL),(7,14,24,2,'2022-10-18 00:00:00','2023-02-28 00:00:00','0 AOS, 4 MESES Y 10 DIAS, TOTAL EN DIAS = 133 ',0,1,'PTAPIERO@GLOBAL.PLENA',1111111111,15,15,'ADMINISTRATIVO',0,NULL),(8,3,28,2,'2022-05-09 00:00:00',NULL,'1 AOS, 5 MESES Y 9 DIAS, TOTAL EN DIAS = 527 ',6.65753,1,'LORJUELA@PLENA.GLOBAL',3502666338,30,71,'DIRECTIVO',1,NULL),(9,16,30,2,'2021-03-04 00:00:00','2023-03-31 00:00:00','2 AOS, 1 MESES Y 9 DIAS, TOTAL EN DIAS = 770 ',0,1,'AMARTELO@PLENA.GLOBAL',1111111111,3,30,'ADMINISTRATIVO',0,NULL),(10,17,31,2,'2021-11-08 00:00:00',NULL,'1 AOS, 6 MESES Y 22 DIAS, TOTAL EN DIAS = 568 ',1,1,'MABRIL@PLENA.GLOBAL',1111111111,3,30,'ADMINISTRATIVO',1,NULL),(11,18,31,2,'2022-08-08 00:00:00',NULL,'1 AOS, 2 MESES Y 3 DIAS, TOTAL EN DIAS = 429 ',0.041137,1,'LRODRIGUEZ@PLENA.GLOBAL',1111111111,17,3,'OPERATIVO',1,NULL),(12,19,56,2,'2022-07-05 00:00:00','2023-05-08 00:00:00','0 AOS, 10 MESES Y 3 DIAS, TOTAL EN DIAS = 307 ',0,1,'VSIERRA@PLENA.GLOBAL',1111111111,45,30,'ADMINISTRATIVO',0,NULL),(13,20,56,2,'2022-06-06 00:00:00','2023-02-15 00:00:00','0 AOS, 11 MESES Y 24 DIAS, TOTAL EN DIAS = 358 ',14,1,'JPINTO@PLENA.GLOBAL',1111111111,29,30,'ADMINISTRATIVO',0,NULL),(14,21,48,2,'2018-11-13 00:00:00',NULL,'4 AOS, 7 MESES Y 22 DIAS, TOTAL EN DIAS = 1695 ',69.6575,1,'JMONROY@PLENA.GLOBAL',3505210483,15,71,'DIRECTIVO',1,NULL),(15,22,74,2,'2019-05-20 00:00:00','2023-03-07 00:00:00','3 AOS, 10 MESES Y 1 DIAS, TOTAL EN DIAS = 1401 ',0,1,'ZVELASQUEZ@PLENA.GLOBAL',3505035424,21,15,'ADMINISTRATIVO',0,NULL),(16,23,26,2,'2022-06-01 00:00:00','2023-07-07 00:00:00','1 AOS, 1 MESES Y 10 DIAS, TOTAL EN DIAS = 405 ',16.6027,1,'CBARAHONA@PLENA.GLOBAL',1111111111,27,15,'ADMINISTRATIVO',0,NULL),(17,24,50,2,'2020-01-20 00:00:00','2024-05-15 12:21:41','3 AOS, 10 MESES Y 0 DIAS, TOTAL EN DIAS = 1400 ',57.5342,1,'LORTIZ@PLENA.GLOBAL',3508081104,49,21,'ADMINISTRATIVO',0,'Renuncia Voluntaria'),(18,25,39,2,'2022-02-21 00:00:00','2023-03-29 00:00:00','1 AOS, 3 MESES Y 9 DIAS, TOTAL EN DIAS = 463 ',19,1,'CPEREZ@PLENA.GLOBAL',1111111111,53,71,'ADMINISTRATIVO',0,NULL),(19,26,25,2,'2022-06-13 00:00:00','2023-02-28 00:00:00','0 AOS, 9 MESES Y 8 DIAS, TOTAL EN DIAS = 281 ',0,1,'RBUITRAGO@PLENA.GLOBAL',11,15,71,'ADMINISTRATIVO',0,NULL),(20,27,26,2,'2019-03-06 00:00:00',NULL,'4 AOS, 7 MESES Y 4 DIAS, TOTAL EN DIAS = 1679 ',69,1,'FVELASCO@PLENA.GLOBAL',3503926489,15,71,'ADMINISTRATIVO',1,NULL),(21,4,29,2,'2019-01-16 00:00:00',NULL,'4 AOS, 3 MESES Y 12 DIAS, TOTAL EN DIAS = 1563 ',0,1,'YMEDINA@PLENA.GLOBAL',3505210445,3,30,'ADMINISTRATIVO',1,NULL),(22,28,51,2,'2019-04-03 00:00:00','2023-03-21 00:00:00','3 AOS, 11 MESES Y 26 DIAS, TOTAL EN DIAS = 1456 ',0,1,'PPRADA@PLENA.GLOBAL',1111111111,30,71,'DIRECTIVO',0,NULL),(23,29,54,2,'2019-04-01 00:00:00','2023-04-14 00:00:00','4 AOS, 0 MESES Y 18 DIAS, TOTAL EN DIAS = 1479 ',0,1,'LBEDOYA@PLENA.GLOBAL',3503926493,30,71,'DIRECTIVO',0,NULL),(24,30,80,2,'2018-10-26 00:00:00',NULL,'4 AOS, 6 MESES Y 22 DIAS, TOTAL EN DIAS = 1665 ',68,1,'LVALERO@PLENA.GLOBAL',3502666332,71,71,'DIRECTIVO',1,NULL),(25,32,44,2,'2022-07-18 00:00:00','2023-05-29 00:00:00','0 AOS, 10 MESES Y 12 DIAS, TOTAL EN DIAS = 316 ',12,1,'DGARIZABALO@PLENA.GLOBAL',111111111,51,52,'OPERATIVO',0,NULL),(26,33,53,2,'2019-12-19 00:00:00','2023-06-08 00:00:00','3 AOS, 6 MESES Y 16 DIAS, TOTAL EN DIAS = 1294 ',52.3973,1,'NO@NO.COM',1111111111,12,30,'OPERATIVO',0,NULL),(27,8,34,2,'2021-01-07 00:00:00',NULL,'2 AOS, 6 MESES Y 0 DIAS, TOTAL EN DIAS = 911 ',37.4384,1,'APINZON@PLENA.GLOBAL',3502156534,1,30,'ADMINISTRATIVO',1,NULL),(28,36,59,2,'2022-11-23 00:00:00','2023-03-21 00:00:00','0 AOS, 3 MESES Y 26 DIAS, TOTAL EN DIAS = 118 ',0,1,'CMARTIN@PLENA.GLOBAL',1111111111,39,45,'ADMINISTRATIVO',0,NULL),(29,34,53,2,'2020-01-20 00:00:00',NULL,'2 AOS, 11 MESES Y 23 DIAS, TOTAL EN DIAS = 1088 ',0,1,'',1111111111,12,30,'OPERATIVO',1,NULL),(30,35,53,2,'2019-09-16 00:00:00','2023-10-13 00:00:00','3 AOS, 3 MESES Y 27 DIAS, TOTAL EN DIAS = 1214 ',0,1,'',1111111111,12,30,'OPERATIVO',0,NULL),(31,37,60,2,'2021-11-11 00:00:00',NULL,'1 AOS, 8 MESES Y 6 DIAS, TOTAL EN DIAS = 613 ',25.1918,1,'LCRIADO@PLENA.GLOBAL',1111111111,39,45,'OPERATIVO',1,NULL),(32,38,59,2,'2022-10-24 00:00:00',NULL,'0 AOS, 8 MESES Y 19 DIAS, TOTAL EN DIAS = 262 ',10.7671,1,'JSANCHEZ@PLENA.GLOBAL',1111111111,39,45,'OPERATIVO',1,NULL),(33,39,58,2,'2021-02-22 00:00:00','2023-08-25 00:00:00','2 AOS, 4 MESES Y 22 DIAS, TOTAL EN DIAS = 872 ',35.8356,1,'DCHAPARRO@PLENA.GLOBAL',1111111111,45,30,'ADMINISTRATIVO',0,NULL),(34,40,56,2,'2023-01-16 00:00:00',NULL,'0 AOS, 5 MESES Y 25 DIAS, TOTAL EN DIAS = 176 ',-0.00000328767,1,'HRODRIGUEZ@PLENA.GLOBAL',11111111111,45,30,'ADMINISTRATIVO',1,NULL),(35,41,65,2,'2022-09-05 00:00:00',NULL,'1 AOS, 1 MESES Y 1 DIAS, TOTAL EN DIAS = 396 ',-0.0000273973,1,'DVIASUS@PLENA.GLOBAL',3502156678,86,71,'ADMINISTRATIVO',1,NULL),(36,42,76,2,'2022-03-23 00:00:00',NULL,'1 AOS, 6 MESES Y 11 DIAS, TOTAL EN DIAS = 560 ',21.6027,1,'RMALAVER@PLENA.GLOBAL',1111111111,41,30,'ADMINISTRATIVO',1,NULL),(37,43,77,2,'2022-04-22 00:00:00',NULL,'1 AOS, 1 MESES Y 9 DIAS, TOTAL EN DIAS = 404 ',0,1,'DZORRO@PLENA.GLOBAL',3502156692,42,30,'OPERATIVO',1,NULL),(38,1,33,2,'2021-07-28 00:00:00',NULL,'2 AOS, 4 MESES Y 2 DIAS, TOTAL EN DIAS = 855 ',19.822,1,'JCELIS@PLENA.GLOBAL',3503707686,30,71,'DIRECTIVO',0,NULL),(39,44,65,2,'2019-04-12 00:00:00',NULL,'3 AOS, 9 MESES Y 29 DIAS, TOTAL EN DIAS = 1400 ',0,1,'APACHON@GMAIL.COM',3503926491,86,71,'ADMINISTRATIVO',1,NULL),(40,45,57,2,'2019-05-29 00:00:00',NULL,'4 AOS, 1 MESES Y 12 DIAS, TOTAL EN DIAS = 1504 ',61.8082,1,'NCOCA@PLENA.GLOBAL',3503926487,30,71,'DIRECTIVO',1,NULL),(41,46,41,2,'2022-04-28 00:00:00',NULL,'1 AOS, 4 MESES Y 0 DIAS, TOTAL EN DIAS = 487 ',1.1507,1,'ZGARNICA@PLENA.GLOBAL',1111111111,52,30,'ADMINISTRATIVO',1,NULL),(42,5,79,2,'2021-09-14 00:00:00',NULL,'1 AOS, 10 MESES Y 28 DIAS, TOTAL EN DIAS = 696 ',0.94524,1,'LAVANDERIA@PLENA.GLOBAL',1111111111,3,30,'OPERATIVO',1,NULL),(43,47,75,2,'2019-01-14 00:00:00',NULL,'4 AOS, 4 MESES Y 17 DIAS, TOTAL EN DIAS = 1598 ',65,1,'VLOPEZ@PLENA.GLOBAL',3503762386,42,30,'OPERATIVO',1,NULL),(44,48,22,2,'2022-04-22 00:00:00',NULL,'2 AOS, 0 MESES Y 3 DIAS, TOTAL EN DIAS = 734 ',10.8904,1,'KDAZA@PLENA.GLOBAL',1111111111,51,52,'OPERATIVO',1,NULL),(45,49,49,2,'2019-02-04 00:00:00',NULL,'4 AOS, 9 MESES Y 13 DIAS, TOTAL EN DIAS = 1747 ',3.86302,1,'SCANTOR@PLENA.GLOBAL',3505210468,21,15,'ADMINISTRATIVO',1,NULL),(46,50,44,2,'2023-06-06 00:00:00','2023-04-03 00:00:00','0 AOS, 1 MESES Y 7 DIAS, TOTAL EN DIAS = 37 ',1.43836,1,'ENOVOA@PLENA.GLOBAL',1111111111,51,52,'OPERATIVO',1,NULL),(47,51,21,2,'2022-01-19 00:00:00',NULL,'1 AOS, 8 MESES Y 0 DIAS, TOTAL EN DIAS = 608 ',1.1917,1,'DGUTIERREZ@PLENA.GLOBAL',111111111,52,30,'ADMINISTRATIVO',1,NULL),(48,52,40,2,'2019-05-22 00:00:00',NULL,'4 AOS, 2 MESES Y 26 DIAS, TOTAL EN DIAS = 1548 ',0.369838,1,'JPAEZ@PLENA.GLOBAL',3507689442,30,71,'DIRECTIVO',1,NULL),(49,53,38,2,'2019-06-25 00:00:00',NULL,'4 AOS, 10 MESES Y 12 DIAS, TOTAL EN DIAS = 1778 ',73.0685,1,'AALVAREZ@PLENA.GLOBAL',111111111,71,71,'DIRECTIVO',1,NULL),(50,54,45,2,'2022-04-28 00:00:00',NULL,'1 AOS, 6 MESES Y 23 DIAS, TOTAL EN DIAS = 571 ',-0.0000465753,1,'',1111111111,46,52,'OPERATIVO',1,NULL),(51,55,43,2,'2022-02-20 00:00:00','2023-03-29 00:00:00','1 AOS, 1 MESES Y 23 DIAS, TOTAL EN DIAS = 416 ',0,1,'NO@NO.COM',1111111111,46,52,'OPERATIVO',0,NULL),(52,56,42,2,'2022-10-24 00:00:00',NULL,'0 AOS, 9 MESES Y 15 DIAS, TOTAL EN DIAS = 288 ',0.452016,1,'LBELTRAN@PLENA.GLOBAL',1111111111,52,30,'ADMINISTRATIVO',1,NULL),(53,57,47,2,'2022-11-29 00:00:00',NULL,'1 AOS, 4 MESES Y 27 DIAS, TOTAL EN DIAS = 513 ',21.0822,1,'',1111111111,56,52,'OPERATIVO',1,NULL),(54,58,47,2,'2022-02-23 00:00:00','2023-08-15 00:00:00','1 AOS, 6 MESES Y 0 DIAS, TOTAL EN DIAS = 546 ',-0.0000438356,1,'',111111111,56,52,'OPERATIVO',0,NULL),(55,59,47,2,'2021-03-03 00:00:00',NULL,'2 AOS, 5 MESES Y 13 DIAS, TOTAL EN DIAS = 896 ',36.8219,1,'',111111111,56,52,'OPERATIVO',1,NULL),(56,60,46,2,'2021-09-07 00:00:00',NULL,'1 AOS, 11 MESES Y 16 DIAS, TOTAL EN DIAS = 715 ',29.3836,1,'JRIANO@PLENA.GLOBAL',11111111111,56,52,'OPERATIVO',1,NULL),(57,61,47,2,'2021-03-03 00:00:00','2023-08-31 00:00:00','2 AOS, 5 MESES Y 20 DIAS, TOTAL EN DIAS = 903 ',36.2877,1,'LDIAZ@PLENA.GLOBAL',111111111111,56,52,'OPERATIVO',0,NULL),(58,62,45,2,'2020-01-27 00:00:00',NULL,'4 AOS, 2 MESES Y 29 DIAS, TOTAL EN DIAS = 1550 ',11.6301,1,'',111111111,56,52,'OPERATIVO',1,NULL),(59,63,2,2,'2019-05-06 00:00:00',NULL,'4 AOS, 2 MESES Y 26 DIAS, TOTAL EN DIAS = 1548 ',63.6164,1,'WNEIRA@PLENA.GLOBAL',3505474415,76,30,'ADMINISTRATIVO',1,NULL),(60,64,2,2,'2019-04-23 00:00:00',NULL,'3 AOS, 10 MESES Y 5 DIAS, TOTAL EN DIAS = 1407 ',0,1,'SGAITAN@PLENA.GLOBAL',3507689446,76,30,'ADMINISTRATIVO',1,NULL),(61,65,35,2,'2019-12-23 00:00:00',NULL,'3 AOS, 7 MESES Y 30 DIAS, TOTAL EN DIAS = 1338 ',52.8904,1,'MSANCHEZ@PLENA.GLOBAL',3503762387,1,30,'ADMINISTRATIVO',1,NULL),(62,15,16,2,'2021-11-08 00:00:00',NULL,'1 AOS, 3 MESES Y 9 DIAS, TOTAL EN DIAS = 466 ',0,1,'GURIBE@PLENA.BLOBAL',3503762348,71,71,'DIRECTIVO',1,NULL),(63,66,4,2,'2023-02-20 00:00:00','2023-03-17 00:00:00','0 AOS, 1 MESES Y 2 DIAS, TOTAL EN DIAS = 30 ',0,1,'',111111111,63,76,'OPERATIVO',1,NULL),(64,67,4,2,'2023-02-20 00:00:00',NULL,'0 AOS, 4 MESES Y 29 DIAS, TOTAL EN DIAS = 149 ',6.12329,1,'',111111111,63,76,'OPERATIVO',1,NULL),(65,68,5,2,'2023-02-20 00:00:00',NULL,'0 AOS, 3 MESES Y 27 DIAS, TOTAL EN DIAS = 116 ',4.76712,1,'',1111111111,64,76,'OPERATIVO',1,NULL),(66,69,56,2,'2023-02-20 00:00:00',NULL,'0 AOS, 1 MESES Y 4 DIAS, TOTAL EN DIAS = 32 ',0,10,'BSILVA@PLENA.GLOBAL',111111111,45,30,'ADMINISTRATIVO',1,NULL),(67,70,5,2,'2023-02-20 00:00:00','2023-04-18 00:00:00','0 AOS, 1 MESES Y 2 DIAS, TOTAL EN DIAS = 30 ',0,1,'',11111111111,64,76,'OPERATIVO',0,NULL),(68,72,7,2,'2022-10-03 00:00:00','2023-04-10 00:00:00','0 AOS, 6 MESES Y 9 DIAS, TOTAL EN DIAS = 191 ',0,1,'NO@NO.COM',1111111111,64,76,'OPERATIVO',0,NULL),(69,73,7,2,'2022-08-01 00:00:00',NULL,'1 AOS, 0 MESES Y 16 DIAS, TOTAL EN DIAS = 381 ',14.6713,1,'',1111111111,64,76,'OPERATIVO',1,NULL),(70,74,11,2,'2022-03-02 00:00:00','2023-04-17 00:00:00','1 AOS, 1 MESES Y 19 DIAS, TOTAL EN DIAS = 415 ',0,1,'NO@NO.COM',1111111111,64,76,'OPERATIVO',0,NULL),(71,75,7,2,'2022-09-23 00:00:00',NULL,'0 AOS, 10 MESES Y 12 DIAS, TOTAL EN DIAS = 315 ',0.657505,1,'',111111111,64,76,'OPERATIVO',1,NULL),(72,76,1,2,'2020-04-22 00:00:00',NULL,'2 AOS, 10 MESES Y 6 DIAS, TOTAL EN DIAS = 1042 ',0,1,'MMORA@PLENA.GLOBAL',3503762389,30,71,'DIRECTIVO',1,NULL),(73,77,5,2,'2022-05-05 00:00:00',NULL,'1 AOS, 2 MESES Y 30 DIAS, TOTAL EN DIAS = 456 ',0.0000260274,1,'',111111111,64,76,'OPERATIVO',1,NULL),(74,78,7,2,'2022-08-01 00:00:00',NULL,'1 AOS, 0 MESES Y 3 DIAS, TOTAL EN DIAS = 368 ',2.01369,1,'',1111111111,64,76,'OPERATIVO',1,NULL),(75,79,5,2,'2022-10-10 00:00:00','2023-04-09 00:00:00','0 AOS, 6 MESES Y 2 DIAS, TOTAL EN DIAS = 184 ',0,9,'NO@NO.COM',1111111111,64,76,'OPERATIVO',0,NULL),(76,80,81,2,'2022-08-22 00:00:00','2023-06-25 00:00:00','0 AOS, 9 MESES Y 8 DIAS, TOTAL EN DIAS = 281 ',11,1,'NO@NO.COM',1111111111,63,76,'OPERATIVO',0,NULL),(77,81,9,2,'2021-06-10 00:00:00',NULL,'2 AOS, 1 MESES Y 25 DIAS, TOTAL EN DIAS = 785 ',30.9041,1,'',1111111111,63,76,'OPERATIVO',1,NULL),(78,82,82,2,'2021-03-04 00:00:00',NULL,'2 AOS, 5 MESES Y 0 DIAS, TOTAL EN DIAS = 883 ',-0.0000287671,1,'',1111111111,63,76,'OPERATIVO',1,NULL),(79,83,84,2,'2020-01-27 00:00:00',NULL,'3 AOS, 6 MESES Y 8 DIAS, TOTAL EN DIAS = 1285 ',0.0000191781,1,'',11111111111,64,76,'OPERATIVO',1,NULL),(80,84,98,2,'2023-03-01 00:00:00',NULL,'0 AOS, 0 MESES Y 5 DIAS, TOTAL EN DIAS = 5 ',0,9,'MCARDENAS@PLENA.GLOBAL',1111111111,44,86,'ADMINISTRATIVO',1,NULL),(81,85,5,2,'2023-03-08 00:00:00',NULL,'0 AOS, 4 MESES Y 27 DIAS, TOTAL EN DIAS = 149 ',5.83561,1,'',1111111111,64,76,'OPERATIVO',1,NULL),(82,86,17,2,'2019-05-07 00:00:00',NULL,'3 AOS, 10 MESES Y 1 DIAS, TOTAL EN DIAS = 1401 ',0,1,'AGONZALEZ@PLENA.GLOBAL',3503926488,71,71,'DIRECTIVO',1,NULL),(83,87,7,2,'2022-04-26 00:00:00',NULL,'1 AOS, 3 MESES Y 9 DIAS, TOTAL EN DIAS = 465 ',0.493089,1,'',1111111111,64,76,'OPERATIVO',1,NULL),(84,88,86,2,'2019-03-27 00:00:00',NULL,'4 AOS, 4 MESES Y 8 DIAS, TOTAL EN DIAS = 1591 ',-0.0000383562,1,'',1111111111,63,76,'OPERATIVO',1,NULL),(85,89,8,2,'2019-09-16 00:00:00',NULL,'3 AOS, 10 MESES Y 19 DIAS, TOTAL EN DIAS = 1418 ',-0.0000273973,1,'',1111111111,63,76,'OPERATIVO',1,NULL),(87,91,81,2,'2021-08-18 00:00:00',NULL,'1 AOS, 11 MESES Y 17 DIAS, TOTAL EN DIAS = 716 ',-0.0000424658,1,'',1111111111,63,76,'OPERATIVO',1,NULL),(88,92,87,2,'2022-08-01 00:00:00','2023-05-15 00:00:00','0 AOS, 7 MESES Y 21 DIAS, TOTAL EN DIAS = 233 ',0,1,'NO@NO.COM',1111111111,64,76,'OPERATIVO',0,NULL),(89,93,4,2,'2019-07-16 00:00:00',NULL,'4 AOS, 0 MESES Y 19 DIAS, TOTAL EN DIAS = 1480 ',60.6164,1,'',1111111111,64,76,'OPERATIVO',1,NULL),(90,94,7,2,'2022-09-08 00:00:00',NULL,'0 AOS, 7 MESES Y 3 DIAS, TOTAL EN DIAS = 215 ',0,1,'',111111111,64,76,'OPERATIVO',1,NULL),(91,95,97,2,'2023-03-21 00:00:00',NULL,'0 AOS, 5 MESES Y 16 DIAS, TOTAL EN DIAS = 169 ',4.94521,9,'AOLARTE@PLENA.GLOBAL',1111111111,31,1,'ADMINISTRATIVO',1,NULL),(92,98,87,2,'2022-11-16 00:00:00','2023-06-09 00:00:00','0 AOS, 4 MESES Y 6 DIAS, TOTAL EN DIAS = 126 ',0,1,'NO@NO.COM',1111111111,64,76,'OPERATIVO',0,NULL),(93,99,89,2,'2023-03-21 00:00:00',NULL,'0 AOS, 0 MESES Y 1 DIAS, TOTAL EN DIAS = 1 ',0,9,'',1111111111,52,52,'OPERATIVO',1,NULL),(94,100,89,2,'2023-03-21 00:00:00',NULL,'0 AOS, 0 MESES Y 1 DIAS, TOTAL EN DIAS = 1 ',0,9,'',1111111111,52,52,'OPERATIVO',1,NULL),(95,101,81,2,'2023-03-21 00:00:00',NULL,'0 AOS, 1 MESES Y 14 DIAS, TOTAL EN DIAS = 45 ',0,1,'',1111111111,76,76,'OPERATIVO',1,NULL),(96,102,90,2,'2018-10-30 00:00:00',NULL,'4 AOS, 4 MESES Y 24 DIAS, TOTAL EN DIAS = 1606 ',0,1,'RCANOVAS@PLENA.GLOBAL',51922397998,71,71,'DIRECTIVO',1,NULL),(97,103,87,2,'2022-11-16 00:00:00','2023-04-18 00:00:00','0 AOS, 5 MESES Y 17 DIAS, TOTAL EN DIAS = 168 ',0,1,'NO@NO.COM',1111111111,64,76,'OPERATIVO',0,NULL),(98,104,7,2,'2022-10-03 00:00:00','2023-07-08 00:00:00','0 AOS, 6 MESES Y 21 DIAS, TOTAL EN DIAS = 203 ',0,1,'NO@NO.COM',111111111,64,76,'OPERATIVO',0,NULL),(100,31,36,2,'2022-07-11 00:00:00','2023-06-05 00:00:00','0',NULL,1,'JGALINDO@PLENA.GLOBAL',3204873737,1,30,'ADMINISTRATIVO',0,NULL),(101,105,39,2,'2023-05-08 00:00:00',NULL,'0 AOS, 4 MESES Y 2 DIAS, TOTAL EN DIAS = 125 ',2.34247,1,'JDIAZ@PLENA.GLOBAL',111111111,53,71,'ADMINISTRATIVO',1,NULL),(104,71,14,2,'2020-11-10 00:00:00',NULL,'01/01/2001',NULL,1,'MAURICIO@ECONNABIS.COM',3,0,0,'DIRECTIVO',1,NULL),(107,106,7,2,'2023-05-23 00:00:00','2023-10-12 00:00:00','0 AOS, 3 MESES Y 18 DIAS, TOTAL EN DIAS = 110 ',0.739728,1,'NO@NO.COM',111111111,63,76,'OPERATIVO',0,NULL),(110,107,43,2,'2023-06-06 00:00:00',NULL,'0 AOS, 3 MESES Y 4 DIAS, TOTAL EN DIAS = 96 ',1.15069,1,'NO@NO.COM',111111111,46,52,'OPERATIVO',1,NULL),(111,108,7,2,'2022-09-08 00:00:00',NULL,'1 AOS, 0 MESES Y 12 DIAS, TOTAL EN DIAS = 377 ',12.9041,1,'NO@NO.COM',111111111,64,76,'OPERATIVO',1,NULL),(113,109,87,2,'2023-07-04 00:00:00',NULL,'0 AOS, 2 MESES Y 6 DIAS, TOTAL EN DIAS = 68 ',2.30137,1,'NO@NO.COM',1111111111,63,76,'OPERATIVO',1,NULL),(114,110,7,2,'2023-07-04 00:00:00',NULL,'0 AOS, 2 MESES Y 6 DIAS, TOTAL EN DIAS = 68 ',0.904111,1,'NO@NO.COM',1111111111,64,76,'OPERATIVO',1,NULL),(115,111,4,2,'2023-07-04 00:00:00',NULL,'0 AOS, 2 MESES Y 6 DIAS, TOTAL EN DIAS = 68 ',0.904111,1,'NO@NO.COM',111111111,64,76,'OPERATIVO',1,NULL),(116,112,5,2,'2023-07-04 00:00:00',NULL,'0 AOS, 2 MESES Y 6 DIAS, TOTAL EN DIAS = 68 ',0.904111,1,'NO@NO.COM',1111111111,64,76,'OPERATIVO',1,NULL),(117,113,87,2,'2022-09-08 00:00:00',NULL,'0 AOS, 11 MESES Y 27 DIAS, TOTAL EN DIAS = 361 ',13.9316,1,'NO@NO.COM',0,63,76,'OPERATIVO',1,NULL),(118,114,7,2,'2022-02-08 00:00:00',NULL,'1 AOS, 7 MESES Y 2 DIAS, TOTAL EN DIAS = 579 ',0.904021,1,'NO@NO.COM',0,64,76,'OPERATIVO',1,NULL),(119,115,81,2,'2023-05-08 00:00:00',NULL,'0 AOS, 4 MESES Y 2 DIAS, TOTAL EN DIAS = 125 ',0.904106,1,'NO@NO.COM',0,63,76,'OPERATIVO',1,NULL),(120,116,6,2,'2020-01-20 00:00:00',NULL,'3 AOS, 7 MESES Y 29 DIAS, TOTAL EN DIAS = 1337 ',54.0412,1,'NO@NO.COM',0,63,76,'OPERATIVO',1,NULL),(121,117,4,2,'2023-05-08 00:00:00',NULL,'0 AOS, 4 MESES Y 2 DIAS, TOTAL EN DIAS = 125 ',0.904106,1,'NO@NO.COM',0,64,76,'OPERATIVO',1,NULL),(122,118,3,2,'2023-05-08 00:00:00',NULL,'0 AOS, 4 MESES Y 2 DIAS, TOTAL EN DIAS = 125 ',0.904106,1,'NO@NO.COM',0,63,76,'OPERATIVO',1,NULL),(123,6,4,2,'2022-11-16 00:00:00',NULL,'0 AOS, 9 MESES Y 25 DIAS, TOTAL EN DIAS = 298 ',0.904075,1,'NO@NO.COM',0,63,76,'OPERATIVO',1,NULL),(124,120,4,2,'2023-05-08 00:00:00',NULL,'0 AOS, 4 MESES Y 2 DIAS, TOTAL EN DIAS = 125 ',0.904106,1,'NO@NO.COM',0,63,76,'OPERATIVO',1,NULL),(125,121,94,2,'2023-07-24 00:00:00',NULL,'0 AOS, 0 MESES Y 30 DIAS, TOTAL EN DIAS = 30 ',1.06849,1,'DNEIRA@PLENA.GLOBAL',111110,3,30,'ADMINISTRATIVO',1,NULL),(126,122,12,2,'2023-12-05 10:00:00','2024-03-19 09:40:48','0 AOS, 5 MESES Y 2 DIAS, TOTAL EN DIAS = 154 ',-0.246573,1,'JZUNIGA@PLENA.GLOBAL',0,122,122,'ADMINISTRATIVO',0,'Terminacin de contrato'),(127,123,4,2,'2023-07-24 00:00:00',NULL,'0 AOS, 1 MESES Y 17 DIAS, TOTAL EN DIAS = 48 ',0.904113,1,'NO@NO.COM',0,64,76,'OPERATIVO',1,NULL),(128,124,53,2,'2023-07-25 00:00:00',NULL,'0 AOS, 1 MESES Y 16 DIAS, TOTAL EN DIAS = 47 ',0.904107,1,'NO@NO.COM',0,12,30,'OPERATIVO',1,NULL),(129,125,37,2,'2023-07-24 00:00:00',NULL,'0 AOS, 5 MESES Y 14 DIAS, TOTAL EN DIAS = 167 ',6.36987,1,'SCANCINO@PLENA.GLOBAL',0,2,1,'ADMINISTRATIVO',1,NULL),(130,127,95,2,'2023-06-16 00:00:00','2024-02-27 11:05:43','0 AOS, 1 MESES Y 2 DIAS, TOTAL EN DIAS = 33 ',0.164384,10,'DLATORRE@PLENA.GLOBAL',0,17,3,'ADMINISTRATIVO',0,'Terminacin de contrato'),(131,126,56,2,'2023-08-08 00:00:00',NULL,'0 AOS, 1 MESES Y 2 DIAS, TOTAL EN DIAS = 33 ',0.123284,1,'mleon@plena.global',0,40,45,'ADMINISTRATIVO',1,NULL),(132,128,7,2,'2022-08-01 00:00:00',NULL,'1 AOS, 1 MESES Y 9 DIAS, TOTAL EN DIAS = 405 ',0.0000356164,1,'',0,64,76,'OPERATIVO',1,NULL),(133,129,50,2,'2023-08-22 00:00:00',NULL,'0 AOS, 0 MESES Y 19 DIAS, TOTAL EN DIAS = 19 ',-0.0000000821918,1,'',0,21,15,'ADMINISTRATIVO',1,NULL),(147,130,7,2,'2023-05-22 00:00:00','2023-10-12 00:00:00','0 AOS, 3 MESES Y 19 DIAS, TOTAL EN DIAS = 111 ',0.00000383562,1,'',0,63,76,'OPERATIVO',0,NULL),(152,135,5,2,'2023-10-25 00:00:00',NULL,'0 AOS, 1 MESES Y 4 DIAS, TOTAL EN DIAS = 35 ',1.10959,1,'',0,18,17,'ADMINISTRATIVO',1,NULL),(153,137,16,2,'2023-12-13 00:00:00',NULL,'01/01/2001',NULL,1,'',3503707685,11,14,'ADMINISTRATIVO',1,NULL);
/*!40000 ALTER TABLE `tbl_employment_relationship` ENABLE KEYS */;
UNLOCK TABLES;

--
-- Table structure for table `tbl_eps`
--

DROP TABLE IF EXISTS `tbl_eps`;
/*!40101 SET @saved_cs_client     = @@character_set_client */;
 SET character_set_client = utf8mb4 ;
CREATE TABLE `tbl_eps` (
  `ccn_eps` int NOT NULL AUTO_INCREMENT,
  `code_eps` varchar(40) DEFAULT NULL,
  `code_sgp_eps` varchar(40) DEFAULT NULL,
  `nit_eps` varchar(20) NOT NULL,
  `dig_ver` int DEFAULT NULL,
  `description_eps` varchar(100) NOT NULL,
  PRIMARY KEY (`ccn_eps`)
) ENGINE=InnoDB AUTO_INCREMENT=58 DEFAULT CHARSET=utf8mb4 COLLATE=utf8mb4_0900_ai_ci;
/*!40101 SET character_set_client = @saved_cs_client */;

--
-- Dumping data for table `tbl_eps`
--

LOCK TABLES `tbl_eps` WRITE;
/*!40000 ALTER TABLE `tbl_eps` DISABLE KEYS */;
INSERT INTO `tbl_eps` VALUES (1,'EAS016','','890904996',1,'EMPRESAS PBLICAS DE MEDELLN DEPARTAMENTOMDICO'),(2,'EAS027','','800112806',2,'FONDO DE PASIVO SOCIAL DE FERROCARRILES'),(3,'EPS001','SGP001','830113831',0,'ALIANSALUD EPS'),(4,'EPS002','SGP002','800130907',4,'SALUD TOTAL S.A'),(5,'EPS003','SGP003','800140949',6,'CAFESALUD EPS'),(6,'EPS005','SGP005','800251440',6,'E.P.S SANITAS'),(7,'EPS008','SGP008','860066942',7,'COMPENSAR ENTIDAD PROMOTORA DE SALUD'),(8,'EPS010','SGP010','800088702',2,'EPS SURA'),(9,'EPS012','SGP012','890303093',5,'COMFENALCO VALLE EPS'),(10,'EPS016','SGP016','805000427',1,'COOMEVA EPS'),(11,'EPS017','SGP017','830003564',7,'FAMISANAR'),(12,'EPS018','SGP018','805001157',2,'SERVICIO OCCIDENTAL DE SALUD S.O.S. S.A'),(13,'EPS023','SGP023','830009783',0,'CRUZ BLANCA S.A'),(14,'EPS033','SGP033','830074184',5,'SALUDVIDA S.A EPS'),(15,'EPS037','SGP037','900156264',2,'NUEVA EPS'),(16,'MIN001','','900462447',5,'FONDO DE SOLIDARIDAD Y GARANTA FOSYGA '),(17,'MIN002','','900462447',5,'FOSYGA RGIMEN DE EXCEPCIN'),(18,'MIN003','','900462447',5,'FOSYGA RESIDENTE EXTERIOR O RGIMEN SUBSIDIADO'),(19,'RES005','','890102257',3,'UNIVERSIDAD DEL ATLNTICO'),(20,'RES006','','890203183',0,'UNIVERSIDAD INDUSTRIAL DE SANTANDER'),(21,'RES007','','890399010',6,'UNIVERSIDAD DEL VALLE'),(22,'RES008','','899999063',3,'UNIVERSIDAD NACIONAL DE COLOMBIA'),(23,'RES009','','891500319',2,'UNIVERSIDAD DEL CAUCA'),(24,'RES010','','890480123',5,'UNIVERSIDAD DE CARTAGENA'),(25,'RES011','','890980040',8,'UNIVERSIDAD DE ANTIOQUIA'),(26,'RES012','','891080031',3,'UNIVERSIDAD DE CRDOBA'),(27,'RES013','','800118954',1,'UNIVERSIDAD DE NARIO'),(28,'RES014','','891800330',1,'UNIVERSIDAD PEDAGGICA Y TECNOLGICA DE COLOMBIA - UPTC'),(29,'EPSC03','','800140949',6,'CAFESALUD ENTIDAD PROMOTORA DE SALUD S.A'),(30,'EPSC22','','899999107',9,'ENTIDAD ADMINISTRADORA DE RGIMEN SUBSIDIADO CONVIDA'),(31,'EPSC25','','891856000',7,'CAPRESOCA EPS'),(32,'EPSC33','SGPC33','830074184',5,'SALUDVIDA S.A. EPS MOVILIDAD'),(33,'EPSC34','','900298372',9,'CAPITAL SALUD EPSS S.A.S.'),(34,'EPSIC1','','824001398',1,'ASOCIACIN DE CABILDOS INDGENAS DEL CESAR DUSAKAWI'),(35,'EPSIC3','','817001773',3,'ASOCIACIN INDGENA DEL CAUCA - A.I.C'),(36,'EPSIC4','','839000495',6,'ENTIDAD PROMOTORA DE SALUD ANAS WAYUU EPSI'),(37,'EPSIC5','','837000084',5,'ENTIDAD PROMOTORA DE SALUD MALLAMAS EPSI'),(38,'EPSIC6','','809008362',2,'ENTIDAD PROMOTORA DE SALUD PIJAOSALUD EPSI'),(39,'ESSC02','','811004055',5,'EMPRESA MUTUAL PARA EL DESARROLLO INTEGRAL DE LA SALUD E.S.S. EMDISALUD ESS'),(40,'ESSC07','','806008394',7,'ASOCIACIN MUTUAL SER EMPRESA SOLIDARA DE SALUD ESS'),(41,'ESSC18','','814000337',1,'ASOCIACIN MUTUAL EMPRESA SOLIDARIA DE SALUD DE NARIO E.S.S. EMSSANAR E.S.S'),(42,'ESSC33','','804002105',0,'COOPERATIVA DE SALUD COMUNITARIA \"COMPARTA\"\"\"'),(43,'ESSC62','','817000248',3,'ASOCIACIN MUTUAL LA ESPERANZA ASMET SALUD'),(44,'ESSC76','','818000140',0,'ASOCIACIN MUTUAL BARRIOS UNIDOS DE QUIBD E.S.S. AMBUQ'),(45,'ESSC91','','832000760',8,'ENTIDAD COOPERATIVA SOLIDARIA DE SALUD ECOOPSOS'),(46,'EPS040','SGP040','900604350',0,'CAJA DE COMPENSACIN FAMILIAR DE ANTIOQUA - COMFAMA - HOY SAVIA SALUD EPS'),(47,'EPS041','SGP041','900156264',2,'NUEVA EPS S.A. MOVILIDAD'),(48,'CCFC09','','891800213',8,'COMFABOY EPS-CCF DE BOYAC'),(49,'CCFC15','','891080005',1,'COMFACOR EPS  CCF DE CRDOBA'),(50,'CCFC20','','891600091',8,'COMFACHOCO  CCF DEL CHOC'),(51,'CCFC23','','892115006',5,'CAJA DE COMPENSACIN FAMILIAR DE LA GUAJIRA'),(52,'CCFC24','','891180008',2,'COMFAMILIAR HUILA EPS  CCF'),(53,'CCFC27','','891280008',1,'COMFAMILIAR DE NARIO EPS  CCF'),(54,'CCFC33','','892200015',5,'COMFASUCRE EPS-CCF DE SUCRE'),(55,'CCFC50','','890500675',6,'COMFAORIENTE EPS-S'),(56,'CCFC53','','860045904',7,'COMFACUNDI - CCF DE CUNDINAMARCA'),(57,'CCFC55','','890102044',1,'CAJACOPI ATLNTICO - CCF');
/*!40000 ALTER TABLE `tbl_eps` ENABLE KEYS */;
UNLOCK TABLES;

--
-- Table structure for table `tbl_family_nucleus`
--

DROP TABLE IF EXISTS `tbl_family_nucleus`;
/*!40101 SET @saved_cs_client     = @@character_set_client */;
 SET character_set_client = utf8mb4 ;
CREATE TABLE `tbl_family_nucleus` (
  `ccn_family_nucleus` int NOT NULL AUTO_INCREMENT,
  `ccn_employee` int NOT NULL,
  `number_of_children` bigint DEFAULT NULL,
  `ccn_type_id` int NOT NULL,
  `ccn_auto_perceived_gender` int NOT NULL,
  `first_name` varchar(30) DEFAULT NULL,
  `middle_name` varchar(30) DEFAULT NULL,
  `first_last_name` varchar(30) DEFAULT NULL,
  `second_last_name` varchar(30) DEFAULT NULL,
  `date_of_birth` date DEFAULT NULL,
  `age` int DEFAULT NULL,
  `age_range` int NOT NULL,
  `number_id` int DEFAULT NULL,
  `ccn_schooling_level` int NOT NULL,
  PRIMARY KEY (`ccn_family_nucleus`),
  KEY `ccn_auto_perceived_gender` (`ccn_auto_perceived_gender`),
  KEY `ccn_employee` (`ccn_employee`),
  KEY `ccn_type_id` (`ccn_type_id`),
  KEY `age_range` (`age_range`),
  KEY `ccn_schooling_level` (`ccn_schooling_level`),
  CONSTRAINT `tbl_family_nucleus_ibfk_2` FOREIGN KEY (`ccn_auto_perceived_gender`) REFERENCES `tbl_auto_perceived_gender` (`ccn_auto_perceived_gender`),
  CONSTRAINT `tbl_family_nucleus_ibfk_3` FOREIGN KEY (`ccn_employee`) REFERENCES `tbl_employee` (`ccn_employee`),
  CONSTRAINT `tbl_family_nucleus_ibfk_4` FOREIGN KEY (`ccn_type_id`) REFERENCES `tbl_type_id` (`ccn_type_id`),
  CONSTRAINT `tbl_family_nucleus_ibfk_5` FOREIGN KEY (`age_range`) REFERENCES `tbl_age_range` (`ccn_age_range`),
  CONSTRAINT `tbl_family_nucleus_ibfk_6` FOREIGN KEY (`ccn_schooling_level`) REFERENCES `tbl_schooling_level` (`ccn_schooling_level`)
) ENGINE=InnoDB AUTO_INCREMENT=158 DEFAULT CHARSET=utf8mb4 COLLATE=utf8mb4_0900_ai_ci;
/*!40101 SET character_set_client = @saved_cs_client */;

--
-- Dumping data for table `tbl_family_nucleus`
--

LOCK TABLES `tbl_family_nucleus` WRITE;
/*!40000 ALTER TABLE `tbl_family_nucleus` DISABLE KEYS */;
INSERT INTO `tbl_family_nucleus` VALUES (2,8,2,6,1,'JHOAN','ESTEBAN','MALDONADO','PINZON','2015-03-30',7,2,1069100838,3),(3,12,1,5,2,'LUCIANA','NA','GAMBOA','SANCHEZ','2021-09-24',2,1,1075879877,14),(4,13,4,6,2,'LUISA','FERNANDA','SIERRA','DIAZ','2014-02-08',8,2,1012429500,4),(5,3,2,6,1,'samuel','andres','orjuela','larrota','2012-09-09',10,3,1034406371,4),(6,16,1,6,1,'DIEGO','ANDRES','PEA','MARTELO','2011-05-10',11,3,1014994624,6),(7,17,1,6,1,'CARLOS','DANIEL','ABRIL','VANEGAS','2015-10-23',7,2,1069101038,4),(8,18,2,6,2,'ANA','VALERIA','PECHA','RODRIGUEZ','2014-07-17',8,1,1076745289,3),(9,21,2,6,2,'SARA','SOFIA','VARGAS','MONROY','2007-08-10',15,4,1141116227,6),(15,26,1,5,1,'THIAGO','SAID','BUITRAGO','TORRES','2017-03-07',5,2,1013029213,11),(18,28,1,5,1,'PEDRO','ALEJANDRO','PRADA','BELTRAN','2017-04-23',6,2,1027300264,4),(22,32,1,5,1,'LIAM','DANIEL','GARIZABALO','RICO','2019-02-22',4,1,1084467725,11),(23,33,4,6,2,'BRILLITH','SOFIA','SALGADO','PARRA','2007-02-13',16,4,1069098917,6),(26,35,1,5,1,'JULIAN','FELIPE','MUOZ','VELASQUEZ','2019-04-25',4,1,1069102054,11),(31,41,1,5,1,'EMMANUEL','','VIASUS','BECERRA','2019-10-08',4,1,1014745181,3),(33,43,1,5,2,'VALERIA','','ZORRO','SANCHEZ','2017-09-27',6,2,1072432335,11),(38,5,1,6,1,'JORGE','ANDRES','FORERO','SIERRA','2007-10-26',15,4,1076740064,6),(44,47,2,6,1,'ANDREI','ESTEBAN','LOPEZ','GUAYAZAN','2006-04-12',17,4,1077112793,9),(51,54,3,6,1,'JHON','ALEXANDER','RIVERA','CHAPARRO','2008-03-14',14,3,1111111111,6),(52,55,1,6,2,'DEYSI','JHOANA','GONZALEZ','VALLEJO','2004-10-16',18,4,1076240836,6),(54,57,2,6,1,'ANNY','SALOME','CABALLERO','AMAYA','2014-10-20',8,2,1076745443,3),(55,58,1,6,2,'MAILY','GABRIELA','ALONSO','LOZADA','2015-02-27',7,2,1025152311,4),(56,59,3,1,1,'DIAN','CAROLINA','ALFARO','CASALLAS','1990-10-12',32,7,111111111,5),(62,65,3,5,1,'BENYAMIN','AMIR','SANCHEZ','TORRES','2017-07-21',6,2,1111111111,4),(63,15,2,6,1,'SEBASTIAN','ALEJANDRO','URIBE','SERNA','2015-02-25',8,2,1013022583,4),(65,67,2,6,2,'DANIELA','','GALVAN','PALACIO','2015-11-19',7,2,1069101055,4),(68,72,1,5,1,'MARCO','ANDRES','PADILLA','CRIADO','2020-03-13',2,1,1065924143,14),(69,73,1,5,1,'DEIVID','JOHAN','PAUSA','VELASQUEZ','2018-03-23',4,1,1069101872,14),(71,75,1,5,2,'NIKOL','GABRIELA','PRIMICIERO','CASTRO','2021-10-12',1,1,1069102414,3),(72,76,2,1,2,'CAMILA','ANDREA','MORA','VARGAS','1996-04-30',27,6,1014277074,9),(74,78,1,6,2,'DANNA','VANESSA','PAUZA','ALONSO','2015-04-30',7,2,1069100859,4),(75,79,1,5,1,'EMMANUEL','FELIPE','SILVA','GUTIERREZ','2022-04-02',0,1,1078094967,14),(76,80,2,6,1,'NICOLAS','ANDREY','CASTRO','SUAREZ','2013-11-13',9,2,111111111,4),(77,81,2,6,2,'CAROL','GIMENA','ROA','CASTELLANOS','2009-09-20',13,3,1076245212,3),(79,83,1,1,2,'ANGIE','JULIETH','RINCON','PEUELA','1999-11-20',23,5,1111,9),(83,87,2,6,2,'ZABDY','YALENA','ANZOLA','GONZALEZ','2010-04-24',12,3,1076245674,6),(85,88,3,6,1,'ORCAR','DANIEL','PACHON','ZABALA','2007-09-19',15,4,1073482286,6),(86,93,1,6,1,'JHOAN','ALEJANDRO','MONTAO','CASTAEDA','2016-02-09',7,2,1069101146,4),(87,94,3,6,2,'ANGY','TATIANA','RUIZ','PRIETO','2005-09-26',18,4,1076737330,6),(88,89,2,6,2,'LADY','JULIANA','SANCHEZ','OLIVARES','2008-04-03',14,3,1023303761,3),(93,102,2,1,1,'RAFAEL','IGNACIO','CANOVAS','MANZUR','2003-08-04',19,4,76803822,9),(96,104,2,6,2,'MAYRA','ALEJANDRA','GUIO','QUINTERO','2010-08-26',12,3,1095311760,3),(99,107,2,1,1,'EDWIN','FABIAN','BERNAL','CLAVIJO','2020-01-01',3,1,111111111,9),(100,108,2,6,1,'JULIAN','MATIAS','AVELLA','MORENO','2014-11-25',8,2,1069100750,4),(102,110,1,5,1,'DEIVITH','SAMUEL','FUENTES','CALDERON','2020-05-19',3,1,1076253325,14),(104,112,1,5,1,'NICOLAS','STIVEN','CUERVO','PEREZ','2022-02-06',1,1,1069102457,14),(105,113,1,6,1,'JOSE','MARTIN','BETANCOURT','CARVAJAL','2016-06-29',7,2,1222213172,4),(106,114,2,6,1,'JOHAN','STIVEN','REY','CASTILLO','2008-12-11',14,3,1071329531,6),(107,114,1,5,1,'JHONNER','FELIPE','REY','CASTILLO','2016-05-11',7,2,1078350190,4),(109,116,2,6,1,'JUAN','SEBASTIAN','OLAYA','PARRA','2008-08-30',14,3,1076741098,6),(110,116,1,5,2,'SARA','SOFIA','OLAYA','PARRA','2019-04-11',4,1,1076252531,14),(111,117,2,6,2,'MARIA','ISABELA','GONZALEZ','GORDILLO','2016-02-18',7,2,1075685047,4),(112,117,1,5,2,'SARA','VALENTINA','GONZALEZ','GORDILLO','2020-11-18',2,1,1076253923,14),(113,118,1,6,1,'JUAN','SEBASTIAN','NIETO','NOVOA','2012-06-27',11,3,1072703188,6),(114,6,2,1,2,'JULIETH','ALEJANDRA','ARANDA','PINILLA','2001-04-28',22,5,1007415271,5),(115,6,2,6,2,'SARA','VALERIA','DIAZ','PINILLA','2012-07-12',11,3,1075668070,4),(117,121,2,6,1,'ANDRES','FELIPE','MEDINA','NEIRA','2007-03-29',16,4,1011098502,6),(118,121,1,5,1,'SANTIAGO','','MUOZ','NEIRA','2016-11-24',6,2,1026596085,4),(121,124,1,5,1,'LIAM','EMANUEL','LOVERA','RODRIGUEZ','2022-08-15',0,1,1076750974,14),(125,128,1,6,1,'NOAH','EMILIANO','GARNICA','ROMERO','2023-08-13',0,1,1,12),(126,129,2,1,2,'VALENTNA','','SALCEDO','CASTRO','2002-10-20',20,5,1000049539,9),(127,129,1,6,1,'SAMUEL','JERNIMO','SALCEDO','CASTRO','2016-08-01',7,2,1141355223,14),(128,18,1,5,2,'VERNICA','','PECHA','RODRIGUEZ','2016-03-05',7,2,1069101174,14),(129,108,1,5,1,'KEVIN','SANTIAGO','ABELLA','MORENO','2020-10-22',2,1,1069102282,14),(132,81,1,5,2,'PAULA','ALEJANDRA','FRUTO','CASTELLANOS','2017-09-05',6,2,1076251598,14),(133,67,1,5,1,'JUAN','DAVID','GALVAN','PALACIO','2019-06-28',4,1,1069102075,14),(134,87,1,6,1,'SAMUEL','JOSE','ANZOLA','GONZALEZ','2016-02-25',7,2,1076250469,14),(135,88,2,6,2,'SARA','GABRIELA','PACHN','ZABALA','2014-04-09',9,2,1069100582,4),(136,88,1,6,2,'MARIA','FERNANDA','PACHON','ZABALA','2015-07-16',8,2,1069100932,4),(137,8,1,5,1,'DAVID','STIVEN','MALDONADO','PINZON','2018-03-27',5,2,1069101878,14),(138,21,1,6,1,'JUAN','DAVID','VARGAS','MONROY','2010-08-29',13,3,1028493771,6),(139,47,1,6,2,'LEIDY','YULIETH','LOPEZ','GUAYAZAN','2008-08-02',15,4,1076244453,6),(140,65,2,1,1,'SANTIAGO','','GONZALEZ','TORRES','2004-10-17',18,4,1069716773,7),(141,65,1,6,2,'STHEFANNIA','','GONZALEZ','TORRES','2007-01-13',16,4,1078346940,6),(142,43,2,5,2,'SALOM','','PEREZ','ESPAOL','2016-12-19',6,2,1025077553,4),(143,94,2,6,2,'JENNIFER','JULIANA','PALACIOS','PRIETO','2013-04-23',10,3,1075675911,4),(144,94,1,5,1,'CRISTOPHER','JOAN','PALACIOS','PRIETO','2022-01-07',1,1,1069102441,14),(145,13,3,6,2,'CHAROL','YISENIA','SIERRA','DIAZ','2015-07-17',8,2,1032945075,4),(146,13,2,5,1,'JEANPAUL','SEBASTIAN','DIAZ','','2018-03-01',5,2,1069101866,14),(147,13,1,5,1,'ALAN','JEANPIERRER','DIAZ','','2018-03-01',5,2,1069101865,14),(148,57,1,5,1,'JUAN','MANUEL','CABALLERO','HERNANDEZ','2021-12-08',1,1,1076750499,14),(149,130,2,1,2,'JUANA','VALENTINA','QUECAN','VELANDIA','2005-07-05',18,4,1072644086,4),(150,130,3,6,1,'JUAN','DIEGO','QUECAN','VELANDIA','2010-02-26',13,3,1072644211,4),(151,130,1,6,2,'MARIA','JOSE','GIL','QUECAN','2008-07-23',15,4,1072657288,4),(152,89,1,6,1,'MICHAEL','STEVEN','SANCHEZ','OLIVARES','2010-01-05',13,3,1023304147,6),(153,15,1,5,2,'ANNA','VALENTINA','URIBE','SERNA','2017-12-26',5,2,1016915645,14),(154,77,1,5,1,'ALAN','STIFH','LEON','BELTRAN','2023-04-24',0,1,1069102627,14),(155,54,2,6,1,'DAVID','SANTIAGO','RIVERA','CHAPARRO','2013-05-06',10,3,1075676158,4),(156,54,1,5,1,'KEVIN','ALEJANDRO','RIVERA','CHAPARRO','2018-11-24',4,1,1076748482,14),(157,76,1,1,1,'DIEGO','ALEJANDRO','MORA','VARGAS','2011-11-30',11,3,1000952280,9);
/*!40000 ALTER TABLE `tbl_family_nucleus` ENABLE KEYS */;
UNLOCK TABLES;

--
-- Table structure for table `tbl_health_condition`
--

DROP TABLE IF EXISTS `tbl_health_condition`;
/*!40101 SET @saved_cs_client     = @@character_set_client */;
 SET character_set_client = utf8mb4 ;
CREATE TABLE `tbl_health_condition` (
  `ccn_health_condition` int NOT NULL AUTO_INCREMENT,
  `ccn_employee` int DEFAULT NULL,
  `consume_alcoholic_beverages` varchar(50) DEFAULT NULL,
  `ccn_diseases` int DEFAULT NULL,
  `allergies` varchar(50) DEFAULT NULL,
  `what_allergy` varchar(255) DEFAULT NULL,
  `medicines` varchar(50) DEFAULT NULL,
  `what_medicin` varchar(255) DEFAULT NULL,
  `last_medical_consultation` varchar(255) DEFAULT NULL,
  `plan_to_drink_less_alcoholic_beverages` varchar(50) DEFAULT NULL,
  `discomfort_due_to_criticism_when_ingesting_alcohol` varchar(50) DEFAULT NULL,
  `need_to_drink_alcohol_in_the_morning` varchar(50) DEFAULT NULL,
  `physical_activity_3_times_a_week_30_minutes` varchar(50) DEFAULT NULL,
  `he_is_a_smoker` varchar(50) DEFAULT NULL,
  `how_many_cigarettes_a_day` int DEFAULT NULL,
  `he_is_ex_smoker` varchar(50) DEFAULT NULL,
  `consume_psychoactive_substances` varchar(50) DEFAULT NULL,
  `used_psychoactive_substances_before` varchar(50) DEFAULT NULL,
  `what_psychoactive_substances` varchar(255) DEFAULT NULL,
  PRIMARY KEY (`ccn_health_condition`),
  UNIQUE KEY `ccn_employee_2` (`ccn_employee`),
  KEY `ccn_diseases` (`ccn_diseases`),
  KEY `ccn_employee` (`ccn_employee`),
  CONSTRAINT `tbl_health_condition_ibfk_1` FOREIGN KEY (`ccn_diseases`) REFERENCES `tbl_diseases` (`ccn_diseases`),
  CONSTRAINT `tbl_health_condition_ibfk_2` FOREIGN KEY (`ccn_employee`) REFERENCES `tbl_employee` (`ccn_employee`)
) ENGINE=InnoDB AUTO_INCREMENT=125 DEFAULT CHARSET=utf8mb4 COLLATE=utf8mb4_0900_ai_ci;
/*!40101 SET character_set_client = @saved_cs_client */;

--
-- Dumping data for table `tbl_health_condition`
--

LOCK TABLES `tbl_health_condition` WRITE;
/*!40000 ALTER TABLE `tbl_health_condition` DISABLE KEYS */;
INSERT INTO `tbl_health_condition` VALUES (1,10,'SI',11,'NO','na','NO','na','HACE 5 MESES','NO','NO','NO','SI','NO',0,'NO','SI','SI','Cannabis'),(2,11,'SI',11,'NO','na','NO','na','MENOR DE 3 MESESS','NO','NO','NO','NO','SI',2,'NO','NO','NO','na'),(3,12,'NO',11,'NO','na','NO','na','MAYOR A 6 MESES','NO','NO','NO','NO','NO',0,'NO','NO','SI','Cannabis'),(4,9,'SI',11,'NO','na','NO','na','HACE 5 MESES','NO','NO','NO','SI','NO',0,'NO','NO','NO','na'),(5,13,'NO',11,'NO','NA','NO','NA','MAYOR A 6 MESES','NO','NO','NO','NO','NO',0,'NO','NO','NO','NA'),(6,14,'SI',11,'NO','na','NO','na','MAYOR A 6 MESES','NO','NO','NO','SI','NO',0,'NO','NO','NO','na'),(7,3,'NO',6,'NO','na','SI','sekuqinumab','MENOR DE 3 MESESS','NO','NO','NO','NO','NO',0,'SI','NO','NO','na'),(8,16,'SI',4,'NO','na','SI','LOSARTAN Hidroclorotiazida','MENOR DE 3 MESESS','NO','NO','NO','SI','NO',0,'NO','NO','NO','na'),(9,17,'SI',11,'NO','na','NO','na','MENOR DE 3 MESESS','NO','NO','NO','SI','NO',0,'NO','NO','NO','na'),(10,18,'SI',11,'NO','na','NO','na','MENOR DE 3 MESESS','NO','NO','NO','NO','NO',0,'NO','NO','NO','na'),(11,19,'NO',11,'NO','na','NO','na','MENOR DE 3 MESESS','NO','NO','NO','NO','SI',1,'NO','NO','NO','na'),(12,20,'SI',11,'SI','polvo','NO','na','HACE 5 MESES','NO','NO','NO','NO','NO',0,'SI','NO','NO','na'),(13,21,'NO',11,'NO','','NO','','MENOR DE 3 MESESS','NO','NO','NO','NO','NO',0,'NO','NO','NO',''),(14,22,'SI',11,'SI','METALES','NO','','MAYOR A 6 MESES','NO','NO','NO','NO','NO',0,'NO','NO','NO',''),(15,23,'NO',11,'NO','','NO','','MENOR DE 3 MESESS','NO','NO','NO','NO','NO',0,'NO','NO','NO',''),(16,24,'NO',10,'SI','POLVO','SI','DESLORATADINA','HACE 5 MESES','NO','NO','NO','NO','NO',0,'NO','NO','NO',''),(17,25,'SI',11,'NO','','NO','','HACE 5 MESES','NO','NO','NO','SI','NO',0,'NO','NO','NO',''),(18,26,'NO',11,'SI','CLOTRIMASOL - BLOQUEADORES SOL','NO','','MAYOR A 6 MESES','NO','NO','NO','SI','NO',0,'NO','NO','NO',''),(19,27,'NO',11,'SI','FRESAS','NO','','MAYOR A 6 MESES','NO','NO','NO','SI','NO',0,'SI','NO','NO',''),(20,4,'NO',11,'NO','','NO','','MAYOR A 6 MESES','NO','NO','NO','NO','NO',0,'NO','NO','NO',''),(21,28,'SI',11,'NO','','NO','','MAYOR A 6 MESES','NO','NO','NO','SI','NO',0,'NO','NO','NO',''),(22,29,'NO',11,'SI','PASTO, POLEN, ABEJAS','NO','','MENOR DE 3 MESESS','NO','NO','NO','SI','NO',0,'SI','NO','NO',''),(23,30,'SI',11,'NO','','NO','','MENOR DE 3 MESESS','NO','NO','NO','SI','NO',0,'NO','NO','NO',''),(24,32,'NO',11,'SI','TRIMETROPIN','NO','','MAYOR A 6 MESES','NO','NO','NO','NO','SI',2,'NO','NO','NO',''),(25,33,'SI',11,'SI','PENISILINA','NO','','HACE 5 MESES','NO','NO','NO','NO','NO',0,'NO','NO','NO',''),(26,8,'SI',10,'NO','','NO','','HACE 5 MESES','NO','NO','NO','SI','NO',0,'NO','NO','NO',''),(27,36,'SI',11,'NO','','NO','','HACE 5 MESES','NO','NO','NO','NO','NO',0,'NO','NO','SI','CANNABIS'),(28,34,'NO',11,'NO','','NO','','MAYOR A 6 MESES','NO','NO','NO','NO','NO',0,'NO','NO','NO',''),(29,35,'NO',11,'SI','ABEJAS','NO','','MAYOR A 6 MESES','NO','NO','NO','SI','NO',0,'NO','NO','NO',''),(30,37,'NO',2,'NO','','SI','LEVOTIROXINA 25 MG','HACE 5 MESES','NO','NO','NO','NO','NO',0,'NO','NO','NO',''),(31,38,'SI',11,'NO','','NO','','MENOR DE 3 MESESS','NO','NO','NO','NO','SI',0,'NO','NO','SI','CANNABIS'),(32,39,'SI',11,'SI','ACAROS, POLVO','NO','','MENOR DE 3 MESESS','SI','NO','NO','NO','NO',0,'SI','NO','SI','PERICO'),(33,40,'SI',11,'SI','POLVO Y CAMBIOS DE TEMPERATURA','NO','','MENOR DE 3 MESESS','NO','NO','NO','NO','NO',0,'NO','NO','NO',''),(34,41,'NO',11,'NO','','SI','ESOMEPRAZOL','MENOR DE 3 MESESS','NO','NO','NO','NO','NO',0,'SI','NO','NO',''),(35,42,'NO',11,'NO','','NO','','MENOR DE 3 MESESS','NO','NO','NO','SI','NO',0,'NO','NO','NO',''),(36,43,'SI',11,'NO','','NO','','MAYOR A 6 MESES','NO','NO','NO','NO','NO',0,'SI','NO','SI','CANNABIS'),(37,44,'SI',11,'NO','','NO','','HACE 5 MESES','NO','NO','NO','SI','NO',0,'SI','NO','SI','EXTASIS - CANABIS'),(38,45,'SI',11,'SI','ENLATADOS','SI','DOXICICLINA','MENOR DE 3 MESESS','NO','NO','NO','SI','SI',1,'NO','NO','SI','CANABIS'),(39,1,'SI',10,'NO','','NO','','MAYOR A 6 MESES','NO','NO','SI','NO','NO',0,'NO','NO','SI','CANNABIS'),(40,46,'SI',11,'NO','','NO','','MAYOR A 6 MESES','NO','NO','NO','NO','NO',0,'NO','NO','NO',''),(41,2,'NO',11,'NO','','NO','','MAYOR A 6 MESES','SI','NO','NO','NO','NO',0,'SI','NO','SI','CANNABIS - PERICO - LSD'),(42,5,'SI',11,'NO','','NO','','MAYOR A 6 MESES','NO','NO','NO','SI','NO',0,'NO','NO','NO',''),(43,47,'SI',10,'NO','','SI','OMEPRAZOL ','MAYOR A 6 MESES','NO','NO','NO','NO','NO',0,'NO','NO','NO',''),(44,48,'NO',11,'NO','','NO','','MAYOR A 6 MESES','NO','NO','NO','NO','NO',0,'NO','NO','NO',''),(45,49,'SI',11,'NO','','NO','','MENOR DE 3 MESESS','NO','NO','NO','SI','NO',0,'NO','SI','NO',''),(46,50,'SI',11,'NO','','NO','','MENOR DE 3 MESESS','NO','NO','NO','NO','NO',0,'NO','NO','NO',''),(47,51,'SI',11,'NO','','NO','','MAYOR A 6 MESES','NO','NO','NO','SI','SI',1,'NO','NO','SI','CANNABIS'),(48,52,'NO',10,'NO','','NO','','MENOR DE 3 MESESS','NO','NO','NO','NO','NO',0,'NO','NO','SI','CANNABIS'),(49,53,'NO',10,'SI','PIA','NO','','MENOR DE 3 MESESS','NO','NO','NO','SI','NO',0,'NO','NO','NO',''),(50,54,'SI',11,'NO','','NO','','MAYOR A 6 MESES','NO','NO','NO','NO','SI',1,'NO','NO','NO',''),(51,55,'SI',4,'NO','','NO','','HACE 5 MESES','NO','NO','NO','SI','NO',0,'NO','NO','NO',''),(52,56,'NO',11,'NO','','NO','','MAYOR A 6 MESES','NO','NO','NO','NO','NO',0,'NO','NO','NO',''),(53,57,'SI',11,'SI','MOJARRA','NO','','MAYOR A 6 MESES','SI','SI','NO','SI','SI',5,'NO','NO','NO',''),(54,58,'NO',10,'NO','','SI','OMEPRASOL','MENOR DE 3 MESESS','NO','NO','NO','SI','NO',0,'NO','NO','NO',''),(55,59,'SI',11,'NO','','NO','','MENOR DE 3 MESESS','NO','NO','NO','NO','SI',2,'NO','NO','NO',''),(56,60,'NO',11,'NO','','NO','','MAYOR A 6 MESES','NO','NO','NO','SI','NO',0,'SI','NO','NO',''),(57,61,'NO',11,'NO','','NO','','MENOR DE 3 MESESS','NO','NO','NO','SI','NO',0,'SI','SI','NO',''),(58,62,'NO',10,'SI','AMPICILINA','NO','','MAYOR A 6 MESES','NO','NO','NO','SI','NO',0,'NO','NO','NO',''),(59,63,'SI',11,'NO','','NO','','MAYOR A 6 MESES','NO','NO','NO','SI','SI',1,'NO','NO','SI','CANNABIS'),(60,64,'NO',11,'SI','LIMON BLANCO O DE CASTILLA','NO','','MAYOR A 6 MESES','NO','NO','NO','NO','NO',0,'NO','NO','NO',''),(61,65,'SI',11,'NO','','NO','','MENOR DE 3 MESESS','NO','NO','NO','NO','NO',0,'SI','NO','NO',''),(62,15,'NO',11,'NO','','NO','','MENOR DE 3 MESESS','NO','NO','NO','SI','NO',0,'SI','NO','NO',''),(63,66,'SI',11,'NO','','NO','','MAYOR A 6 MESES','NO','NO','NO','SI','SI',2,'NO','NO','SI','CANNABIS - PERICO'),(64,67,'SI',11,'NO','','NO','','MAYOR A 6 MESES','NO','NO','NO','NO','NO',0,'NO','NO','NO',''),(65,68,'SI',11,'NO','','NO','','MAYOR A 6 MESES','NO','NO','NO','SI','NO',0,'NO','NO','NO',''),(66,70,'SI',11,'NO','','NO','','MAYOR A 6 MESES','NO','NO','NO','NO','NO',0,'NO','NO','NO',''),(67,72,'NO',11,'NO','','NO','','MENOR DE 3 MESESS','NO','NO','NO','SI','SI',0,'NO','NO','NO',''),(68,73,'NO',10,'SI','DIPIRONA','NO','','MAYOR A 6 MESES','NO','NO','NO','SI','NO',0,'NO','NO','NO',''),(69,74,'SI',11,'SI','RINITIS','NO','','MAYOR A 6 MESES','NO','NO','NO','SI','SI',2,'NO','NO','NO',''),(70,75,'SI',11,'NO','','NO','','HACE 5 MESES','NO','NO','NO','SI','NO',0,'NO','NO','NO',''),(71,76,'NO',11,'NO','','NO','','HACE 5 MESES','NO','NO','NO','SI','NO',0,'NO','NO','SI','CANNABIS'),(72,77,'SI',11,'NO','','NO','','HACE 5 MESES','SI','NO','NO','NO','SI',3,'NO','NO','NO',''),(73,78,'NO',10,'NO','','NO','','MENOR DE 3 MESESS','NO','NO','NO','NO','NO',0,'NO','NO','NO',''),(74,79,'SI',11,'NO','','NO','','HACE 5 MESES','NO','NO','NO','SI','NO',0,'NO','NO','NO',''),(75,80,'SI',11,'NO','','NO','','MAYOR A 6 MESES','NO','NO','NO','NO','SI',1,'NO','NO','NO',''),(76,81,'NO',11,'NO','','SI','NEFORSOXALINA - VITAMINA C','MENOR DE 3 MESESS','NO','NO','NO','NO','NO',0,'NO','SI','NO',''),(77,82,'NO',11,'NO','','NO','','MAYOR A 6 MESES','NO','NO','NO','SI','NO',0,'NO','NO','NO',''),(78,83,'SI',11,'NO','','NO','','MAYOR A 6 MESES','NO','NO','NO','NO','NO',0,'NO','NO','NO',''),(79,84,'NO',11,'NO','','NO','','MENOR DE 3 MESESS','NO','NO','NO','SI','NO',0,'SI','NO','SI','CANNABIS'),(80,85,'NO',11,'NO','','SI','NA','MAYOR A 6 MESES','NO','NO','NO','NO','NO',0,'NO','NO','NO',''),(81,86,'SI',11,'NO','','NO','','MENOR DE 3 MESESS','NO','NO','NO','SI','NO',0,'SI','NO','SI','CANNABIS'),(83,87,'NO',11,'NO','','NO','','HACE 5 MESES','NO','NO','NO','NO','NO',0,'NO','NO','NO',''),(84,92,'NO',11,'NO','','NO','','MENOR DE 3 MESESS','NO','NO','NO','NO','NO',0,'NO','NO','NO',''),(85,88,'NO',11,'NO','','NO','','MENOR DE 3 MESESS','NO','NO','NO','NO','NO',0,'NO','NO','NO',''),(86,93,'SI',11,'NO','','NO','','MENOR DE 3 MESESS','NO','NO','NO','NO','NO',0,'NO','NO','NO',''),(87,94,'NO',11,'NO','','NO','','MENOR DE 3 MESESS','NO','NO','NO','SI','NO',0,'NO','NO','NO',''),(88,89,'SI',11,'NO','','NO','','MAYOR A 6 MESES','NO','NO','NO','NO','NO',0,'NO','NO','NO',''),(89,95,'NO',11,'SI','PRODUCTOS QUE CONTENGAN CLORO','NO','','MAYOR A 6 MESES','NO','NO','NO','SI','NO',0,'NO','NO','NO',''),(90,98,'SI',11,'NO','','NO','','HACE 5 MESES','NO','NO','NO','SI','NO',0,'NO','NO','NO',''),(92,99,'SI',11,'SI','DIPIRONA - IBUPROFENO','SI','SALBUTAMOL','MENOR DE 3 MESESS','NO','NO','NO','NO','NO',0,'NO','NO','NO',''),(93,100,'SI',11,'SI','MAN - RED LABEL','NO','','MENOR DE 3 MESESS','NO','NO','NO','NO','NO',0,'NO','NO','NO',''),(94,101,'SI',11,'NO','','NO','','MAYOR A 6 MESES','NO','NO','NO','NO','NO',0,'NO','NO','NO',''),(95,102,'SI',11,'NO','','NO','','MAYOR A 6 MESES','NO','NO','NO','SI','NO',0,'NO','NO','NO',''),(96,69,'SI',11,'SI','MAN - MARISCOS','NO','','MENOR DE 3 MESESS','NO','NO','NO','SI','NO',0,'NO','NO','NO',''),(97,103,'SI',11,'NO','','NO','','HACE 5 MESES','NO','NO','NO','SI','NO',0,'NO','NO','NO',''),(98,104,'SI',11,'NO','','NO','','MENOR DE 3 MESESS','NO','NO','NO','NO','SI',3,'NO','NO','NO',''),(99,105,'SI',11,'NO','NA','NO','NA','MENOR DE 3 MESES','NO','NO','NO','NO','NO',0,'NO','NO','SI','CANNABIS'),(100,71,'NO',11,'NO','NA','NO','NA','MENOR DE 3 MESES','NO','NO','NO','SI','SI',4,'NO','SI','NO','CANNABIS'),(101,107,'NO',1,'NO','NA','SI','MEDFORMINA','MENOR DE 3 MESES','SI','NO','NO','NO','NO',0,'SI','NO','NO','NA'),(102,108,'SI',11,'NO','NA','NO','NA','MENOR DE 3 MESES','NO','NO','NO','NO','NO',0,'NO','NO','NO','NA'),(103,109,'NO',11,'NO','NA','NO','NA','MAYOR A 6 MESES','NO','NO','NO','NO','NO',0,'NO','NO','NO','NA'),(104,110,'NO',11,'NO','NA','NO','NA','MAYOR A 6 MESES','NO','NO','NO','NO','NO',0,'NO','NO','NO','NA'),(105,111,'SI',11,'NO','NA','NO','NA','HACE 5 MESES','SI','SI','NO','SI','SI',0,'SI','NO','SI','CANNABIS'),(106,112,'NO',11,'NO','NA','NO','NA','MAYOR A 6 MESES','NO','NO','NO','SI','NO',0,'NO','NO','NO','NA'),(107,113,'SI',10,'NO','NA','SI','PROPANOLOL 25MG','HACE 5 MESES','NO','NO','NO','SI','NO',0,'SI','NO','NO','NA'),(108,114,'SI',11,'NO','NA','NO','NA','MENOR DE 3 MESES','NO','NO','NO','NO','NO',0,'NO','NO','NO','NA'),(109,115,'NO',11,'NO','NA','NO','NA','MAYOR A 6 MESES','NO','NO','NO','SI','NO',0,'NO','NO','NO','NA'),(110,116,'NO',11,'NO','NA','NO','NA','MAYOR A 6 MESES','NO','NO','NO','NO','NO',0,'NO','NO','NO','NA'),(111,117,'NO',11,'NO','NA','NO','NA','MENOR DE 3 MESES','NO','NO','NO','NO','NO',0,'NO','NO','NO','NA'),(112,118,'NO',11,'NO','NA','NO','NA','MAYOR A 6 MESES','NO','NO','NO','NO','NO',0,'NO','NO','NO','NA'),(113,6,'NO',11,'NO','NA','NO','NA','MENOR DE 3 MESES','NO','NO','NO','NO','NO',0,'NO','NO','NO','NA'),(114,120,'NO',11,'NO','NA','NO','NA','MAYOR A 6 MESES','NO','NO','NO','SI','SI',4,'NO','NO','NO','NA'),(115,121,'SI',10,'NO','NA','NO','NA','MENOR DE 3 MESES','SI','NO','NO','NO','NO',0,'NO','NO','NO','NA'),(116,122,'SI',11,'NO','NA','NO','NA','MAYOR A 6 MESES','SI','NO','NO','NO','NO',0,'NO','NO','NO','NA'),(117,123,'SI',11,'NO','NA','NO','NA','MENOR DE 3 MESES','NO','NO','NO','SI','NO',0,'NO','NO','NO','NA'),(118,124,'NO',11,'NO','NA','NO','NA','MAYOR A 6 MESES','NO','NO','NO','NO','NO',0,'NO','NO','NO','NA'),(119,125,'SI',11,'NO','NA','NO','NA','MENOR DE 3 MESES','NO','NO','NO','NO','NO',0,'NO','NO','SI','CANNABIS, LSD'),(120,127,'SI',11,'NO','NA','NO','NA','HACE 5 MESES','NO','NO','NO','SI','NO',0,'NO','NO','NO','NA'),(121,126,'NO',11,'NO','NA','NO','NA','MAYOR A 6 MESES','NO','NO','NO','NO','NO',0,'NO','NO','NO','NA'),(122,128,'NO',11,'NO','N/A','NO','N/A','MENOR DE 3 MESES','NO','NO','NO','SI','NO',0,'NO','NO','NO','NA'),(123,129,'NO',11,'NO','N/A','NO','N/A','MENOR DE 3 MESES','NO','NO','NO','NO','NO',0,'NO','NO','NO','NA'),(124,132,'SI',11,'NO','N/A','NO','N/A','MENOR DE 3 MESES','NO','NO','NO','SI','NO',0,'NO','NO','NO','NA');
/*!40000 ALTER TABLE `tbl_health_condition` ENABLE KEYS */;
UNLOCK TABLES;

--
-- Table structure for table `tbl_history`
--

DROP TABLE IF EXISTS `tbl_history`;
/*!40101 SET @saved_cs_client     = @@character_set_client */;
 SET character_set_client = utf8mb4 ;
CREATE TABLE `tbl_history` (
  `ccn_history` int NOT NULL AUTO_INCREMENT,
  `ccn_employee` int DEFAULT NULL,
  `ccn_work_shift` int DEFAULT NULL,
  `initial_date` datetime DEFAULT NULL,
  `final_date` datetime DEFAULT NULL,
  `time_details` varchar(200) DEFAULT NULL,
  `ccn_type_relationship` int DEFAULT NULL,
  `ccn_inmediate_boss` int DEFAULT NULL,
  `ccn_manager` int DEFAULT NULL,
  `type_of_charge` varchar(200) DEFAULT NULL,
  `employee_picture` varchar(255) DEFAULT NULL,
  `ccn_last_role` int DEFAULT NULL,
  `ccn_new_role` int DEFAULT NULL,
  PRIMARY KEY (`ccn_history`),
  KEY `ccn_employee` (`ccn_employee`),
  KEY `ccn_inmediate_boss` (`ccn_inmediate_boss`),
  KEY `ccn_last_role` (`ccn_last_role`),
  KEY `ccn_manager` (`ccn_manager`),
  KEY `ccn_new_role` (`ccn_new_role`),
  KEY `ccn_type_relationship` (`ccn_type_relationship`),
  KEY `ccn_work_shift` (`ccn_work_shift`),
  CONSTRAINT `tbl_history_ibfk_1` FOREIGN KEY (`ccn_employee`) REFERENCES `tbl_employee` (`ccn_employee`),
  CONSTRAINT `tbl_history_ibfk_2` FOREIGN KEY (`ccn_inmediate_boss`) REFERENCES `tbl_employee` (`ccn_employee`),
  CONSTRAINT `tbl_history_ibfk_3` FOREIGN KEY (`ccn_last_role`) REFERENCES `tbl_roles` (`ccn_role`),
  CONSTRAINT `tbl_history_ibfk_4` FOREIGN KEY (`ccn_manager`) REFERENCES `tbl_employee` (`ccn_employee`),
  CONSTRAINT `tbl_history_ibfk_5` FOREIGN KEY (`ccn_new_role`) REFERENCES `tbl_roles` (`ccn_role`),
  CONSTRAINT `tbl_history_ibfk_6` FOREIGN KEY (`ccn_type_relationship`) REFERENCES `tbl_type_relationship` (`ccn_type_relationship`),
  CONSTRAINT `tbl_history_ibfk_7` FOREIGN KEY (`ccn_work_shift`) REFERENCES `tbl_work_shift` (`ccn_work_shift`)
) ENGINE=InnoDB AUTO_INCREMENT=20 DEFAULT CHARSET=utf8mb4 COLLATE=utf8mb4_0900_ai_ci;
/*!40101 SET character_set_client = @saved_cs_client */;

--
-- Dumping data for table `tbl_history`
--

LOCK TABLES `tbl_history` WRITE;
/*!40000 ALTER TABLE `tbl_history` DISABLE KEYS */;
INSERT INTO `tbl_history` VALUES (15,122,2,'2023-07-24 00:00:00','2023-10-13 00:00:00','',1,2,1,'ADMINISTRATIVO','',NULL,37),(16,122,2,'2023-10-14 00:00:00','2023-12-03 00:00:00','',1,3,5,'ADMINISTRATIVO','',37,36),(17,122,2,'2023-12-04 00:00:00','2023-12-29 00:00:00','',1,8,4,'DIRECTIVO','',36,9),(18,122,2,'2023-12-30 00:00:00',NULL,'',4,4,13,'ADMINISTRATIVO','',9,12),(19,137,2,'2023-12-13 00:00:00',NULL,'',1,11,14,'ADMINISTRATIVO','',NULL,16);
/*!40000 ALTER TABLE `tbl_history` ENABLE KEYS */;
UNLOCK TABLES;

--
-- Table structure for table `tbl_house_type`
--

DROP TABLE IF EXISTS `tbl_house_type`;
/*!40101 SET @saved_cs_client     = @@character_set_client */;
 SET character_set_client = utf8mb4 ;
CREATE TABLE `tbl_house_type` (
  `ccn_house_type` int NOT NULL AUTO_INCREMENT,
  `house_type` varchar(150) DEFAULT NULL,
  PRIMARY KEY (`ccn_house_type`)
) ENGINE=InnoDB AUTO_INCREMENT=5 DEFAULT CHARSET=utf8mb4 COLLATE=utf8mb4_0900_ai_ci;
/*!40101 SET character_set_client = @saved_cs_client */;

--
-- Dumping data for table `tbl_house_type`
--

LOCK TABLES `tbl_house_type` WRITE;
/*!40000 ALTER TABLE `tbl_house_type` DISABLE KEYS */;
INSERT INTO `tbl_house_type` VALUES (1,'ARRENDADA'),(2,'PROPIA'),(3,'FAMILIAR'),(4,'OTRO');
/*!40000 ALTER TABLE `tbl_house_type` ENABLE KEYS */;
UNLOCK TABLES;

--
-- Table structure for table `tbl_main_access_control`
--

DROP TABLE IF EXISTS `tbl_main_access_control`;
/*!40101 SET @saved_cs_client     = @@character_set_client */;
 SET character_set_client = utf8mb4 ;
CREATE TABLE `tbl_main_access_control` (
  `ccn_main_access_control` int NOT NULL AUTO_INCREMENT,
  `date` varchar(40) NOT NULL,
  `hour` varchar(20) NOT NULL,
  `number_id_employee` int DEFAULT NULL,
  `name` varchar(100) NOT NULL,
  `area` varchar(100) NOT NULL,
  `event` varchar(100) NOT NULL,
  `observations` varchar(200) DEFAULT NULL,
  PRIMARY KEY (`ccn_main_access_control`)
) ENGINE=InnoDB DEFAULT CHARSET=utf8mb4 COLLATE=utf8mb4_0900_ai_ci;
/*!40101 SET character_set_client = @saved_cs_client */;

--
-- Dumping data for table `tbl_main_access_control`
--

LOCK TABLES `tbl_main_access_control` WRITE;
/*!40000 ALTER TABLE `tbl_main_access_control` DISABLE KEYS */;
/*!40000 ALTER TABLE `tbl_main_access_control` ENABLE KEYS */;
UNLOCK TABLES;

--
-- Table structure for table `tbl_marital_status`
--

DROP TABLE IF EXISTS `tbl_marital_status`;
/*!40101 SET @saved_cs_client     = @@character_set_client */;
 SET character_set_client = utf8mb4 ;
CREATE TABLE `tbl_marital_status` (
  `ccn_marital_status` int NOT NULL AUTO_INCREMENT,
  `marital_status` varchar(150) DEFAULT NULL,
  PRIMARY KEY (`ccn_marital_status`)
) ENGINE=InnoDB AUTO_INCREMENT=7 DEFAULT CHARSET=utf8mb4 COLLATE=utf8mb4_0900_ai_ci;
/*!40101 SET character_set_client = @saved_cs_client */;

--
-- Dumping data for table `tbl_marital_status`
--

LOCK TABLES `tbl_marital_status` WRITE;
/*!40000 ALTER TABLE `tbl_marital_status` DISABLE KEYS */;
INSERT INTO `tbl_marital_status` VALUES (0,' '),(1,'SOLTERO'),(2,'UNION LIBRE'),(3,'CASADO'),(4,'DIVORCIADO'),(5,'VIUDO');
/*!40000 ALTER TABLE `tbl_marital_status` ENABLE KEYS */;
UNLOCK TABLES;

--
-- Table structure for table `tbl_medicines`
--

DROP TABLE IF EXISTS `tbl_medicines`;
/*!40101 SET @saved_cs_client     = @@character_set_client */;
 SET character_set_client = utf8mb4 ;
CREATE TABLE `tbl_medicines` (
  `ccn_medicines` int NOT NULL AUTO_INCREMENT,
  `medicines` varchar(100) DEFAULT NULL,
  PRIMARY KEY (`ccn_medicines`)
) ENGINE=InnoDB DEFAULT CHARSET=utf8mb4 COLLATE=utf8mb4_0900_ai_ci;
/*!40101 SET character_set_client = @saved_cs_client */;

--
-- Dumping data for table `tbl_medicines`
--

LOCK TABLES `tbl_medicines` WRITE;
/*!40000 ALTER TABLE `tbl_medicines` DISABLE KEYS */;
/*!40000 ALTER TABLE `tbl_medicines` ENABLE KEYS */;
UNLOCK TABLES;

--
-- Table structure for table `tbl_medicines_employee`
--

DROP TABLE IF EXISTS `tbl_medicines_employee`;
/*!40101 SET @saved_cs_client     = @@character_set_client */;
 SET character_set_client = utf8mb4 ;
CREATE TABLE `tbl_medicines_employee` (
  `ccn_medicines_employee` int NOT NULL AUTO_INCREMENT,
  `ccn_employee` int DEFAULT NULL,
  `ccn_medicines` int DEFAULT NULL,
  PRIMARY KEY (`ccn_medicines_employee`),
  KEY `ccn_employee` (`ccn_employee`),
  KEY `ccn_medicines` (`ccn_medicines`),
  CONSTRAINT `tbl_medicines_employee_ibfk_1` FOREIGN KEY (`ccn_employee`) REFERENCES `tbl_employee` (`ccn_employee`),
  CONSTRAINT `tbl_medicines_employee_ibfk_2` FOREIGN KEY (`ccn_medicines`) REFERENCES `tbl_medicines` (`ccn_medicines`)
) ENGINE=InnoDB DEFAULT CHARSET=utf8mb4 COLLATE=utf8mb4_0900_ai_ci;
/*!40101 SET character_set_client = @saved_cs_client */;

--
-- Dumping data for table `tbl_medicines_employee`
--

LOCK TABLES `tbl_medicines_employee` WRITE;
/*!40000 ALTER TABLE `tbl_medicines_employee` DISABLE KEYS */;
/*!40000 ALTER TABLE `tbl_medicines_employee` ENABLE KEYS */;
UNLOCK TABLES;

--
-- Table structure for table `tbl_message`
--

DROP TABLE IF EXISTS `tbl_message`;
/*!40101 SET @saved_cs_client     = @@character_set_client */;
 SET character_set_client = utf8mb4 ;
CREATE TABLE `tbl_message` (
  `ccn_message` int NOT NULL AUTO_INCREMENT,
  `ccn_sender` int DEFAULT NULL,
  `ccn_recipient` int DEFAULT NULL,
  `title_message` varchar(50) NOT NULL,
  `body_message` varchar(240) NOT NULL,
  `time_stamp` datetime DEFAULT NULL,
  PRIMARY KEY (`ccn_message`),
  KEY `ccn_recipient` (`ccn_recipient`),
  KEY `ccn_sender` (`ccn_sender`),
  KEY `ix_tbl_message_time_stamp` (`time_stamp`),
  CONSTRAINT `tbl_message_ibfk_1` FOREIGN KEY (`ccn_recipient`) REFERENCES `tbl_employee` (`ccn_employee`),
  CONSTRAINT `tbl_message_ibfk_2` FOREIGN KEY (`ccn_sender`) REFERENCES `tbl_employee` (`ccn_employee`)
) ENGINE=InnoDB DEFAULT CHARSET=utf8mb4 COLLATE=utf8mb4_0900_ai_ci;
/*!40101 SET character_set_client = @saved_cs_client */;

--
-- Dumping data for table `tbl_message`
--

LOCK TABLES `tbl_message` WRITE;
/*!40000 ALTER TABLE `tbl_message` DISABLE KEYS */;
/*!40000 ALTER TABLE `tbl_message` ENABLE KEYS */;
UNLOCK TABLES;

--
-- Table structure for table `tbl_notification`
--

DROP TABLE IF EXISTS `tbl_notification`;
/*!40101 SET @saved_cs_client     = @@character_set_client */;
 SET character_set_client = utf8mb4 ;
CREATE TABLE `tbl_notification` (
  `ccn_notification` int NOT NULL AUTO_INCREMENT,
  `ccn_employee` int DEFAULT NULL,
  `event_name` varchar(100) NOT NULL,
  `content` varchar(200) NOT NULL,
  `link` varchar(250) NOT NULL,
  `is_checked` tinyint(1) DEFAULT NULL,
  PRIMARY KEY (`ccn_notification`),
  KEY `ccn_employee` (`ccn_employee`),
  CONSTRAINT `tbl_notification_ibfk_1` FOREIGN KEY (`ccn_employee`) REFERENCES `tbl_employee` (`ccn_employee`)
) ENGINE=InnoDB DEFAULT CHARSET=utf8mb4 COLLATE=utf8mb4_0900_ai_ci;
/*!40101 SET character_set_client = @saved_cs_client */;

--
-- Dumping data for table `tbl_notification`
--

LOCK TABLES `tbl_notification` WRITE;
/*!40000 ALTER TABLE `tbl_notification` DISABLE KEYS */;
/*!40000 ALTER TABLE `tbl_notification` ENABLE KEYS */;
UNLOCK TABLES;

--
-- Table structure for table `tbl_operative_performance_evaluation`
--

DROP TABLE IF EXISTS `tbl_operative_performance_evaluation`;
/*!40101 SET @saved_cs_client     = @@character_set_client */;
 SET character_set_client = utf8mb4 ;
CREATE TABLE `tbl_operative_performance_evaluation` (
  `ccn_operative_performance_evaluation` int NOT NULL AUTO_INCREMENT,
  `ccn_performance_evaluation` int DEFAULT NULL,
  `ccn_employee` int DEFAULT NULL,
  `engagement_or_productivity` varchar(10) DEFAULT NULL,
  `communication_skills` varchar(10) DEFAULT NULL,
  `adaptation_to_change` varchar(10) DEFAULT NULL,
  `learning_and_development` varchar(10) DEFAULT NULL,
  `organization` varchar(10) DEFAULT NULL,
  `continuous_improvement` varchar(10) DEFAULT NULL,
  `active_participation` varchar(10) DEFAULT NULL,
  `relations` varchar(10) DEFAULT NULL,
  `puntuality` varchar(10) DEFAULT NULL,
  `overall_score` int DEFAULT NULL,
  `level_value` varchar(50) DEFAULT NULL,
  `employee_response` varchar(900) DEFAULT NULL,
  `first_action_plan` varchar(50) DEFAULT NULL,
  `first_action_plan_date` varchar(10) DEFAULT NULL,
  `first_period_of_execution` varchar(100) DEFAULT NULL,
  `second_action_plan` varchar(50) DEFAULT NULL,
  `second_action_plan_date` varchar(10) DEFAULT NULL,
  `second_period_of_execution` varchar(100) DEFAULT NULL,
  `third_action_plan` varchar(50) DEFAULT NULL,
  `third_action_plan_date` varchar(10) DEFAULT NULL,
  `third_period_of_execution` varchar(100) DEFAULT NULL,
  `immediate_boss_observation` varchar(900) DEFAULT NULL,
  `manager_response` varchar(900) DEFAULT NULL,
  `manager_approval` tinyint(1) DEFAULT NULL,
  `employee_approval` tinyint(1) DEFAULT NULL,
  PRIMARY KEY (`ccn_operative_performance_evaluation`),
  KEY `ccn_employee` (`ccn_employee`),
  KEY `ccn_performance_evaluation` (`ccn_performance_evaluation`),
  CONSTRAINT `tbl_operative_performance_evaluation_ibfk_1` FOREIGN KEY (`ccn_employee`) REFERENCES `tbl_employment_relationship` (`ccn_employee`),
  CONSTRAINT `tbl_operative_performance_evaluation_ibfk_2` FOREIGN KEY (`ccn_performance_evaluation`) REFERENCES `tbl_performance_evaluation` (`ccn_performance_evaluation`)
) ENGINE=InnoDB AUTO_INCREMENT=87 DEFAULT CHARSET=utf8mb4 COLLATE=utf8mb4_0900_ai_ci;
/*!40101 SET character_set_client = @saved_cs_client */;

--
-- Dumping data for table `tbl_operative_performance_evaluation`
--

LOCK TABLES `tbl_operative_performance_evaluation` WRITE;
/*!40000 ALTER TABLE `tbl_operative_performance_evaluation` DISABLE KEYS */;
INSERT INTO `tbl_operative_performance_evaluation` VALUES (1,13,3,'80','50','80','80','80','50','80','100','100',700,'77.77777777777777','Me gusta el  trabajo que desempeo pues gracias a el he aprendido cosas nuevas me siento satisfecha   y cada da  le pido a dios por el bienestar de la  compaa y las personas que laboramos all  ','Formacion','2',NULL,'Formacion','3',NULL,'','0',NULL,'Formacin en Manejo de Alimentos.\nFormacin en Herramientas para la comunicacin Asertiva',NULL,1,NULL),(2,17,42,'100','100','80','80','100','80','100','100','100',840,'93.33333333333333','Durante mi desempeo en la compaa he logrado poner en practica todos mis conocimientos y de esta manera ayudar a la empresa en la organizacin de los almacenes. \nTambin he desempeado mis funciones de una forma responsable y organizada logrando corresponder con la confianza que se me ha brindado.  ','Supervision','3',NULL,'','0',NULL,'','0',NULL,'Cumple las tareas asignadas con responsabilidad, siempre con enfoque de ayudar la empresa, siguiendo procedimientos y colaborando a las dems reas ',NULL,1,NULL),(3,18,42,'100','100','80','100','100','100','100','80','100',860,'95.55555555555556','considero que soy un trabajador constante, efectivo, eficiente, me gusta desempear mis oficios de la mejor manera posible, tengo muy buenas habilidades para desempear las tareas que se me asignen.','Supervision','3',NULL,'','0',NULL,'','0',NULL,'Cumple inmediatamente con las tareas que se le asignan, siempre con la mejor intensin y en pro de mejora para la organizacin.\nPor mejorar la adaptacin al cambio.',NULL,1,NULL),(4,46,12,'100','80','80','100','80','80','100','80','50',750,'83.33333333333333','Mi compromiso con la empresa y productividad siempre trato de hacer lo mejor que puedo y procuro adaptarme a los cambios ','Reinduccion','4',NULL,'','0',NULL,'','0',NULL,'\n\n\n\n\n\n\n\n\n\n\n\n\n\n\n\n\n\n\n\n\n\n\n\n\n\n\n\n\n\n\n\n\n\n\n\n\n\n\n\n\n\n\n\n\n\n\n\n\n\n\n\n\n\n\n\n\n\n\n\n\n\n\n\n\n\n\n\n\n\n\n\n\n\n\n\n\n\n\n\n\n\n\n\n\n\n\n\n\n\n\n\n\n\n\n\n\n\n\n\n\n\n\n\n\n\n\n\n\n\n\n\n\n\n\n\n\n\n\n\n\n\n\n\n\n\n\n\n\nReinduccion acerca de la puntualidad y de las normas de la compaia en cuanto a normas y politica interna por parte del area de RRHH, y refuerzo acerca del no cumplimiento y nuestro derecho a realizar el debido proceso.\nCapacitacion en salud financiera\nCapacitacion en tecnicas de superacion personal  \n\n',NULL,1,NULL),(5,47,12,'100','80','100','100','100','100','100','80','80',840,'93.33333333333333',NULL,NULL,NULL,NULL,NULL,NULL,NULL,NULL,NULL,NULL,NULL,NULL,1,NULL),(6,48,12,'100','80','100','100','100','80','100','100','100',860,'95.55555555555556','Gracias a la compaa por darme la oportunidad de llegar a ser lo que hoy soy: un trabajador con gran sentido de responsabilidad, y dispuesto a seguir el plan de trabajo y lograr con eficiencia las metas trazadas. Con iniciativa de seguir escalando dentro de la compaa. ','Formacion','1',NULL,'','0',NULL,'','0',NULL,'Capacitacion en salud financiera\nCapacitacion en tecnicas de superacion personal',NULL,1,NULL),(7,64,3,'80','50','80','80','80','80','80','80','100',710,'78.88888888888889','He mejorado 50% en mi desempeo laboral y la calificasion estoy de acuerdo y excelente jefe tengo y seguire mejorando','Formacion','2',NULL,'Formacion','3',NULL,'','0',NULL,'Capacitacin en Manejo de Alimentos.\nCapacitacin en Comunicacin Asertiva',NULL,1,NULL),(8,67,39,'80','80','80','100','100','100','100','80','50',770,'85.55555555555556','Mi desempeo durante este ao, ha sido de continuo aprendizaje buscando un mejoramiento continuo, bajo una organizacin y una participacin activa con el fin a una adaptacin al cambio y su vez buscando una mejora en la puntualidad como tambin en las relaciones internas. Lo anterior con el propsito de mostrar mis habilidades y capacidades que pueden aportar a la empresa, apoyando el logro de objetivos tanto del rea como de la misma compaa.','Supervision','4',NULL,'','0',NULL,'','0',NULL,'Como primer instancia se ha hecho retroalimentacin al trabajador para dar a conocer la importancia de cada uno de los criterios evaluados en el desempeo. Para trabajar en los tems a mejorar, se planea involucrar ms al trabajador en las actividades que se desarrollan en el proceso con el fin de que pueda reconocer la importancia de su rol y as mismo exigir que ella se esfuerce por mejorar y desenvolverse mejor en el ambiente laboral. La idea es poder llevar un seguimiento mensual y verificar que tan eficaz est siendo el plan de accin. ',NULL,1,NULL),(10,73,51,'80','50','80','100','80','80','50','50','100',670,'74.44444444444444','Agradezco la calificacin, buscar estrategias para mejorar los aspectos en cuanto a comunicacin. ','Formacion','3',NULL,'Supervision','3',NULL,'','0',NULL,'Se caracteriza por aprender y ejecutar de manera rpida las actividades que se deben realizar en el rea, demuestra inters y despeja las dudas de manera oportuna adems de ser una persona ordenada con documentacin y cronogramas de actividades. \nDebe fortalecer la comunicacin y participar de manera mas activa en las reuniones de rea. ',NULL,1,NULL),(11,74,46,'80','80','80','80','50','80','80','80','50',660,'73.33333333333333','Mi desempeo dentro de la compaa ha sido excelente doy lo mejor posible por ser ms organizado pero si la ingeniera no es organizada con las rdenes de trabajo yo no puedo comprometeme a ser ms organizado y lo de la puntualidad estoy en desacuerdo porque teniendo en cuenta que yo vivo en otro municipio y muchas de las veces uno est Excepto a que las mquinas presenten cualquier falla o obstculos en el camino para uno ser puntual en la empresa o a la compaa','Formacion','1',NULL,'','0',NULL,'','0',NULL,'Fomentar a los trabajadores la importancia de llegar a cualquier reunion 5 min antes a excepcin que halla un imprevisto no se tomara en cuenta, ayudarnos  con nuestro telefono con alarma ya que las distancias son largas por parte del grupo de ingenieria se avisara con anticipacin.',NULL,1,NULL),(12,75,56,'80','80','80','80','100','80','80','80','25',685,'76.11111111111111','Estoy deacuerdo con los porsentajes, ecepto con el de relaciones, ya que me concidero una persona que se lleva muy bien con mis compaeros y superiores. ','Formacion','2',NULL,'Plan de Desarrollo','3',NULL,'Supervision','4',NULL,'es una persona proactiva, servicial con sus compaeros posee amplio conocimiento en el rea de electricidad y mecnica falta enfocar  y mejorar un poco en la parte de control elctrico , servicial con los dems colaboradores y areas  es necesario mejorar en el tema de la puntualidad .','Un  tcnico que demuestra una actitud de querer aprender e innovar, debe estar ms enfocado al detalle ya que se han encontrado varas fallas por falta de cuidado, al igual que mejorar la puntualidad.  ',1,NULL),(13,76,56,'80','50','50','25','50','80','80','80','100',595,'66.11111111111111','Me siento confirme con ka calificacion ','Plan de Desarrollo','2',NULL,'Promocion','3',NULL,'','0',NULL,'es una persona muy proactiva en lo que hace, genera muy buenas ideas al equipo  se debe mejorar en la tcnica para algunos equipos en particular, es un tcnico con muchas habilidades y disposicin para aprender distintas diciplinas  ',NULL,1,NULL),(14,77,56,'50','80','80','25','100','50','100','100','80',665,'73.88888888888889','me comprometo a seguir aprendiendo, seguir ejerciendo mis conocimientos para mejorar los procesos, ser ms detallista en los trabajos ejecutados y cada vez superarme ms. ','Formacion','1',NULL,'Reinduccion','2',NULL,'Promocion','4',NULL,'es un colaborador dedicado en la parte administrativa , falta perfeccionar algunas habilidades  en la parte  elctrica , mecnica , tiene buena disposicin para  recibir retroalimentacin y feedback . es importante fortalecer las habilidades de compromiso y productividad.','El promedio de calificacin es el mismo, solo veo que se debe tener mejoras en Habilidades de comunicacin, organizacin y un poco en la puntualidad, y se le debe aumentar en compromiso y aprendizaje y desarrollo, es un tcnico que tiene una buena disposicin de aprender con buenos valores y trato haca sus dems compaeros, debe estar ms enfocado al detalle y mejorar la comunicacin la cual es la base del aprendizaje en ests reas.',0,NULL),(15,78,56,'80','50','50','50','100','100','50','50','100',630,'70','Mi desempeo fue excelente  ya que contribu con grandes proyectos en la empresa ','Reinduccion','1',NULL,'Supervision','2',NULL,'','0',NULL,'es un colaborador muy efectivo tiene amplio conocimiento en varias  especialidades como soldadura , electricidad y mecnica es una persona muy ordenada y pulcra en sus labores falta mejorar algunos aspectos como la actitud hacia el grupo de trabajo y dems colaboradores de la compaa.  ',NULL,1,NULL),(16,79,56,'50','80','80','50','50','80','80','80','80',630,'70','Estoy de acuerdo con la calificacin y mi punto de vista esq e mejorado como empleado y persona , gracias a mis compaeros y mis superiores y e aprendido bastante gracias a ellos ','Reinduccion','2',NULL,'Plan de Desarrollo','3',NULL,'','0',NULL,'es un colaborador muy proactivo tiene muy buena disposicin para el aprendizaje , se nota mucho el avance en su capacidad tcnica aunque falta mejorar un poco en la parte de compromiso para atender las novedades de emergencia  , es una persona muy abierta a las retroalimentaciones.',NULL,1,NULL),(17,83,64,'80','80','80','100','50','80','50','80','100',700,'77.77777777777777','Ha sido un ao de mucho aprendizaje y con cosas por mejorar ','Formacion','1',NULL,'','0',NULL,'','0',NULL,'Es una persona responsable, comprometida y puntual ',NULL,1,NULL),(18,84,64,'80','80','80','80','80','50','80','80','80',690,'76.66666666666667','mejor desempeo laboral y compromiso con la empresa','Formacion','1',NULL,'','0',NULL,'','0',NULL,'Es una persona comprometida con su labora, puntual con fcil adaptacin a los cambios.\n','El resultado d ela evaluacion es correcto',1,NULL),(19,85,64,'80','50','100','80','80','80','80','80','80',710,'78.88888888888889','soy responsable en el area de trabajo y dar n buen ejemplo a mis compaeros que me rodean ','Promocion','1',NULL,'','0',NULL,'','0',NULL,'Se promueve como lder por su compromiso, responsabilidad y conocimientos de las areas, su esfuerzo con las actividades desarrolladas cada dia con nuestra compaa.','El r esultado de la evaluacion es correcto',1,NULL),(20,86,64,'80','80','80','100','80','80','80','80','100',760,'84.44444444444444','me gusta mucho lo q hago y me gusta el trato de mis ingenieros me siento contenta con lo que hago y gracias a los ingenieros por la oportunidad que me an dado ','Formacion','1',NULL,'','0',NULL,'','0',NULL,'Es una persona puntual, responsable  y comprometida con su trabajo, se necesitara reforzar con  capacitacin en manejo de personal y dems temas acorde al rea y su liderazgo  ','Se.aprueba resultado',1,NULL),(21,87,63,'100','80','80','80','80','100','100','100','100',820,'91.11111111111111','estoy  de acuerdo  con lo anterior dicho','Formacion','3',NULL,'Plan de Desarrollo','3',NULL,'','0',NULL,'Dory Castellanos demuestra alto compromiso y dedicacin hacia su trabajo. Se requiere seguir en la mejora continua mediante capacitaciones y seguimiento a su desempeo ','El resultado de la evaluacin corresponde con el desempeo observado',1,NULL),(22,88,63,'100','50','80','100','80','100','100','100','50',760,'84.44444444444444','Si estoy de acuerdo con la calificacin recibida. ','Formacion','3',NULL,'Plan de Desarrollo','3',NULL,'Supervision','3',NULL,'Juan Troncoso demuestra compromiso por su trabajo y un buen conocimiento acerca de las labores que desempea. Se requiere mantener y ampliar la capacitacin enfocada principalmente en herramientas de liderazgo y direccionamiento del trabajo, adicional es necesario mantener la evaluacin y supervisin de responsabilidades de forma constante que permitan una mejora continua del colaborador ','El resultado de la evaluacin corresponde con el desempeo observado',1,NULL),(23,89,64,'80','80','80','80','80','50','80','80','100',710,'78.88888888888889','Me siento orgulloso de pertenecer a esta empresa, me han dado la oportunidad de escalar y aprende dia a dia mas de mis labores y compromisos adquiridos dia a dia.','Formacion','1',NULL,'','0',NULL,'','0',NULL,'Es una persona correcta, puntual y muy trabajadora, se requiere capacitacin para manejo de personal y temas afines para el rea de ASPERCION.','El resultado de la evaluacin corresponde con el desempeo observado',1,NULL),(24,90,64,'100','80','80','80','80','80','100','80','100',780,'86.66666666666667','soy una persona responsable PUNTUAL y acato las ordenes de mis supervisores y cada dia mejorando mas en mi desempeo','Formacion','1',NULL,'','0',NULL,'','0',NULL,'Es una persona respetuosa, puntual y con gran facilidades de adaptacin al cambio, brinda apoyo e ideas viables para el proceso, compaerista','El resultado de la evaluacin corresponde con el desempeo observado',1,NULL),(25,91,63,'100','80','80','100','100','100','80','100','100',840,'93.33333333333333','Estoy de acuerdo con los resultados recibidos. ','Formacion','3',NULL,'Plan de Desarrollo','3',NULL,'','0',NULL,'Raquel Zabala muestra un buen desempeo en su labor de lder adems de un alto compromiso para con sus labores. Se requiere una continua capacitacin enfocada mayormente a fortalecer temas de liderazgo que permitan la mejora continua. ','El resultado de la evaluacin corresponde con el desempeo observado',1,NULL),(26,92,63,'100','80','100','100','100','80','100','100','100',860,'95.55555555555556','Estoy de acuerdo con los resultados recibidos. ','Formacion','3',NULL,'Plan de Desarrollo','3',NULL,'','0',NULL,'Milena Olivares demuestra gran liderazgo en su proceso adems de un alto compromiso y buen desempeo en sus labores. Se requiere seguir en capacitacin continua con un enfoque que fortalezca sus capacidades de liderazgo y a su vez continuar con su evaluacin de desempeo que permita la mejora continua. ','El resultado de la evaluacin corresponde con el desempeo observado',1,NULL),(27,93,63,'80','100','100','80','80','80','100','80','100',800,'88.88888888888889','Estoy de acuerdo con mi calificacin recibida.','Formacion','3',NULL,'Plan de Desarrollo','3',NULL,'','0',NULL,'Yeferson Rivera demuestra buen compromiso para con su trabajo y un buen desempeo en sus labores. Se requiere continuar con un plan de capacitan que permita fortalecer sus capacidades adems de seguir una evaluacin de desempeo que permita una mejora continua. ','El resultado de la evaluacin corresponde con el desempeo observado',1,NULL),(28,94,63,'100','80','80','80','100','80','100','100','100',820,'91.11111111111111','Estoy de acuerdo con la calificacin recibida ','Formacion','3',NULL,'Plan de Desarrollo','3',NULL,'','0',NULL,'Laura Castaeda demuestra un buen compromiso para con su trabajo y a su vez un buen desempeo. Se requiere fortalecer basado en capacitacin las capacidades comunicativas y seguir en la mejora continua bajo la evaluacin de su desempeo. ','El resultado de la evaluacin corresponde con el desempeo observado',1,NULL),(29,95,64,'50','50','50','50','80','80','50','50','50',510,'56.666666666666664','Me siento muy bien con la empresa y el personal, igualmente con motivacin para mejorar cada da ms ',NULL,NULL,NULL,NULL,NULL,NULL,NULL,NULL,NULL,NULL,NULL,1,NULL),(30,96,64,'80','80','80','80','50','80','80','80','100',710,'78.88888888888889','con respecto a lo personal me considero una persona pro activa en las actividades asignadas y con respecto ala empresa mas presensia de salud y seguridad en el trabajo y capasitasion de riesgos mas frecuentes ','Formacion','1',NULL,'','0',NULL,'','0',NULL,'Es una persona puntual, respetuosa y con grandes habilidades de mejora se requiere capacitaciones de manejo documental ','El resultado de la evaluacin corresponde con el desempeo observado',1,NULL),(31,111,64,NULL,NULL,NULL,NULL,NULL,NULL,NULL,NULL,NULL,NULL,NULL,NULL,NULL,NULL,NULL,NULL,NULL,NULL,NULL,NULL,NULL,NULL,NULL,1,NULL),(32,112,63,'80','25','50','80','80','80','100','80','25',600,'66.66666666666667',NULL,NULL,NULL,NULL,NULL,NULL,NULL,NULL,NULL,NULL,NULL,NULL,1,NULL),(33,113,63,'100','80','100','100','100','80','80','100','100',840,'93.33333333333333',NULL,NULL,NULL,NULL,NULL,NULL,NULL,NULL,NULL,NULL,NULL,NULL,1,NULL),(34,114,64,NULL,NULL,NULL,NULL,NULL,NULL,NULL,NULL,NULL,NULL,NULL,NULL,NULL,NULL,NULL,NULL,NULL,NULL,NULL,NULL,NULL,NULL,NULL,1,NULL),(35,115,63,NULL,NULL,NULL,NULL,NULL,NULL,NULL,NULL,NULL,NULL,NULL,NULL,NULL,NULL,NULL,NULL,NULL,NULL,NULL,NULL,NULL,NULL,NULL,1,NULL),(36,116,63,NULL,NULL,NULL,NULL,NULL,NULL,NULL,NULL,NULL,NULL,NULL,NULL,NULL,NULL,NULL,NULL,NULL,NULL,NULL,NULL,NULL,NULL,NULL,1,NULL),(37,131,122,'50','80','0','80','80','0','80','100','80',550,'78.57142857142857','sdfghty','supervicion','2',NULL,'formacion','2',NULL,NULL,NULL,NULL,'sdfsfgdftg','ASDF',1,1),(38,141,89,NULL,NULL,NULL,NULL,NULL,NULL,NULL,NULL,NULL,NULL,NULL,NULL,NULL,NULL,NULL,NULL,NULL,NULL,NULL,NULL,NULL,NULL,NULL,NULL,NULL),(39,142,115,NULL,NULL,NULL,NULL,NULL,NULL,NULL,NULL,NULL,NULL,NULL,NULL,NULL,NULL,NULL,NULL,NULL,NULL,NULL,NULL,NULL,NULL,NULL,NULL,NULL),(40,143,6,NULL,NULL,NULL,NULL,NULL,NULL,NULL,NULL,NULL,NULL,NULL,NULL,NULL,NULL,NULL,NULL,NULL,NULL,NULL,NULL,NULL,NULL,NULL,NULL,NULL),(41,144,67,NULL,NULL,NULL,NULL,NULL,NULL,NULL,NULL,NULL,NULL,NULL,NULL,NULL,NULL,NULL,NULL,NULL,NULL,NULL,NULL,NULL,NULL,NULL,NULL,NULL),(42,145,110,NULL,NULL,NULL,NULL,NULL,NULL,NULL,NULL,NULL,NULL,NULL,NULL,NULL,NULL,NULL,NULL,NULL,NULL,NULL,NULL,NULL,NULL,NULL,NULL,NULL),(43,146,111,NULL,NULL,NULL,NULL,NULL,NULL,NULL,NULL,NULL,NULL,NULL,NULL,NULL,NULL,NULL,NULL,NULL,NULL,NULL,NULL,NULL,NULL,NULL,NULL,NULL),(44,147,85,NULL,NULL,NULL,NULL,NULL,NULL,NULL,NULL,NULL,NULL,NULL,NULL,NULL,NULL,NULL,NULL,NULL,NULL,NULL,NULL,NULL,NULL,NULL,NULL,NULL),(45,148,123,NULL,NULL,NULL,NULL,NULL,NULL,NULL,NULL,NULL,NULL,NULL,NULL,NULL,NULL,NULL,NULL,NULL,NULL,NULL,NULL,NULL,NULL,NULL,NULL,NULL),(46,150,43,NULL,NULL,NULL,NULL,NULL,NULL,NULL,NULL,NULL,NULL,NULL,NULL,NULL,NULL,NULL,NULL,NULL,NULL,NULL,NULL,NULL,NULL,NULL,NULL,NULL),(47,151,108,NULL,NULL,NULL,NULL,NULL,NULL,NULL,NULL,NULL,NULL,NULL,NULL,NULL,NULL,NULL,NULL,NULL,NULL,NULL,NULL,NULL,NULL,NULL,NULL,NULL),(48,152,73,NULL,NULL,NULL,NULL,NULL,NULL,NULL,NULL,NULL,NULL,NULL,NULL,NULL,NULL,NULL,NULL,NULL,NULL,NULL,NULL,NULL,NULL,NULL,NULL,NULL),(49,154,62,NULL,NULL,NULL,NULL,NULL,NULL,NULL,NULL,NULL,NULL,NULL,NULL,NULL,NULL,NULL,NULL,NULL,NULL,NULL,NULL,NULL,NULL,NULL,NULL,NULL),(50,155,118,NULL,NULL,NULL,NULL,NULL,NULL,NULL,NULL,NULL,NULL,NULL,NULL,NULL,NULL,NULL,NULL,NULL,NULL,NULL,NULL,NULL,NULL,NULL,NULL,NULL),(51,156,81,NULL,NULL,NULL,NULL,NULL,NULL,NULL,NULL,NULL,NULL,NULL,NULL,NULL,NULL,NULL,NULL,NULL,NULL,NULL,NULL,NULL,NULL,NULL,NULL,NULL),(52,157,120,NULL,NULL,NULL,NULL,NULL,NULL,NULL,NULL,NULL,NULL,NULL,NULL,NULL,NULL,NULL,NULL,NULL,NULL,NULL,NULL,NULL,NULL,NULL,NULL,NULL),(53,163,114,NULL,NULL,NULL,NULL,NULL,NULL,NULL,NULL,NULL,NULL,NULL,NULL,NULL,NULL,NULL,NULL,NULL,NULL,NULL,NULL,NULL,NULL,NULL,NULL,NULL),(54,164,75,NULL,NULL,NULL,NULL,NULL,NULL,NULL,NULL,NULL,NULL,NULL,NULL,NULL,NULL,NULL,NULL,NULL,NULL,NULL,NULL,NULL,NULL,NULL,NULL,NULL),(55,165,112,NULL,NULL,NULL,NULL,NULL,NULL,NULL,NULL,NULL,NULL,NULL,NULL,NULL,NULL,NULL,NULL,NULL,NULL,NULL,NULL,NULL,NULL,NULL,NULL,NULL),(56,166,109,NULL,NULL,NULL,NULL,NULL,NULL,NULL,NULL,NULL,NULL,NULL,NULL,NULL,NULL,NULL,NULL,NULL,NULL,NULL,NULL,NULL,NULL,NULL,NULL,NULL),(57,167,77,NULL,NULL,NULL,NULL,NULL,NULL,NULL,NULL,NULL,NULL,NULL,NULL,NULL,NULL,NULL,NULL,NULL,NULL,NULL,NULL,NULL,NULL,NULL,NULL,NULL),(58,168,60,NULL,NULL,NULL,NULL,NULL,NULL,NULL,NULL,NULL,NULL,NULL,NULL,NULL,NULL,NULL,NULL,NULL,NULL,NULL,NULL,NULL,NULL,NULL,NULL,NULL),(59,171,83,NULL,NULL,NULL,NULL,NULL,NULL,NULL,NULL,NULL,NULL,NULL,NULL,NULL,NULL,NULL,NULL,NULL,NULL,NULL,NULL,NULL,NULL,NULL,NULL,NULL),(60,172,38,NULL,NULL,NULL,NULL,NULL,NULL,NULL,NULL,NULL,NULL,NULL,NULL,NULL,NULL,NULL,NULL,NULL,NULL,NULL,NULL,NULL,NULL,NULL,NULL,NULL),(61,173,82,NULL,NULL,NULL,NULL,NULL,NULL,NULL,NULL,NULL,NULL,NULL,NULL,NULL,NULL,NULL,NULL,NULL,NULL,NULL,NULL,NULL,NULL,NULL,NULL,NULL),(62,174,57,NULL,NULL,NULL,NULL,NULL,NULL,NULL,NULL,NULL,NULL,NULL,NULL,NULL,NULL,NULL,NULL,NULL,NULL,NULL,NULL,NULL,NULL,NULL,NULL,NULL),(63,175,116,NULL,NULL,NULL,NULL,NULL,NULL,NULL,NULL,NULL,NULL,NULL,NULL,NULL,NULL,NULL,NULL,NULL,NULL,NULL,NULL,NULL,NULL,NULL,NULL,NULL),(64,176,48,NULL,NULL,NULL,NULL,NULL,NULL,NULL,NULL,NULL,NULL,NULL,NULL,NULL,NULL,NULL,NULL,NULL,NULL,NULL,NULL,NULL,NULL,NULL,NULL,NULL),(65,177,113,NULL,NULL,NULL,NULL,NULL,NULL,NULL,NULL,NULL,NULL,NULL,NULL,NULL,NULL,NULL,NULL,NULL,NULL,NULL,NULL,NULL,NULL,NULL,NULL,NULL),(66,178,93,NULL,NULL,NULL,NULL,NULL,NULL,NULL,NULL,NULL,NULL,NULL,NULL,NULL,NULL,NULL,NULL,NULL,NULL,NULL,NULL,NULL,NULL,NULL,NULL,NULL),(67,179,68,NULL,NULL,NULL,NULL,NULL,NULL,NULL,NULL,NULL,NULL,NULL,NULL,NULL,NULL,NULL,NULL,NULL,NULL,NULL,NULL,NULL,NULL,NULL,NULL,NULL),(68,180,5,NULL,NULL,NULL,NULL,NULL,NULL,NULL,NULL,NULL,NULL,NULL,NULL,NULL,NULL,NULL,NULL,NULL,NULL,NULL,NULL,NULL,NULL,NULL,NULL,NULL),(69,181,94,NULL,NULL,NULL,NULL,NULL,NULL,NULL,NULL,NULL,NULL,NULL,NULL,NULL,NULL,NULL,NULL,NULL,NULL,NULL,NULL,NULL,NULL,NULL,NULL,NULL),(70,182,37,NULL,NULL,NULL,NULL,NULL,NULL,NULL,NULL,NULL,NULL,NULL,NULL,NULL,NULL,NULL,NULL,NULL,NULL,NULL,NULL,NULL,NULL,NULL,NULL,NULL),(71,184,54,NULL,NULL,NULL,NULL,NULL,NULL,NULL,NULL,NULL,NULL,NULL,NULL,NULL,NULL,NULL,NULL,NULL,NULL,NULL,NULL,NULL,NULL,NULL,NULL,NULL),(72,190,124,NULL,NULL,NULL,NULL,NULL,NULL,NULL,NULL,NULL,NULL,NULL,NULL,NULL,NULL,NULL,NULL,NULL,NULL,NULL,NULL,NULL,NULL,NULL,NULL,NULL),(73,192,34,NULL,NULL,NULL,NULL,NULL,NULL,NULL,NULL,NULL,NULL,NULL,NULL,NULL,NULL,NULL,NULL,NULL,NULL,NULL,NULL,NULL,NULL,NULL,NULL,NULL),(74,193,78,NULL,NULL,NULL,NULL,NULL,NULL,NULL,NULL,NULL,NULL,NULL,NULL,NULL,NULL,NULL,NULL,NULL,NULL,NULL,NULL,NULL,NULL,NULL,NULL,NULL),(75,198,117,NULL,NULL,NULL,NULL,NULL,NULL,NULL,NULL,NULL,NULL,NULL,NULL,NULL,NULL,NULL,NULL,NULL,NULL,NULL,NULL,NULL,NULL,NULL,NULL,NULL),(76,199,107,NULL,NULL,NULL,NULL,NULL,NULL,NULL,NULL,NULL,NULL,NULL,NULL,NULL,NULL,NULL,NULL,NULL,NULL,NULL,NULL,NULL,NULL,NULL,NULL,NULL),(77,202,59,NULL,NULL,NULL,NULL,NULL,NULL,NULL,NULL,NULL,NULL,NULL,NULL,NULL,NULL,NULL,NULL,NULL,NULL,NULL,NULL,NULL,NULL,NULL,NULL,NULL),(78,203,101,NULL,NULL,NULL,NULL,NULL,NULL,NULL,NULL,NULL,NULL,NULL,NULL,NULL,NULL,NULL,NULL,NULL,NULL,NULL,NULL,NULL,NULL,NULL,NULL,NULL),(79,204,88,NULL,NULL,NULL,NULL,NULL,NULL,NULL,NULL,NULL,NULL,NULL,NULL,NULL,NULL,NULL,NULL,NULL,NULL,NULL,NULL,NULL,NULL,NULL,NULL,NULL),(80,208,128,NULL,NULL,NULL,NULL,NULL,NULL,NULL,NULL,NULL,NULL,NULL,NULL,NULL,NULL,NULL,NULL,NULL,NULL,NULL,NULL,NULL,NULL,NULL,NULL,NULL),(81,209,47,NULL,NULL,NULL,NULL,NULL,NULL,NULL,NULL,NULL,NULL,NULL,NULL,NULL,NULL,NULL,NULL,NULL,NULL,NULL,NULL,NULL,NULL,NULL,NULL,NULL),(82,212,91,NULL,NULL,NULL,NULL,NULL,NULL,NULL,NULL,NULL,NULL,NULL,NULL,NULL,NULL,NULL,NULL,NULL,NULL,NULL,NULL,NULL,NULL,NULL,NULL,NULL),(83,213,87,NULL,NULL,NULL,NULL,NULL,NULL,NULL,NULL,NULL,NULL,NULL,NULL,NULL,NULL,NULL,NULL,NULL,NULL,NULL,NULL,NULL,NULL,NULL,NULL,NULL),(84,214,13,NULL,NULL,NULL,NULL,NULL,NULL,NULL,NULL,NULL,NULL,NULL,NULL,NULL,NULL,NULL,NULL,NULL,NULL,NULL,NULL,NULL,NULL,NULL,NULL,NULL),(86,232,18,NULL,NULL,NULL,NULL,NULL,NULL,NULL,NULL,NULL,NULL,NULL,NULL,NULL,NULL,NULL,NULL,NULL,NULL,NULL,NULL,NULL,NULL,NULL,NULL,NULL);
/*!40000 ALTER TABLE `tbl_operative_performance_evaluation` ENABLE KEYS */;
UNLOCK TABLES;

--
-- Table structure for table `tbl_performance_evaluation`
--

DROP TABLE IF EXISTS `tbl_performance_evaluation`;
/*!40101 SET @saved_cs_client     = @@character_set_client */;
 SET character_set_client = utf8mb4 ;
CREATE TABLE `tbl_performance_evaluation` (
  `ccn_performance_evaluation` int NOT NULL AUTO_INCREMENT,
  `opening_date` datetime DEFAULT NULL,
  `entry_date` datetime DEFAULT NULL,
  `action_date` datetime DEFAULT NULL,
  `immediate_boss_question_date` datetime DEFAULT NULL,
  `employee_response_date` datetime DEFAULT NULL,
  `action_plan_date` datetime DEFAULT NULL,
  `finish_date` datetime DEFAULT NULL,
  `immediate_boss` int DEFAULT NULL,
  `manager` int DEFAULT NULL,
  `ccn_employee` int DEFAULT NULL,
  `ccn_states_performance_evaluation` int DEFAULT NULL,
  `type_employee` varchar(50) NOT NULL,
  `year_of_evaluation` varchar(10) DEFAULT NULL,
  `date_initil_for_evaluation` datetime DEFAULT NULL,
  PRIMARY KEY (`ccn_performance_evaluation`),
  KEY `ccn_states_performance_evaluation` (`ccn_states_performance_evaluation`),
  KEY `ccn_employee` (`ccn_employee`),
  KEY `immediate_boss` (`immediate_boss`),
  KEY `manager` (`manager`),
  CONSTRAINT `tbl_performance_evaluation_ibfk_2` FOREIGN KEY (`ccn_states_performance_evaluation`) REFERENCES `tbl_states_performance_evaluation` (`ccn_states_performance_evaluation`),
  CONSTRAINT `tbl_performance_evaluation_ibfk_3` FOREIGN KEY (`ccn_employee`) REFERENCES `tbl_employment_relationship` (`ccn_employee`),
  CONSTRAINT `tbl_performance_evaluation_ibfk_4` FOREIGN KEY (`immediate_boss`) REFERENCES `tbl_employment_relationship` (`ccn_employee`),
  CONSTRAINT `tbl_performance_evaluation_ibfk_5` FOREIGN KEY (`manager`) REFERENCES `tbl_employment_relationship` (`ccn_employee`)
) ENGINE=InnoDB AUTO_INCREMENT=233 DEFAULT CHARSET=utf8mb4 COLLATE=utf8mb4_0900_ai_ci;
/*!40101 SET character_set_client = @saved_cs_client */;

--
-- Dumping data for table `tbl_performance_evaluation`
--

LOCK TABLES `tbl_performance_evaluation` WRITE;
/*!40000 ALTER TABLE `tbl_performance_evaluation` DISABLE KEYS */;
INSERT INTO `tbl_performance_evaluation` VALUES (1,'2024-01-10 14:58:21','2023-05-25 14:59:19',NULL,'2023-05-27 20:33:14','2023-06-02 10:06:54','2023-06-02 10:12:09','2023-08-04 18:43:01',1,1,2,5,'ADMINISTRATIVO','2024',NULL),(2,'2023-05-26 00:00:00','2023-05-25 15:01:15',NULL,'2023-06-20 07:26:38','2023-07-07 11:33:01','2023-07-12 10:29:05',NULL,1,30,65,4,'ADMINISTRATIVO','2023',NULL),(3,'2023-05-26 00:00:00','2023-05-25 15:01:40',NULL,'2023-06-20 07:24:35','2023-07-07 08:59:38','2023-07-12 10:32:45',NULL,1,30,8,4,'ADMINISTRATIVO','2023',NULL),(11,'2023-05-31 00:00:00','2023-05-30 12:02:13',NULL,'2023-05-31 11:59:33',NULL,NULL,NULL,3,30,4,2,'ADMINISTRATIVO','2023',NULL),(12,'2023-05-30 00:00:00','2023-05-30 12:03:00',NULL,'2023-05-30 12:56:23','2023-06-27 07:14:07','2023-07-17 13:53:17',NULL,3,30,17,4,'ADMINISTRATIVO','2023',NULL),(13,'2023-05-31 00:00:00','2023-05-30 12:08:54',NULL,'2023-05-31 11:54:49','2023-07-19 11:32:29','2023-08-04 13:16:54',NULL,3,30,5,4,'OPERATIVO','2023',NULL),(14,'2023-06-01 00:00:00','2023-05-31 13:04:32',NULL,'2023-07-17 14:06:42','2023-08-08 06:59:06','2023-08-22 09:01:57',NULL,11,30,10,4,'ADMINISTRATIVO','2023',NULL),(15,'2023-05-31 00:00:00','2023-05-31 13:11:04',NULL,'2023-07-05 16:11:16','2023-08-15 14:54:55','2023-08-22 17:45:23',NULL,21,15,49,4,'ADMINISTRATIVO','2023',NULL),(16,'2023-05-31 00:00:00','2023-05-31 13:11:25',NULL,'2023-08-15 15:20:23','2023-08-16 14:50:58','2023-10-05 13:00:21','2023-11-20 07:54:12',49,21,24,5,'ADMINISTRATIVO','2023',NULL),(17,'2023-06-01 00:00:00','2023-05-31 14:22:23',NULL,'2023-06-01 09:50:48','2023-06-13 14:21:04','2023-06-13 15:03:08',NULL,42,30,47,4,'OPERATIVO','2023',NULL),(18,'2023-06-01 00:00:00','2023-05-31 14:22:44',NULL,'2023-06-01 09:52:45','2023-06-02 14:30:56','2023-06-13 14:40:31',NULL,42,30,43,4,'OPERATIVO','2023',NULL),(19,'2023-06-01 00:00:00','2023-06-01 08:13:08',NULL,'2023-06-05 11:15:13','2023-07-12 09:24:33','2023-10-17 11:55:35',NULL,45,30,39,4,'ADMINISTRATIVO','2023',NULL),(46,'2023-06-01 00:00:00','2023-06-01 11:32:31',NULL,'2023-06-20 07:41:07','2023-07-18 06:28:28','2023-10-05 07:53:42',NULL,12,30,35,4,'OPERATIVO','2023',NULL),(47,'2023-06-01 00:00:00','2023-06-01 11:33:11',NULL,'2023-06-20 07:47:25',NULL,NULL,NULL,12,30,33,3,'OPERATIVO','2023',NULL),(48,'2023-06-01 00:00:00','2023-06-01 11:33:33',NULL,'2023-06-20 07:46:20','2023-07-18 06:41:08','2023-10-05 07:54:37',NULL,12,30,34,4,'OPERATIVO','2023',NULL),(56,'2023-06-02 00:00:00','2023-06-02 10:01:05',NULL,NULL,NULL,NULL,NULL,71,71,30,1,'DIRECTIVO','2023',NULL),(57,'2023-06-02 00:00:00','2023-06-02 10:52:08',NULL,NULL,NULL,NULL,NULL,71,71,15,1,'DIRECTIVO','2023',NULL),(58,'2023-06-02 00:00:00','2023-06-02 10:52:31',NULL,NULL,NULL,NULL,NULL,71,71,53,1,'DIRECTIVO','2023',NULL),(59,'2023-06-02 00:00:00','2023-06-02 10:52:52',NULL,NULL,NULL,NULL,NULL,71,71,86,1,'DIRECTIVO','2023',NULL),(60,'2023-06-05 00:00:00','2023-06-05 13:07:51',NULL,'2023-10-09 10:37:55',NULL,NULL,NULL,86,71,44,2,'ADMINISTRATIVO','2023',NULL),(63,'2023-06-20 00:00:00','2023-06-20 06:55:11',NULL,'2024-06-04 10:36:35','2024-06-04 10:43:27','2024-06-04 10:45:56','2024-06-04 10:59:33',17,3,18,6,'ADMINISTRATIVO','2023',NULL),(64,'2023-06-20 00:00:00','2023-06-20 07:42:13',NULL,'2023-06-20 07:47:52','2023-07-19 11:27:56','2023-08-04 13:15:22',NULL,3,30,13,4,'OPERATIVO','2023',NULL),(65,'2023-06-28 00:00:00','2023-06-28 13:34:07',NULL,NULL,NULL,NULL,NULL,30,30,9,1,'ADMINISTRATIVO','2023',NULL),(66,'2023-07-05 00:00:00','2023-07-05 08:46:21',NULL,'2023-10-10 08:07:11',NULL,NULL,NULL,27,15,23,2,'ADMINISTRATIVO','2023',NULL),(67,'2023-07-12 00:00:00','2023-07-12 08:57:08',NULL,'2023-07-14 11:18:12','2023-08-17 10:26:50','2023-08-24 13:58:19',NULL,39,45,37,4,'OPERATIVO','2023',NULL),(70,'2023-07-13 00:00:00','2023-07-13 11:38:10',NULL,NULL,NULL,NULL,NULL,30,71,52,1,'DIRECTIVO','2023',NULL),(71,'2023-07-13 00:00:00','2023-07-13 11:38:23',NULL,'2023-08-08 10:21:43','2023-08-09 09:34:55',NULL,NULL,52,30,46,3,'ADMINISTRATIVO','2023',NULL),(72,'2023-07-13 00:00:00','2023-07-13 11:38:41',NULL,'2023-08-08 10:40:07','2023-08-18 10:00:19',NULL,NULL,52,30,51,3,'ADMINISTRATIVO','2023',NULL),(73,'2023-07-13 00:00:00','2023-07-13 11:40:53',NULL,'2023-07-28 07:21:02','2023-08-01 09:54:34','2023-08-08 12:18:44',NULL,51,52,48,4,'OPERATIVO','2023',NULL),(74,'2023-07-13 00:00:00','2023-07-13 11:41:37',NULL,'2023-07-17 11:25:54','2023-07-31 07:12:41','2023-08-08 07:37:45',NULL,46,52,54,4,'OPERATIVO','2023',NULL),(75,'2023-07-13 00:00:00','2023-07-13 11:42:06',NULL,'2023-07-28 07:28:53','2023-08-08 07:12:02','2023-08-08 08:10:52','2023-08-23 10:52:35',56,52,58,5,'OPERATIVO','2023',NULL),(76,'2023-07-13 00:00:00','2023-07-13 11:42:29',NULL,'2023-07-28 07:16:28','2023-08-23 12:46:30','2023-08-24 13:00:46',NULL,56,52,59,4,'OPERATIVO','2023',NULL),(77,'2023-07-13 00:00:00','2023-07-13 11:42:50',NULL,'2023-07-28 07:23:08','2023-08-02 12:20:10','2023-08-08 08:16:56','2023-08-23 11:16:23',56,52,60,6,'OPERATIVO','2023',NULL),(78,'2023-07-13 00:00:00','2023-07-13 11:43:15',NULL,'2023-07-28 07:18:22','2023-08-03 17:18:39','2023-08-08 08:04:09',NULL,56,52,61,5,'OPERATIVO','2023',NULL),(79,'2023-07-13 00:00:00','2023-07-13 11:43:36',NULL,'2023-07-28 07:25:43','2023-07-31 08:03:36','2023-08-08 08:23:28',NULL,56,52,62,4,'OPERATIVO','2023',NULL),(80,'2023-07-13 00:00:00','2023-07-13 12:08:18',NULL,NULL,NULL,NULL,NULL,30,71,76,1,'DIRECTIVO','2023',NULL),(81,'2023-07-13 00:00:00','2023-07-13 12:08:34',NULL,'2023-08-01 08:22:54','2023-08-01 08:30:19','2023-08-01 08:33:46',NULL,76,30,64,4,'ADMINISTRATIVO','2023',NULL),(82,'2023-07-13 00:00:00','2023-07-13 12:08:52',NULL,'2023-08-01 08:42:35','2023-08-01 08:44:14','2023-08-01 08:47:05',NULL,76,30,63,4,'ADMINISTRATIVO','2023',NULL),(83,'2023-07-13 00:00:00','2023-07-13 12:12:28',NULL,'2023-08-01 09:54:12','2023-08-17 17:17:48','2023-08-18 07:50:35',NULL,64,76,73,4,'OPERATIVO','2023',NULL),(84,'2023-07-13 00:00:00','2023-07-13 12:13:42',NULL,'2023-08-01 09:35:08','2023-08-01 09:38:39','2023-08-01 09:41:52','2023-08-04 10:44:14',64,76,75,5,'OPERATIVO','2023',NULL),(85,'2023-07-13 00:00:00','2023-07-13 12:14:23',NULL,'2023-08-01 11:06:38','2023-08-01 11:09:58','2023-08-01 11:13:16','2023-08-04 10:45:43',64,76,77,5,'OPERATIVO','2023',NULL),(86,'2023-07-13 00:00:00','2023-07-13 12:15:05',NULL,'2023-08-03 08:19:38','2023-08-03 08:23:30','2023-08-03 08:40:08','2023-08-04 10:47:05',64,76,78,5,'OPERATIVO','2023',NULL),(87,'2023-07-13 00:00:00','2023-07-13 12:16:36',NULL,'2023-08-01 08:57:10','2023-08-01 09:00:32','2023-08-01 09:05:43','2023-08-04 10:48:36',63,76,81,5,'OPERATIVO','2023',NULL),(88,'2023-07-13 00:00:00','2023-07-13 12:17:40',NULL,'2023-08-01 11:48:05','2023-08-01 11:51:19','2023-08-01 11:59:17','2023-08-04 10:49:28',63,76,82,5,'OPERATIVO','2023',NULL),(89,'2023-07-13 00:00:00','2023-07-13 12:18:10',NULL,'2023-08-01 11:28:03','2023-08-01 11:33:37','2023-08-01 11:35:41','2023-08-04 10:49:56',64,76,83,5,'OPERATIVO','2023',NULL),(90,'2023-07-13 00:00:00','2023-07-13 12:19:33',NULL,'2023-08-01 09:05:11','2023-08-01 09:11:28','2023-08-01 09:17:17','2023-08-04 10:50:15',64,76,87,5,'OPERATIVO','2023',NULL),(91,'2023-07-13 00:00:00','2023-07-13 12:20:43',NULL,'2023-08-01 09:50:38','2023-08-01 09:53:16','2023-08-01 09:58:28','2023-08-04 10:50:35',63,76,88,5,'OPERATIVO','2023',NULL),(92,'2023-07-13 00:00:00','2023-07-13 12:21:09',NULL,'2023-08-01 09:34:34','2023-08-01 09:36:47','2023-08-01 09:41:31','2023-08-04 10:51:01',63,76,89,5,'OPERATIVO','2023',NULL),(93,'2023-07-13 00:00:00','2023-07-13 12:21:58',NULL,'2023-08-01 11:04:15','2023-08-01 11:07:39','2023-08-01 11:12:36','2023-08-04 10:51:21',63,76,91,5,'OPERATIVO','2023',NULL),(94,'2023-07-13 00:00:00','2023-07-13 12:23:12',NULL,'2023-08-01 09:14:36','2023-08-01 09:20:16','2023-08-01 09:24:53','2023-08-04 10:51:42',63,76,93,5,'OPERATIVO','2023',NULL),(95,'2023-07-13 00:00:00','2023-07-13 12:23:47',NULL,'2023-08-18 08:08:37','2023-08-28 11:34:43',NULL,NULL,64,76,94,3,'OPERATIVO','2023',NULL),(96,'2023-07-13 00:00:00','2023-07-13 12:24:27',NULL,'2023-08-01 11:38:34','2023-08-01 11:42:51','2023-08-01 11:46:52','2023-08-04 10:52:02',64,76,108,5,'OPERATIVO','2023',NULL),(97,'2023-08-04 00:00:00','2023-08-04 16:32:11',NULL,NULL,NULL,NULL,NULL,30,71,45,1,'DIRECTIVO','2023',NULL),(98,'2023-08-04 00:00:00','2023-08-04 16:33:10',NULL,NULL,NULL,NULL,NULL,30,71,1,1,'DIRECTIVO','2023',NULL),(99,'2023-08-04 00:00:00','2023-08-04 16:34:18',NULL,NULL,NULL,NULL,NULL,30,71,3,1,'DIRECTIVO','2023',NULL),(101,'2023-08-04 00:00:00','2023-08-04 16:34:52',NULL,NULL,NULL,NULL,NULL,30,71,11,1,'DIRECTIVO','2023',NULL),(102,'2023-08-04 00:00:00','2023-08-04 16:35:56',NULL,'2023-10-06 09:36:18','2023-10-18 08:50:57',NULL,NULL,41,30,42,3,'ADMINISTRATIVO','2023',NULL),(103,'2023-08-04 00:00:00','2023-08-04 16:36:35',NULL,NULL,NULL,NULL,NULL,30,71,12,1,'DIRECTIVO','2023',NULL),(104,'2023-08-04 00:00:00','2023-08-04 16:38:12',NULL,NULL,NULL,NULL,NULL,15,71,27,1,'ADMINISTRATIVO','2023',NULL),(110,'2023-08-17 00:00:00','2023-08-17 09:56:08',NULL,NULL,NULL,NULL,NULL,15,71,21,1,'DIRECTIVO','2023',NULL),(111,'2023-08-23 00:00:00','2023-08-23 07:51:04',NULL,NULL,NULL,NULL,NULL,64,76,128,1,'OPERATIVO','2023',NULL),(112,'2023-08-23 00:00:00','2023-08-23 07:53:24',NULL,'2023-11-20 07:27:57',NULL,NULL,NULL,63,76,113,2,'OPERATIVO','2023',NULL),(113,'2023-08-23 00:00:00','2023-08-23 07:53:48',NULL,'2023-11-20 07:24:53',NULL,NULL,NULL,63,76,116,2,'OPERATIVO','2023',NULL),(114,'2023-08-23 00:00:00','2023-08-23 08:02:31',NULL,NULL,NULL,NULL,NULL,64,76,114,1,'OPERATIVO','2023',NULL),(115,'2023-11-28 00:00:00','2023-11-28 07:00:03',NULL,NULL,NULL,NULL,NULL,63,76,93,1,'OPERATIVO','2023',NULL),(116,'2023-11-28 00:00:00','2023-11-28 07:00:07',NULL,NULL,NULL,NULL,NULL,63,76,93,1,'OPERATIVO','2023',NULL),(117,'2023-11-28 00:00:00','2023-11-28 07:02:59',NULL,'2023-11-28 07:09:59','2023-11-28 07:19:50','2023-11-28 07:41:10',NULL,1,30,2,4,'ADMINISTRATIVO','2023',NULL),(118,'2023-11-29 00:00:00','2023-11-29 07:16:42',NULL,'2023-11-29 07:22:20','2023-11-29 07:23:50','2023-11-29 07:24:18','2023-11-29 07:30:07',1,95,2,5,'ADMINISTRATIVO','2023',NULL),(130,'2024-02-15 11:02:15','2024-02-15 11:02:15',NULL,'2024-03-19 07:53:24','2024-03-19 08:03:30','2024-03-19 08:43:21','2024-04-25 10:27:21',122,122,122,5,'ADMINISTRATIVO','2024',NULL),(131,'2024-02-15 11:23:10','2024-02-15 11:23:10',NULL,'2024-04-25 07:34:19','2024-04-25 10:22:16','2024-04-25 10:24:16','2024-04-25 10:55:48',122,122,122,5,'OPERATIVO','2024',NULL),(132,'2024-02-15 11:26:53','2024-02-15 11:26:53',NULL,'2024-04-25 11:52:27','2024-04-25 11:53:05','2024-04-25 11:53:35','2024-04-25 11:54:08',122,122,122,5,'ADMINISTRATIVO','2024',NULL),(133,'2024-02-27 11:52:20','2024-02-27 11:52:20',NULL,'2024-03-14 08:13:16','2024-03-14 08:16:19','2024-03-14 08:18:38','2024-03-14 09:34:45',3,30,121,5,'ADMINISTRATIVO','2024',NULL),(138,'2024-02-29 07:35:51',NULL,NULL,NULL,NULL,NULL,NULL,71,71,53,1,'DIRECTIVO','2024',NULL),(139,'2024-02-29 07:42:09',NULL,NULL,NULL,NULL,NULL,NULL,71,71,86,1,'DIRECTIVO','2024',NULL),(140,'2024-02-29 07:42:09',NULL,NULL,NULL,NULL,NULL,NULL,86,71,44,1,'ADMINISTRATIVO','2024',NULL),(141,'2024-02-29 07:42:09',NULL,NULL,NULL,NULL,NULL,NULL,63,76,89,1,'OPERATIVO','2024',NULL),(142,'2024-02-29 07:42:10',NULL,NULL,NULL,NULL,NULL,NULL,63,76,115,1,'OPERATIVO','2024',NULL),(143,'2024-02-29 07:42:11',NULL,NULL,NULL,NULL,NULL,NULL,63,76,6,1,'OPERATIVO','2024',NULL),(144,'2024-02-29 07:42:11',NULL,NULL,NULL,NULL,NULL,NULL,63,76,67,1,'OPERATIVO','2024',NULL),(145,'2024-02-29 07:42:12',NULL,NULL,NULL,NULL,NULL,NULL,64,76,110,1,'OPERATIVO','2024',NULL),(146,'2024-02-29 07:42:12',NULL,NULL,NULL,NULL,NULL,NULL,64,76,111,1,'OPERATIVO','2024',NULL),(147,'2024-02-29 07:42:12',NULL,NULL,NULL,NULL,NULL,NULL,64,76,85,1,'OPERATIVO','2024',NULL),(148,'2024-02-29 07:42:13',NULL,NULL,NULL,NULL,NULL,NULL,64,76,123,1,'OPERATIVO','2024',NULL),(149,'2024-02-29 07:42:13',NULL,NULL,NULL,NULL,NULL,NULL,86,71,41,1,'ADMINISTRATIVO','2024',NULL),(150,'2024-02-29 07:42:14',NULL,NULL,NULL,NULL,NULL,NULL,42,30,43,1,'OPERATIVO','2024',NULL),(151,'2024-02-29 07:42:14',NULL,NULL,NULL,NULL,NULL,NULL,64,76,108,1,'OPERATIVO','2024',NULL),(152,'2024-02-29 07:42:14',NULL,NULL,NULL,NULL,NULL,NULL,64,76,73,1,'OPERATIVO','2024',NULL),(153,'2024-02-29 07:42:15',NULL,NULL,NULL,NULL,NULL,NULL,52,30,51,1,'ADMINISTRATIVO','2024',NULL),(154,'2024-02-29 07:42:15',NULL,NULL,NULL,NULL,NULL,NULL,56,52,62,1,'OPERATIVO','2024',NULL),(155,'2024-02-29 07:42:16',NULL,NULL,NULL,NULL,NULL,NULL,63,76,118,1,'OPERATIVO','2024',NULL),(156,'2024-02-29 07:42:16',NULL,NULL,NULL,NULL,NULL,NULL,63,76,81,1,'OPERATIVO','2024',NULL),(157,'2024-02-29 07:42:16',NULL,NULL,NULL,NULL,NULL,NULL,63,76,120,1,'OPERATIVO','2024',NULL),(158,'2024-02-29 07:42:17',NULL,NULL,NULL,NULL,NULL,NULL,15,71,27,1,'ADMINISTRATIVO','2024',NULL),(159,'2024-02-29 07:42:17',NULL,NULL,NULL,NULL,NULL,NULL,71,71,15,1,'DIRECTIVO','2024',NULL),(160,'2024-02-29 07:42:17',NULL,NULL,NULL,NULL,NULL,NULL,45,30,40,1,'ADMINISTRATIVO','2024',NULL),(161,'2024-02-29 07:42:17',NULL,NULL,NULL,NULL,NULL,NULL,15,71,21,1,'DIRECTIVO','2024',NULL),(162,'2024-02-29 07:42:18',NULL,NULL,NULL,NULL,NULL,NULL,53,71,105,1,'ADMINISTRATIVO','2024',NULL),(163,'2024-02-29 07:42:18',NULL,NULL,NULL,NULL,NULL,NULL,64,76,114,1,'OPERATIVO','2024',NULL),(164,'2024-02-29 07:42:19',NULL,NULL,NULL,NULL,NULL,NULL,64,76,75,1,'OPERATIVO','2024',NULL),(165,'2024-02-29 07:42:19',NULL,NULL,NULL,NULL,NULL,NULL,64,76,112,1,'OPERATIVO','2024',NULL),(166,'2024-02-29 07:42:19',NULL,NULL,NULL,NULL,NULL,NULL,63,76,109,1,'OPERATIVO','2024',NULL),(167,'2024-02-29 07:42:20',NULL,NULL,NULL,NULL,NULL,NULL,64,76,77,1,'OPERATIVO','2024',NULL),(168,'2024-02-29 07:42:20',NULL,NULL,NULL,NULL,NULL,NULL,56,52,60,1,'OPERATIVO','2024',NULL),(169,'2024-02-29 07:42:20',NULL,NULL,NULL,NULL,NULL,NULL,30,71,52,1,'DIRECTIVO','2024',NULL),(170,'2024-02-29 07:42:21',NULL,NULL,NULL,NULL,NULL,NULL,30,71,12,1,'DIRECTIVO','2024',NULL),(171,'2024-02-29 07:42:21',NULL,NULL,NULL,NULL,NULL,NULL,64,76,83,1,'OPERATIVO','2024',NULL),(172,'2024-02-29 07:42:22',NULL,NULL,NULL,NULL,NULL,NULL,39,45,38,1,'OPERATIVO','2024',NULL),(173,'2024-02-29 07:42:22',NULL,NULL,NULL,NULL,NULL,NULL,63,76,82,1,'OPERATIVO','2024',NULL),(174,'2024-02-29 07:42:22',NULL,NULL,NULL,NULL,NULL,NULL,56,52,57,1,'OPERATIVO','2024',NULL),(175,'2024-02-29 07:42:23',NULL,NULL,NULL,NULL,NULL,NULL,63,76,116,1,'OPERATIVO','2024',NULL),(176,'2024-02-29 07:42:23',NULL,NULL,NULL,NULL,NULL,NULL,51,52,48,1,'OPERATIVO','2024',NULL),(177,'2024-02-29 07:42:23',NULL,NULL,NULL,NULL,NULL,NULL,63,76,113,1,'OPERATIVO','2024',NULL),(178,'2024-02-29 07:42:24',NULL,NULL,NULL,NULL,NULL,NULL,63,76,93,1,'OPERATIVO','2024',NULL),(179,'2024-02-29 07:42:24',NULL,NULL,NULL,NULL,NULL,NULL,64,76,68,1,'OPERATIVO','2024',NULL),(180,'2024-02-29 07:42:24',NULL,NULL,NULL,NULL,NULL,NULL,3,30,5,1,'OPERATIVO','2024',NULL),(181,'2024-02-29 07:42:25',NULL,NULL,NULL,NULL,NULL,NULL,64,76,94,1,'OPERATIVO','2024',NULL),(182,'2024-02-29 07:42:25',NULL,NULL,NULL,NULL,NULL,NULL,39,45,37,1,'OPERATIVO','2024',NULL),(184,'2024-02-29 07:42:26',NULL,NULL,NULL,NULL,NULL,NULL,46,52,54,1,'OPERATIVO','2024',NULL),(185,'2024-02-29 07:42:26',NULL,NULL,NULL,NULL,NULL,NULL,52,30,56,1,'ADMINISTRATIVO','2024',NULL),(186,'2024-02-29 07:42:26',NULL,NULL,NULL,NULL,NULL,NULL,71,71,30,1,'DIRECTIVO','2024',NULL),(187,'2024-02-29 07:42:27',NULL,NULL,NULL,NULL,NULL,NULL,49,21,24,1,'ADMINISTRATIVO','2024',NULL),(188,'2024-02-29 07:42:27',NULL,NULL,NULL,NULL,NULL,NULL,30,71,3,1,'DIRECTIVO','2024',NULL),(189,'2024-02-29 07:42:28',NULL,NULL,NULL,NULL,NULL,NULL,1,30,8,1,'ADMINISTRATIVO','2024',NULL),(190,'2024-02-29 07:42:28',NULL,NULL,NULL,NULL,NULL,NULL,12,30,124,1,'OPERATIVO','2024',NULL),(191,'2024-02-29 07:42:28',NULL,NULL,NULL,NULL,NULL,NULL,40,45,126,1,'ADMINISTRATIVO','2024',NULL),(192,'2024-02-29 07:42:29',NULL,NULL,NULL,NULL,NULL,NULL,12,30,34,1,'OPERATIVO','2024',NULL),(193,'2024-02-29 07:42:29',NULL,NULL,NULL,NULL,NULL,NULL,64,76,78,1,'OPERATIVO','2024',NULL),(194,'2024-02-29 07:42:30',NULL,NULL,NULL,NULL,NULL,NULL,3,30,17,1,'ADMINISTRATIVO','2024',NULL),(195,'2024-02-29 07:42:30',NULL,NULL,NULL,NULL,NULL,NULL,1,30,65,1,'ADMINISTRATIVO','2024',NULL),(196,'2024-02-29 07:42:30',NULL,NULL,NULL,NULL,NULL,NULL,30,71,76,1,'DIRECTIVO','2024',NULL),(197,'2024-02-29 07:42:31',NULL,NULL,NULL,NULL,NULL,NULL,30,71,45,1,'DIRECTIVO','2024',NULL),(198,'2024-02-29 07:42:31',NULL,NULL,NULL,NULL,NULL,NULL,64,76,117,1,'OPERATIVO','2024',NULL),(199,'2024-02-29 07:42:31',NULL,NULL,NULL,NULL,NULL,NULL,46,52,107,1,'OPERATIVO','2024',NULL),(200,'2024-02-29 07:42:32',NULL,NULL,NULL,NULL,NULL,NULL,71,71,102,1,'DIRECTIVO','2024',NULL),(201,'2024-02-29 07:42:32',NULL,NULL,NULL,NULL,NULL,NULL,41,30,42,1,'ADMINISTRATIVO','2024',NULL),(202,'2024-02-29 07:42:32',NULL,NULL,NULL,NULL,NULL,NULL,56,52,59,1,'OPERATIVO','2024',NULL),(203,'2024-02-29 07:42:33',NULL,NULL,NULL,NULL,NULL,NULL,76,76,101,1,'OPERATIVO','2024',NULL),(204,'2024-02-29 07:42:33',NULL,NULL,NULL,NULL,NULL,NULL,63,76,88,1,'OPERATIVO','2024',NULL),(205,'2024-02-29 07:42:34',NULL,NULL,NULL,NULL,NULL,NULL,76,30,64,1,'ADMINISTRATIVO','2024',NULL),(206,'2024-02-29 07:42:34',NULL,NULL,NULL,NULL,NULL,NULL,2,1,125,1,'ADMINISTRATIVO','2024',NULL),(207,'2024-02-29 07:42:34',NULL,NULL,NULL,NULL,NULL,NULL,21,15,49,1,'ADMINISTRATIVO','2024',NULL),(208,'2024-02-29 07:42:35',NULL,NULL,NULL,NULL,NULL,NULL,64,76,128,1,'OPERATIVO','2024',NULL),(209,'2024-02-29 07:42:35',NULL,NULL,NULL,NULL,NULL,NULL,42,30,47,1,'OPERATIVO','2024',NULL),(210,'2024-02-29 07:42:36',NULL,NULL,NULL,NULL,NULL,NULL,76,30,63,1,'ADMINISTRATIVO','2024',NULL),(211,'2024-02-29 07:42:36',NULL,NULL,NULL,NULL,NULL,NULL,3,30,4,1,'ADMINISTRATIVO','2024',NULL),(212,'2024-02-29 07:42:36',NULL,NULL,NULL,NULL,NULL,NULL,63,76,91,1,'OPERATIVO','2024',NULL),(213,'2024-02-29 07:42:37',NULL,NULL,NULL,NULL,NULL,NULL,64,76,87,1,'OPERATIVO','2024',NULL),(214,'2024-02-29 07:42:37',NULL,NULL,NULL,NULL,NULL,NULL,3,30,13,1,'OPERATIVO','2024',NULL),(215,'2024-02-29 07:42:37',NULL,NULL,NULL,NULL,NULL,NULL,21,15,129,1,'ADMINISTRATIVO','2024',NULL),(219,'2024-05-22 14:15:46',NULL,NULL,'2024-05-28 12:24:45','2024-05-28 13:51:08','2024-05-28 13:54:53','2024-05-28 14:01:24',122,122,122,5,'ADMINISTRATIVO','2024',NULL),(220,'2024-05-22 14:16:15',NULL,NULL,'2024-05-28 15:04:40','2024-05-28 15:05:02','2024-05-28 15:05:51','2024-05-28 15:05:51',122,122,122,5,'ADMINISTRATIVO','2024',NULL),(229,'2024-05-29 07:54:24',NULL,NULL,'2024-06-05 08:32:42','2024-06-05 08:34:08','2024-06-05 08:35:29','2024-06-05 08:37:12',95,3,122,5,'ADMINISTRATIVO','2024',NULL),(230,'2024-05-29 07:58:14',NULL,NULL,NULL,NULL,NULL,NULL,52,30,46,1,'ADMINISTRATIVO',NULL,NULL),(232,'2024-06-04 11:34:35',NULL,NULL,NULL,NULL,NULL,NULL,17,3,18,1,'OPERATIVO',NULL,NULL);
/*!40000 ALTER TABLE `tbl_performance_evaluation` ENABLE KEYS */;
UNLOCK TABLES;

--
-- Table structure for table `tbl_psychoactive_substances`
--

DROP TABLE IF EXISTS `tbl_psychoactive_substances`;
/*!40101 SET @saved_cs_client     = @@character_set_client */;
 SET character_set_client = utf8mb4 ;
CREATE TABLE `tbl_psychoactive_substances` (
  `ccn_psychoactive_substances` int NOT NULL AUTO_INCREMENT,
  `psychoactive_substances` varchar(100) DEFAULT NULL,
  PRIMARY KEY (`ccn_psychoactive_substances`)
) ENGINE=InnoDB DEFAULT CHARSET=utf8mb4 COLLATE=utf8mb4_0900_ai_ci;
/*!40101 SET character_set_client = @saved_cs_client */;

--
-- Dumping data for table `tbl_psychoactive_substances`
--

LOCK TABLES `tbl_psychoactive_substances` WRITE;
/*!40000 ALTER TABLE `tbl_psychoactive_substances` DISABLE KEYS */;
/*!40000 ALTER TABLE `tbl_psychoactive_substances` ENABLE KEYS */;
UNLOCK TABLES;

--
-- Table structure for table `tbl_psychoactive_substances_employee`
--

DROP TABLE IF EXISTS `tbl_psychoactive_substances_employee`;
/*!40101 SET @saved_cs_client     = @@character_set_client */;
 SET character_set_client = utf8mb4 ;
CREATE TABLE `tbl_psychoactive_substances_employee` (
  `ccn_psychoactive_substances_employee` int NOT NULL AUTO_INCREMENT,
  `ccn_employee` int DEFAULT NULL,
  `ccn_psychoactive_substances` int DEFAULT NULL,
  PRIMARY KEY (`ccn_psychoactive_substances_employee`),
  KEY `ccn_employee` (`ccn_employee`),
  KEY `ccn_psychoactive_substances` (`ccn_psychoactive_substances`),
  CONSTRAINT `tbl_psychoactive_substances_employee_ibfk_1` FOREIGN KEY (`ccn_employee`) REFERENCES `tbl_employee` (`ccn_employee`),
  CONSTRAINT `tbl_psychoactive_substances_employee_ibfk_2` FOREIGN KEY (`ccn_psychoactive_substances`) REFERENCES `tbl_psychoactive_substances` (`ccn_psychoactive_substances`)
) ENGINE=InnoDB DEFAULT CHARSET=utf8mb4 COLLATE=utf8mb4_0900_ai_ci;
/*!40101 SET character_set_client = @saved_cs_client */;

--
-- Dumping data for table `tbl_psychoactive_substances_employee`
--

LOCK TABLES `tbl_psychoactive_substances_employee` WRITE;
/*!40000 ALTER TABLE `tbl_psychoactive_substances_employee` DISABLE KEYS */;
/*!40000 ALTER TABLE `tbl_psychoactive_substances_employee` ENABLE KEYS */;
UNLOCK TABLES;

--
-- Table structure for table `tbl_race`
--

DROP TABLE IF EXISTS `tbl_race`;
/*!40101 SET @saved_cs_client     = @@character_set_client */;
 SET character_set_client = utf8mb4 ;
CREATE TABLE `tbl_race` (
  `ccn_race` int NOT NULL AUTO_INCREMENT,
  `description_race` varchar(40) NOT NULL,
  PRIMARY KEY (`ccn_race`)
) ENGINE=InnoDB AUTO_INCREMENT=7 DEFAULT CHARSET=utf8mb4 COLLATE=utf8mb4_0900_ai_ci;
/*!40101 SET character_set_client = @saved_cs_client */;

--
-- Dumping data for table `tbl_race`
--

LOCK TABLES `tbl_race` WRITE;
/*!40000 ALTER TABLE `tbl_race` DISABLE KEYS */;
INSERT INTO `tbl_race` VALUES (1,'INDIGENA'),(2,'MESTIZO'),(3,'BLANCO'),(5,'CAMBIO'),(6,'AFROCOLOMBIANO');
/*!40000 ALTER TABLE `tbl_race` ENABLE KEYS */;
UNLOCK TABLES;

--
-- Table structure for table `tbl_relationship`
--

DROP TABLE IF EXISTS `tbl_relationship`;
/*!40101 SET @saved_cs_client     = @@character_set_client */;
 SET character_set_client = utf8mb4 ;
CREATE TABLE `tbl_relationship` (
  `ccn_relationship` int NOT NULL AUTO_INCREMENT,
  `relationship` varchar(50) DEFAULT NULL,
  `relationship_level` varchar(50) DEFAULT NULL,
  PRIMARY KEY (`ccn_relationship`)
) ENGINE=InnoDB AUTO_INCREMENT=28 DEFAULT CHARSET=utf8mb4 COLLATE=utf8mb4_0900_ai_ci;
/*!40101 SET character_set_client = @saved_cs_client */;

--
-- Dumping data for table `tbl_relationship`
--

LOCK TABLES `tbl_relationship` WRITE;
/*!40000 ALTER TABLE `tbl_relationship` DISABLE KEYS */;
INSERT INTO `tbl_relationship` VALUES (1,'CNYUGE','1ER GRADO DE CONSAGUINIDAD'),(2,'HIJO','1ER GRADO DE CONSAGUINIDAD'),(3,'HIJA','1ER GRADO DE CONSAGUINIDAD'),(4,'PADRE','1ER GRADO DE CONSAGUINIDAD'),(5,'MADRE','1ER GRADO DE CONSAGUINIDAD'),(6,'NIETO','2DO GRADO DE CONSAGUINIDAD'),(7,'NIETA','2DO GRADO DE CONSAGUINIDAD'),(8,'HERMANO','2DO GRADO DE CONSAGUINIDAD'),(9,'HERMANA','2DO GRADO DE CONSAGUINIDAD'),(10,'ABUELO','2DO GRADO DE CONSAGUINIDAD'),(11,'ABUELA','2DO GRADO DE CONSAGUINIDAD'),(12,'BIZNIETO','3ER GRADO DE CONSAGUINIDAD'),(13,'BIZNIETA','3ER GRADO DE CONSAGUINIDAD'),(14,'SOBRINO','3ER GRADO DE CONSAGUINIDAD'),(15,'SOBRINA','3ER GRADO DE CONSAGUINIDAD'),(16,'TIO','3ER GRADO DE CONSAGUINIDAD'),(17,'TIA','3ER GRADO DE CONSAGUINIDAD'),(18,'BISABUELO','3ER GRADO DE CONSAGUINIDAD'),(19,'BISABUELA','3ER GRADO DE CONSAGUINIDAD'),(20,'PRIMO','4TO GRADO DE CONSAGUINIDAD'),(21,'PRIMA','4TO GRADO DE CONSAGUINIDAD'),(22,'YERNO','1ER GRADO POR AFINIDAD'),(23,'NUERA','1ER GRADO POR AFINIDAD'),(24,'SUEGRO','1ER GRADO POR AFINIDAD'),(25,'SUEGRA','1ER GRADO POR AFINIDAD'),(26,'CUADO','2DO GRADO POR AFINIDAD'),(27,'CUADA','2DO GRADO POR AFINIDAD');
/*!40000 ALTER TABLE `tbl_relationship` ENABLE KEYS */;
UNLOCK TABLES;

--
-- Table structure for table `tbl_rh`
--

DROP TABLE IF EXISTS `tbl_rh`;
/*!40101 SET @saved_cs_client     = @@character_set_client */;
 SET character_set_client = utf8mb4 ;
CREATE TABLE `tbl_rh` (
  `ccn_rh` int NOT NULL AUTO_INCREMENT,
  `rh` varchar(10) NOT NULL,
  PRIMARY KEY (`ccn_rh`)
) ENGINE=InnoDB AUTO_INCREMENT=9 DEFAULT CHARSET=utf8mb4 COLLATE=utf8mb4_0900_ai_ci;
/*!40101 SET character_set_client = @saved_cs_client */;

--
-- Dumping data for table `tbl_rh`
--

LOCK TABLES `tbl_rh` WRITE;
/*!40000 ALTER TABLE `tbl_rh` DISABLE KEYS */;
INSERT INTO `tbl_rh` VALUES (1,'A+'),(2,'A-'),(3,'B+'),(4,'B-'),(5,'AB+'),(6,'O+'),(7,'O-'),(8,' ');
/*!40000 ALTER TABLE `tbl_rh` ENABLE KEYS */;
UNLOCK TABLES;

--
-- Table structure for table `tbl_roles`
--

DROP TABLE IF EXISTS `tbl_roles`;
/*!40101 SET @saved_cs_client     = @@character_set_client */;
 SET character_set_client = utf8mb4 ;
CREATE TABLE `tbl_roles` (
  `ccn_role` int NOT NULL AUTO_INCREMENT,
  `area` varchar(50) DEFAULT NULL,
  `role` varchar(50) DEFAULT NULL,
  `process` varchar(50) DEFAULT NULL,
  `full_role` varchar(250) DEFAULT NULL,
  PRIMARY KEY (`ccn_role`)
) ENGINE=InnoDB AUTO_INCREMENT=101 DEFAULT CHARSET=utf8mb4 COLLATE=utf8mb4_0900_ai_ci;
/*!40101 SET character_set_client = @saved_cs_client */;

--
-- Dumping data for table `tbl_roles`
--

LOCK TABLES `tbl_roles` WRITE;
/*!40000 ALTER TABLE `tbl_roles` DISABLE KEYS */;
INSERT INTO `tbl_roles` VALUES (1,'AGRICULTURAL OPERATION','MANAGER','AGRICULTURAL','MANAGER -  AGRICULTURAL'),(2,'AGRICULTURAL OPERATION','AGRONOMY ENGINEER','AGRICULTURAL','AGRONOMY ENGINEER -  AGRICULTURAL'),(3,'AGRICULTURAL OPERATION','AGRICULTURAL WORKER','CLONING','AGRICULTURAL WORKER - CLONING'),(4,'AGRICULTURAL OPERATION','AGRICULTURAL WORKER','VEGETATIVE','AGRICULTURAL WORKER - VEGETATIVE'),(5,'AGRICULTURAL OPERATION','AGRICULTURAL WORKER','FLOWERING','AGRICULTURAL WORKER - FLOWERING'),(6,'AGRICULTURAL OPERATION','AGRICULTURAL WORKER','MOTHERS PLANTS','AGRICULTURAL WORKER - MOTHERS PLANTS'),(7,'AGRICULTURAL OPERATION','AGRICULTURAL WORKER','POSTHARVEST','AGRICULTURAL WORKER - POSTHARVEST'),(8,'AGRICULTURAL OPERATION','LEADER AGRICULTURAL WORKER','CLONING','LEADER AGRICULTURAL WORKER - CLONING'),(9,'AGRICULTURAL OPERATION','LEADER AGRICULTURAL WORKER','VEGETATIVE','LEADER AGRICULTURAL WORKER - VEGETATIVE'),(10,'AGRICULTURAL OPERATION','LEADER AGRICULTURAL WORKER','FLOWERING','LEADER AGRICULTURAL WORKER - FLOWERING'),(11,'AGRICULTURAL OPERATION','LEADER AGRICULTURAL WORKER','POSTHARVEST','LEADER AGRICULTURAL WORKER - POSTHARVEST'),(12,'ADMINISTRATION','ADMINSITRATIVE ANALYST','ADMINSITRATIVE','ADMINSITRATIVE ANALYST -  ADMINSITRATIVE'),(13,'HUMAN RESOURCES','GENERAL SERVICES WORKER','HUMAN RESOURCES','GENERAL SERVICES WORKER -  HUMAN RESOURCES'),(14,'CENTRAL DIRECTION','CEO COLOMBIA','CENTRAL DIRECTION','CEO COLOMBIA -  CENTRAL DIRECTION'),(15,'CENTRAL DIRECTION','DIRECTOR','OPERATIONS & TECHNICAL','DIRECTOR - OPERATIONS & TECHNICAL'),(16,'CENTRAL DIRECTION','DIRECTOR','FINANCIAL','DIRECTOR -  FINANCIAL'),(17,'SALES','MANAGER','SALES','MANAGER - SALES'),(18,'COMPLIANCE','MANAGER','COMPLIANCE','MANAGER -  COMPLIANCE'),(19,'COMPLIANCE','COORDINATOR','COMPLIANCE','COORDINATOR -  COMPLIANCE'),(20,'COMPLIANCE','ANALYST','COMPLIANCE','ANALYST -  COMPLIANCE'),(21,'MAINTENANCE','COORDINATOR','ENVIRONMENTAL','COORDINATOR -  ENVIRONMENTAL'),(22,'MAINTENANCE','JUNIOR TECHNICIAN GARDENER','MAINTENANCE','JUNIOR TECHNICIAN GARDENER - MAINTENANCE'),(23,'MAINTENANCE','JUNIOR TECHNICIAN','ENVIRONMENTAL & WATER','JUNIOR TECHNICIAN -  ENVIRONMENTAL & WATER'),(24,'FINANCE','SENIOR ANALYST','FINANCIAL','SENIOR ANALYST -  FINANCIAL'),(25,'FINANCE','SENIOR ACCOUNTANT','FINANCE','SENIOR ACCOUNTANT -  FINANCE'),(26,'FINANCE','ACCOUNTING ANALYST','FINANCE','ACCOUNTING ANALYST -  FINANCE'),(27,'FINANCE','SENIOR ACCOUNTANT','FINANCE','SENIOR ACCOUNTANT -  FINANCE'),(28,'HUMAN RESOURCES','MANAGER','HUMAN RESOURCES','MANAGER -  HUMAN RESOURCES'),(29,'HUMAN RESOURCES','COORDINATOR','PAYROLL','COORDINATOR - PAYROLL'),(30,'HUMAN RESOURCES','COORDINATOR','H&S','COORDINATOR -  H&S'),(31,'HUMAN RESOURCES','INSPECTOR','H&S','INSPECTOR -  H&S'),(32,'IT','MANAGER','IT','MANAGER -  IT'),(33,'IT','COORDINATOR','IT','COORDINATOR -  IT'),(34,'IT','BUSINESS ANALYST','IT','BUSINESS ANALYST -  IT'),(35,'IT','SUPPORT ANALYST','IT','SUPPORT ANALYST -  IT'),(36,'IT','SENIOR APPLICATIONS ANALYST ','IT','SENIOR APPLICATIONS ANALYST  -  IT'),(37,'IT','APPLICATIONS ANALYST ','IT','APPLICATIONS ANALYST  - IT'),(38,'LEGAL','MANAGER','LEGAL','MANAGER -  LEGAL'),(39,'LEGAL','ANALYST','LEGAL','ANALYST -  LEGAL'),(40,'MAINTENANCE','MANAGER','MAINTENANCE','MANAGER - MAINTENANCE'),(41,'MAINTENANCE','COORDINATOR ','CIVIL & CONSTRUCTION','COORDINATOR  -  CIVIL & CONSTRUCTION'),(42,'MAINTENANCE','COORDINATOR','MAINTENANCE','COORDINATOR - MAINTENANCE'),(43,'MAINTENANCE','CONSTRUCTION OPERATOR','MAINTENANCE','CONSTRUCTION OPERATOR - MAINTENANCE'),(44,'MAINTENANCE','TECHNICIAN','ENVIRONMENTAL & WATER','TECHNICIAN -  ENVIRONMENTAL & WATER'),(45,'MAINTENANCE','ASSISTANT ','MAINTENANCE','ASSISTANT  - MAINTENANCE'),(46,'MAINTENANCE','JUNIOR TECHNICIAN ','MAINTENANCE','JUNIOR TECHNICIAN  - MAINTENANCE'),(47,'MAINTENANCE','TECHNICIAN','MAINTENANCE','TECHNICIAN - MAINTENANCE'),(48,'FINANCE','MANAGER','PROCUREMENT & COMEX','MANAGER - PROCUREMENT & COMEX'),(49,'FINANCE','COORDINATOR','PROCUREMENT & COMEX','COORDINATOR -  PROCUREMENT & COMEX'),(50,'FINANCE','ANALYST','PROCUREMENT & COMEX','ANALYST -  PROCUREMENT & COMEX'),(51,'PRODUCTION & MANUFACTURE','MANAGER','PRODUCTION & MANUFACTURE','MANAGER - PRODUCTION & MANUFACTURE'),(52,'PRODUCTION & MANUFACTURE','COORDINATOR','PRODUCTION & MANUFACTURE','COORDINATOR -  PRODUCTION & MANUFACTURE'),(53,'PRODUCTION & MANUFACTURE','OPERATOR','PRODUCTION & MANUFACTURE','OPERATOR -  PRODUCTION & MANUFACTURE'),(54,'QUALITY ASSURANCE','MANAGER','QUALITY ASSURANCE','MANAGER -  QUALITY ASSURANCE'),(55,'QUALITY ASSURANCE','COORDINATOR','QUALITY ASSURANCE','COORDINATOR -  QUALITY ASSURANCE'),(56,'QUALITY ASSURANCE','ANALYST','QUALITY ASSURANCE','ANALYST -  QUALITY ASSURANCE'),(57,'QUALITY CONTROL','MANAGER','QUALITY CONTROL','MANAGER -  QUALITY CONTROL'),(58,'QUALITY CONTROL','COORDINATOR','QUALITY CONTROL','COORDINATOR -  QUALITY CONTROL'),(59,'QUALITY CONTROL','ANALYST','QUALITY CONTROL','ANALYST -  QUALITY CONTROL'),(60,'QUALITY CONTROL','OPERATOR','QUALITY CONTROL','OPERATOR -  QUALITY CONTROL'),(61,'QUALITY CONTROL','AUXILIAR','QUALITY CONTROL','AUXILIAR -  QUALITY CONTROL'),(62,'SECURITY',' MANAGER','SECURITY',' MANAGER -  SECURITY'),(63,'SECURITY','COORDINATOR','SECURITY','COORDINATOR -  SECURITY'),(64,'SECURITY','PARATEBUENO ADMINISTRATOR','SECURITY','PARATEBUENO ADMINISTRATOR -  SECURITY'),(65,'SALES','COORDINATOR','SALES','COORDINATOR -  SALES'),(74,'PROCUREMENT & COMEX','COORDINATOR','SUPPLY','COORDINATOR - SUPPLY'),(75,'LOGISTICS & WAREHOUSE ','ANALYST','WAREHOUSE','ANALYST - WAREHOUSE'),(76,'LOGISTICS & WAREHOUSE ','ANALYST','LOGISTIC','ANALYST - LOGISTIC'),(77,'LOGISTICS & WAREHOUSE ','AUXILIAR','LOGISTIC','AUXILIAR - LOGISTIC'),(78,'LOGISTICS & WAREHOUSE ','COORDINATOR','LOGISTICS & WAREHOUSE ','COORDINATOR - LOGISTICS & WAREHOUSE '),(79,'HUMAN RESOURCES','GENERAL SERVICES WORKER','HUMAN RESOURCES','GENERAL SERVICES WORKERHUMAN RESOURCES'),(80,'CENTRAL DIRECTION','DIRECTOR','OPERATIONAL & TECHNICAL','DIRECTOR - OPERATIONAL & TECHNICAL'),(81,'AGRICULTURAL OPERATION','AGRICULTURAL WORKER','MIRFE','AGRICULTURAL WORKER - MIRFE'),(82,'AGRICULTURAL OPERATION','LEADER AGRICULTURAL WORKER','MIRFE','LEADER AGRICULTURAL WORKER - MIRFE'),(84,'AGRICULTURAL OPERATION','LEADER AGRICULTURAL WORKER','MIPE','LEADER AGRICULTURAL WORKER - MIPE'),(85,'SALES','PRACTICE SENA','SALES','PRACTICE SENA - SALES'),(86,'AGRICULTURAL OPERATION','LEADER AGRICULTURAL WORKER','MOTHERS PLANTS','LEADER AGRICULTURAL WORKER - MOTHERS PLANTS'),(87,'AGRICULTURAL OPERATION','AGRICULTURAL WORKER','MIPE','AGRICULTURAL WORKER - MIPE'),(88,'IT','PRACTICE SENA','IT','PRACTICE SENAIT'),(89,'MAINTENANCE','PRACTICE SENA','MAINTENANCE','PRACTICE SENAMAINTENANCE'),(90,'PLENA PER','COUNTRY MANAGER','PLENA PER','COUNTRY MANAGER - PLENA PER'),(91,'PLENA PER','MANAGER','LATAM SALES','MANAGER - LATAM SALES'),(92,'QUALITY','MANAGER','QUALITY','MANAGER QUALITY'),(93,'QUALITY','COORDINATOR JR.','ASSURANCE','COORDINATOR JR. ASSURANCE'),(94,'HUMAN RESOURCES','ANALYST','HUMAN RESOURCES','ANALYST HUMAN RESOURCES'),(95,'HUMAN RESOURCES','INTER','H&S','INTER H&S'),(96,'ADMINISTRATION','VISUALIZACION','ADMINISTRATIVE','VISUALIZACION - ADMINISTRATIVE'),(97,'IT','UX/UI DESIGN ANALYST','IT','UX/UI DESIGN ANALYST IT'),(98,'MARKETING','MANAGER','MARKETING','MANAGER - MARKETING'),(99,'MARKETING','COORDINATOR','MARKETING','COORDINATOR - MARKETING'),(100,'MARKETING','PRACTICANTE SENA','MARKETING','PRACTICANTE SENA - MARKETING');
/*!40000 ALTER TABLE `tbl_roles` ENABLE KEYS */;
UNLOCK TABLES;

--
-- Table structure for table `tbl_schooling_level`
--

DROP TABLE IF EXISTS `tbl_schooling_level`;
/*!40101 SET @saved_cs_client     = @@character_set_client */;
 SET character_set_client = utf8mb4 ;
CREATE TABLE `tbl_schooling_level` (
  `ccn_schooling_level` int NOT NULL AUTO_INCREMENT,
  `description_schooling_level` varchar(40) NOT NULL,
  PRIMARY KEY (`ccn_schooling_level`)
) ENGINE=InnoDB AUTO_INCREMENT=17 DEFAULT CHARSET=utf8mb4 COLLATE=utf8mb4_0900_ai_ci;
/*!40101 SET character_set_client = @saved_cs_client */;

--
-- Dumping data for table `tbl_schooling_level`
--

LOCK TABLES `tbl_schooling_level` WRITE;
/*!40000 ALTER TABLE `tbl_schooling_level` DISABLE KEYS */;
INSERT INTO `tbl_schooling_level` VALUES (3,'PRIMARIA COMPLETA'),(4,'PRIMARIA INCOMPLETA'),(5,'SECUNDARIA COMPLETA'),(6,'SECUNDARIA INCOMPLETA'),(7,'TCNICO'),(8,'TECNLOGO'),(9,'PROFESIONAL'),(10,'POSTGRADO'),(11,'ANALFABETA'),(12,' '),(14,'PRIMERA INFANCIA'),(15,'ESPECIALIZACIN'),(16,'MAESTRIA');
/*!40000 ALTER TABLE `tbl_schooling_level` ENABLE KEYS */;
UNLOCK TABLES;

--
-- Table structure for table `tbl_sociodemographic_data`
--

DROP TABLE IF EXISTS `tbl_sociodemographic_data`;
/*!40101 SET @saved_cs_client     = @@character_set_client */;
 SET character_set_client = utf8mb4 ;
CREATE TABLE `tbl_sociodemographic_data` (
  `ccn_sociodemographic_data` int NOT NULL AUTO_INCREMENT,
  `ccn_employee` int NOT NULL,
  `other_dependents` varchar(50) NOT NULL,
  `relatives` int NOT NULL,
  `people_with_disabilities` int NOT NULL,
  `monthly_income` int NOT NULL,
  `is_income_enougth` varchar(50) NOT NULL,
  `where_its_located` varchar(100) NOT NULL,
  `residence_address` varchar(150) NOT NULL,
  `type_transportation` varchar(150) NOT NULL,
  `social_stratum` int NOT NULL,
  `electric_power` varchar(50) NOT NULL,
  `sewerage` varchar(50) NOT NULL,
  `aqueduct` varchar(50) NOT NULL,
  `natural_gas` varchar(50) NOT NULL,
  `garbage_collection` varchar(50) NOT NULL,
  `landline` varchar(50) NOT NULL,
  `debts` varchar(50) NOT NULL,
  `debt_refinancing` varchar(50) NOT NULL,
  `computer_at_home` varchar(50) NOT NULL,
  `have_internet_access` varchar(50) NOT NULL,
  `ccn_sub_house_type` int NOT NULL,
  `ccn_house_type` int NOT NULL,
  `type_transportation_2` varchar(150) NOT NULL,
  `how_many_people_in_change` int NOT NULL,
  `neighborhood` varchar(200) NOT NULL,
  PRIMARY KEY (`ccn_sociodemographic_data`),
  UNIQUE KEY `ccn_employee_2` (`ccn_employee`),
  KEY `ccn_house_type` (`ccn_house_type`),
  KEY `ccn_sub_house_type` (`ccn_sub_house_type`),
  KEY `ccn_employee` (`ccn_employee`),
  CONSTRAINT `tbl_sociodemographic_data_ibfk_1` FOREIGN KEY (`ccn_house_type`) REFERENCES `tbl_house_type` (`ccn_house_type`),
  CONSTRAINT `tbl_sociodemographic_data_ibfk_2` FOREIGN KEY (`ccn_sub_house_type`) REFERENCES `tbl_subhouse_type` (`ccn_sub_house_type`),
  CONSTRAINT `tbl_sociodemographic_data_ibfk_3` FOREIGN KEY (`ccn_employee`) REFERENCES `tbl_employee` (`ccn_employee`)
) ENGINE=InnoDB AUTO_INCREMENT=125 DEFAULT CHARSET=utf8mb4 COLLATE=utf8mb4_0900_ai_ci;
/*!40101 SET character_set_client = @saved_cs_client */;

--
-- Dumping data for table `tbl_sociodemographic_data`
--

LOCK TABLES `tbl_sociodemographic_data` WRITE;
/*!40000 ALTER TABLE `tbl_sociodemographic_data` DISABLE KEYS */;
INSERT INTO `tbl_sociodemographic_data` VALUES (1,10,'SI',2,0,2,'NO','URBANA','CARRERA 54 B # 175 30 T2 A514 ','RUTA',4,'SI','SI','SI','SI','SI','NO','SI','SI','SI','NO',1,2,'',0,''),(2,11,'NO',2,0,15,'SI','URBANA','CALLE 163 B 50 80 T10 A 433','VEHICULO',3,'SI','SI','SI','SI','SI','NO','SI','SI','SI','SI',1,1,'',0,''),(3,12,'SI',3,0,8,'SI','URBANA','CALLE 4 # 1 25 E A303','RUTA',2,'SI','SI','SI','SI','SI','NO','SI','NO','SI','SI',1,2,'',0,''),(4,9,'NO',2,0,6,'SI','SUBURBANA','CALLE 11 B 04 75 BARRIO EL FUT','RUTA',2,'SI','SI','SI','SI','SI','NO','SI','NO','SI','SI',2,1,'',0,''),(5,13,'SI',6,0,2,'SI','URBANA','CALLE 4 # 6 33 LA ESTACN','BICICLETA',1,'SI','SI','SI','SI','SI','NO','SI','NO','NO','NO',2,1,'',0,''),(6,14,'NO',3,0,25,'SI','SUBURBANA','CRA 2 # 16 45 SAN FRANCISCO','TRANSPORTE PUBLICO',4,'SI','SI','SI','SI','SI','NO','SI','NO','SI','SI',2,3,'',0,''),(7,3,'SI',3,0,8,'SI','URBANA','CALLE 1 A SUR 71 D 52','RUTA',3,'SI','SI','SI','SI','SI','NO','SI','SI','SI','SI',1,1,'',0,''),(8,16,'SI',4,0,5,'SI','URBANA','CRA 8 F # 166 37 T2 A 504','RUTA',4,'SI','SI','SI','SI','SI','SI','SI','SI','SI','SI',1,2,'',0,''),(9,17,'SI',3,0,3,'SI','RURAL','VDA LA PUERTA SECTOR EL PALENQ','RUTA',2,'SI','NO','SI','SI','SI','NO','NO','NO','SI','SI',2,2,'',0,''),(10,18,'SI',4,0,3,'SI','URBANA','CALLE 6 SUR # 6 B 08 ','RUTA',3,'SI','SI','SI','SI','SI','NO','NO','NO','SI','SI',2,3,'',0,''),(11,19,'NO',1,0,2,'SI','SUBURBANA','CRA 8 # 7 - 77 T1 A602','RUTA',2,'SI','SI','SI','SI','SI','NO','NO','NO','SI','SI',1,1,'',0,''),(12,20,'NO',2,0,2,'NO','URBANA','CALLE 70 # 87 A 96 A301','RUTA',3,'SI','SI','SI','SI','SI','SI','NO','NO','SI','SI',1,3,'',0,''),(13,21,'SI',4,0,9,'SI','URBANA','CALLE 77 # 111-30','RUTA',3,'SI','SI','SI','SI','SI','NO','SI','SI','SI','SI',2,1,'VEHICULO',0,''),(14,22,'NO',5,0,10,'SI','URBANA','CALLE 6 # 6 10 COJ LAS ACACIAS','RUTA',3,'SI','SI','SI','SI','SI','NO','SI','NO','SI','SI',2,3,'',0,''),(15,23,'NO',2,0,4,'SI','URBANA','CRA 7 A ESTE # 45 11 SUR','RUTA',2,'SI','SI','SI','SI','SI','NO','SI','NO','SI','SI',1,3,'TRANSPORTE PUBLICO',0,''),(16,24,'SI',4,0,3,'SI','URBANA','CALLE 57 A SUR # 70 A 27','RUTA',3,'SI','SI','SI','SI','SI','SI','SI','SI','SI','SI',2,1,'MOTO',0,''),(17,25,'NO',1,0,3,'SI','URBANA','CALLE 64 B # 81 A 20','MOTO',3,'SI','SI','SI','SI','SI','NO','SI','NO','SI','SI',1,1,'RUTA',0,''),(18,26,'SI',3,0,9,'SI','URBANA','CALLE 163 # 62 - 95 AP304 T1','TRANSPORTE PUBLICO',4,'SI','SI','SI','SI','SI','NO','SI','NO','SI','SI',1,1,'VEHICULO',0,''),(19,27,'SI',4,0,4,'NO','RURAL','MOSQUERA','VEHICULO',3,'SI','SI','SI','SI','SI','NO','SI','NO','SI','SI',1,3,'',0,''),(20,4,'SI',1,0,6,'NO','URBANA','CLL 118 # 49 38 ALHANMBRA SUAZA TORRE2 APTO 105  ','RUTA',5,'SI','SI','SI','SI','SI','NO','SI','SI','SI','SI',1,2,'',0,''),(21,28,'SI',3,0,9,'SI','URBANA','CALLE 169 # 16 C 70 CONJ ARCADIA 2 TORRE 6 APTO 301','RUTA',4,'SI','SI','SI','SI','SI','NO','SI','SI','SI','SI',1,1,'VEHICULO',0,''),(22,29,'NO',2,0,14,'SI','URBANA','DIAG 4 B BIS # 30 26 TORRE 4 APTO 915 CNJUNTO LUCCA','RUTA',4,'SI','SI','SI','SI','SI','NO','SI','NO','SI','SI',1,2,'VEHICULO',0,''),(23,30,'NO',1,0,18,'SI','URBANA','KM 2.5 VIA CAJICA TABIO CONDOMINIO BOSQUES DE LA MONTAA CASA 85','VEHICULO',5,'SI','SI','SI','SI','SI','NO','SI','SI','SI','SI',2,2,'',0,''),(24,32,'SI',5,1,3,'SI','URBANA','TRANSVERSAL 32 # 8 - 35 CONJUNTO SENDEROS DE VILLA MARIA TORRE 14 APTO 201','RUTA',1,'SI','SI','SI','SI','SI','NO','SI','NO','SI','SI',1,1,'TRANSPORTE PUBLICO',0,''),(25,33,'SI',4,0,1,'SI','URBANA','CARRERA 8 # 7 - 77 SUR CONJUNTORUBY TORRE 6 APTO203','BICICLETA',2,'SI','SI','SI','SI','SI','NO','SI','SI','SI','SI',1,3,'MOTO',0,''),(26,8,'SI',3,0,1,'SI','URBANA','BARRIO CONDALIAS TORRE 2 APTO 301','RUTA',2,'SI','SI','SI','SI','SI','NO','SI','SI','SI','SI',1,1,'BICICLETA',0,''),(27,36,'NO',2,0,4,'SI','URBANA','CALLE 44 # 14 30 APTO 204','RUTA',4,'SI','SI','SI','NO','SI','SI','SI','NO','SI','SI',1,1,'TRANSPORTE PUBLICO',0,''),(28,34,'NO',2,0,2,'SI','URBANA','CALLE 4 # 4 67 BARRIO CENTRO','MOTO',2,'SI','SI','SI','SI','SI','NO','SI','SI','SI','SI',1,1,'RUTA',0,''),(29,35,'SI',2,0,1,'SI','RURAL','NEMOCN VEREDA SUSATA','BICICLETA',2,'SI','NO','SI','SI','SI','NO','SI','NO','SI','SI',2,3,'MOTO',0,''),(30,37,'NO',2,0,2,'SI','URBANA','TRANSVERSAL 1 # 1 15 BARRIO VILLA LUZ','RUTA',2,'SI','SI','SI','SI','SI','NO','SI','NO','SI','SI',1,1,'BICICLETA',0,''),(31,38,'SI',2,0,6,'SI','URBANA','CARRERA 8 B 108 08 BARRIO SANTA ANA ','RUTA',4,'SI','SI','SI','SI','SI','NO','NO','NO','SI','SI',2,1,'VEHICULO',0,''),(32,39,'SI',3,0,4,'SI','URBANA','CARRERA 10 # 183 29 BARRIO SAN ANTONIO','RUTA',3,'SI','SI','SI','SI','SI','SI','SI','SI','SI','SI',2,3,'',0,''),(33,40,'NO',1,0,2,'SI','URBANA','CALLE 26 # 17 66 CONJUNTO HACIENDA SAN RAFAEL TORRE 15 APTO 548','RUTA',3,'SI','SI','SI','SI','SI','NO','SI','NO','SI','SI',1,1,'',0,''),(34,41,'SI',3,0,4,'SI','URBANA','CARRERA 65 # 103 51 CONJUNTO BOSQUES DEL NORTE BLOQUE 2 INTERIOR 3 APTO 303','RUTA',4,'SI','SI','SI','SI','SI','NO','SI','SI','SI','SI',1,3,'VEHICULO',0,''),(35,42,'NO',5,0,13,'SI','URBANA','TRANSAVERSAL 17 # 5 72 BARRIO LAS DELICIASCONJUNTO SANTA ELENA CASA 321','RUTA',3,'SI','SI','SI','SI','SI','SI','NO','NO','SI','SI',2,3,'',0,''),(36,43,'SI',2,0,1,'SI','URBANA','CALLE 28 A # 22 A 92 CONJUNTO FLORESTA SAN RAFAEL TORRE 5 APTO 617','RUTA',2,'SI','SI','SI','SI','SI','NO','NO','NO','SI','SI',1,3,'MOTO',0,''),(37,44,'NO',1,0,6,'NO','URBANA','CARRERA 26 # 45 C 77 APTO 601 EDIFCIO SAN SEBASTIAN','RUTA',3,'SI','SI','SI','SI','SI','NO','SI','SI','SI','SI',1,1,'TRANSPORTE PUBLICO',0,''),(38,45,'NO',1,0,7,'SI','URBANA','CARERA 54 D # 189 - 59 INTERIOR 4 APTO 403 CONJUNTO MIRANDELA 6','RUTA',4,'SI','SI','SI','SI','SI','SI','SI','SI','SI','SI',1,1,'',0,''),(39,1,'NO',4,0,6,'SI','URBANA','CARERA 93 # 68 07 BARRIO FLORIDA BLANCA','RUTA',3,'SI','SI','SI','SI','SI','SI','SI','NO','SI','SI',2,3,'MOTO',0,''),(40,46,'NO',4,0,6,'SI','URBANA','CARRERA 6A 5B - 40 BARRIO LUIS CARLOS GALAN','RUTA',2,'SI','SI','SI','SI','SI','NO','SI','SI','SI','SI',2,2,'TRANSPORTE PUBLICO',0,''),(41,2,'SI',3,0,4,'SI','URBANA','CARRERA 145 # 150 - 01 CONJUNTO  RESERVA DE SUBA TORRE 1 APTO 1001','RUTA',3,'SI','SI','SI','SI','SI','NO','NO','NO','SI','SI',1,1,'',0,''),(42,5,'SI',3,0,2,'SI','URBANA','BARRIO DIVINO NIO','BICICLETA',1,'SI','SI','SI','SI','SI','NO','SI','SI','SI','SI',1,1,'RUTA',0,''),(43,47,'SI',4,0,2,'NO','URBANA','CALLE 11 B # 4 - 35 3ER PISO BARRIO EL FUTURO','MOTO',2,'SI','SI','SI','SI','SI','NO','SI','SI','NO','SI',1,2,'BICICLETA',0,''),(44,48,'NO',2,0,2,'SI','URBANA','BARRIO VILLA LUZ PISO 3','RUTA',2,'SI','SI','SI','SI','SI','NO','SI','SI','SI','NO',1,1,'',0,''),(45,49,'NO',1,0,4,'SI','URBANA','CALLE 8 # 86 65 TORRE 2 APTO 1710 CONJUNTO CASTILLA IMPERIAL BARRIO CASTILLA','RUTA',3,'SI','SI','SI','SI','SI','NO','SI','NO','SI','SI',1,2,'',0,''),(46,50,'NO',5,0,2,'SI','URBANA','CARRERA 7 77 SUR TORRE 7 APTO 101 BARRIO OBRERO','MOTO',1,'SI','SI','SI','SI','SI','NO','NO','NO','SI','SI',1,2,'',0,''),(47,51,'NO',1,0,4,'SI','URBANA','CALLE 132 A 19 - 51 EDIFICIO CATAMA APTO 202 BARRIO LA CALLEJA','RUTA',5,'SI','SI','SI','SI','SI','NO','NO','NO','SI','SI',1,1,'VEHICULO',0,''),(48,52,'SI',2,0,18,'SI','URBANA','CALLE 155 # 14 - 10 CASA 27 CONJUNTO RESIDENCIAL CALAMARI','RUTA',4,'SI','SI','SI','SI','SI','NO','SI','SI','SI','SI',2,2,'MOTO',0,''),(49,53,'NO',1,0,15,'SI','URBANA','CALLE 52 A # 9 62 APTP 202B EDIFICIO VELEZ PERDOMO BARRIO CHAPINERO','RUTA',4,'SI','SI','SI','SI','SI','NO','NO','NO','SI','SI',1,1,'VEHICULO',0,''),(50,54,'SI',5,0,3,'NO','URBANA','GACHANCIPA VEREDA SAN MARTIN SECTOR LA ESCUELA','MOTO',1,'SI','NO','SI','NO','SI','NO','SI','NO','NO','SI',2,2,'',0,''),(51,55,'SI',3,0,3,'SI','RURAL','BARRIO SAN JOSE DE LA VEGA CARRERA 6 # 10 - 85 CASA 142','MOTO',2,'SI','SI','SI','SI','SI','NO','NO','NO','SI','SI',2,2,'BICICLETA',0,''),(52,56,'NO',1,0,4,'SI','URBANA','TORRE 17 APTO 601 BARRIO ZAFIRO','MOTO',2,'SI','SI','SI','SI','SI','NO','SI','SI','SI','SI',1,1,'',0,''),(53,57,'SI',4,0,3,'SI','URBANA','CALLE 10 # 32 55 APTO 403 TORRE 11 CONJUNTO ALTOS DE VILLA MARIA BARRIO VILLA MARIA','RUTA',2,'SI','SI','SI','SI','SI','NO','SI','SI','NO','SI',1,1,'MOTO',0,''),(54,58,'SI',1,0,1,'SI','URBANA','CALLE 8 SUR # 8 52 CONJUNTO ZAFIRO TORRE 5 APTO 601','MOTO',2,'SI','SI','SI','SI','SI','NO','SI','NO','NO','SI',1,2,'BICICLETA',0,''),(55,59,'SI',2,0,1,'SI','URBANA','CALLE 8 # 6 26 BARRIO OBRERO ','VEHICULO',2,'SI','SI','SI','SI','SI','NO','SI','SI','SI','SI',1,1,'',0,''),(56,60,'SI',2,0,1,'SI','URBANA','CALLE 8 SUR # 8 52 CONJUNTO RUBY TORRE 4 APTO 602','RUTA',1,'SI','SI','SI','SI','SI','NO','NO','NO','SI','SI',1,1,'BICICLETA',0,''),(57,61,'SI',4,0,1,'SI','SUBURBANA','CARRERA 10 # 5 81 BARRIO SAN MIGUEL','RUTA',1,'SI','SI','SI','SI','SI','NO','SI','SI','SI','SI',2,3,'VEHICULO',0,''),(58,62,'NO',4,0,3,'SI','RURAL','CALLE 9 # 5 35 BARRIO SAN RAFAEL','RUTA',1,'SI','SI','SI','SI','SI','NO','SI','SI','SI','SI',2,1,'BICICLETA',0,''),(59,63,'NO',1,0,7,'SI','SUBURBANA','CARRERA 11 ESTE # 5 - 90 INT 17 APTO 403 CONJUNTO PARQUES DE HATOGRANDE','VEHICULO',2,'SI','SI','SI','SI','SI','NO','SI','NO','NO','SI',1,1,'',0,''),(60,64,'SI',3,0,9,'SI','SUBURBANA','CALLE 7 1 ESTE 58 CONJUNTO NARANJO 1 TORRE 11 APTO 401','VEHICULO',3,'SI','SI','SI','SI','SI','NO','SI','NO','SI','SI',1,2,'',0,''),(61,65,'SI',5,0,2,'SI','URBANA','CARRERA 8 7 77 SUR TORRE 5 APTO 501 CONJUNTO RUBY XOAKA','MOTO',2,'SI','SI','SI','SI','SI','NO','NO','NO','SI','SI',1,2,'RUTA',0,''),(62,15,'SI',6,0,30,'SI','URBANA','CALLE 140 # 9 70 USAQUEN CONJUNTO MURANO APTO 1302','VEHICULO',4,'SI','SI','SI','SI','SI','NO','SI','NO','SI','SI',1,2,'',0,''),(63,66,'SI',2,0,1,'SI','RURAL','VEREDA LA PUERTA','BICICLETA',2,'SI','SI','SI','NO','NO','NO','SI','SI','NO','SI',2,1,'',0,''),(64,67,'SI',3,0,1,'SI','URBANA','BARRIO DIVINO NIO','BICICLETA',2,'SI','SI','SI','SI','SI','NO','SI','SI','NO','NO',2,1,'',0,''),(65,68,'NO',2,0,1,'SI','URBANA','CALLE 11 # 5 33 BARRIO EL FUTURO','BICICLETA',2,'SI','SI','SI','SI','SI','NO','NO','NO','NO','SI',2,1,'MOTO',0,''),(66,70,'SI',2,0,1,'SI','URBANA','CALLE 9 # 5 20 BARRIO SAN RAFAEL','MOTO',2,'SI','SI','SI','SI','SI','NO','SI','SI','SI','SI',2,3,'BICICLETA',0,''),(67,72,'SI',2,0,2,'SI','URBANA','CALLE 8 SUR # 8 52 TORRE 21 APTO 104 CONJUNTO ZAFIRO','MOTO',2,'SI','SI','SI','SI','SI','NO','SI','SI','SI','SI',1,1,'BICICLETA',0,''),(68,73,'SI',4,0,3,'SI','URBANA','CALLE 11 # 5 21 BARRIO DIVINO NIO ','BICICLETA',2,'SI','SI','SI','SI','SI','NO','SI','NO','SI','SI',2,3,'',0,''),(69,74,'NO',2,0,2,'SI','URBANA','CALLE 8 # 8 52 TORRE 15 APTO 403 CONJUNTO ZAFIRO','MOTO',2,'SI','SI','SI','SI','SI','NO','SI','NO','SI','NO',1,1,'',0,''),(70,75,'SI',2,0,1,'SI','URBANA','BARRIO SAN RAFAEL # 5 46 APTO 202 ','BICICLETA',1,'SI','SI','SI','SI','SI','NO','SI','SI','NO','NO',1,1,'',0,''),(72,76,'SI',3,0,25,'NO','URBANA','CRA 97 C 64 B 09 BARRIO ALAMOS','VEHICULO',4,'SI','SI','SI','SI','SI','NO','NO','NO','SI','SI',2,2,'',0,''),(73,77,'NO',3,0,3,'SI','URBANA','PENDIENTE','BICICLETA',2,'SI','SI','SI','SI','SI','NO','NO','NO','SI','SI',1,1,'',0,''),(74,78,'SI',3,0,2,'SI','RURAL','VEREDA EL PERICO EL SAUCO','MOTO',1,'SI','NO','SI','SI','NO','NO','SI','NO','SI','SI',3,3,'',0,''),(75,79,'SI',2,0,1,'SI','URBANA','CARRERA 3 A # 11 21 BARRIO CENTRO','RUTA',1,'SI','SI','SI','NO','SI','NO','SI','SI','NO','NO',1,1,'TRANSPORTE PUBLICO',0,''),(76,80,'SI',4,0,2,'SI','URBANA','CARRERA 8 SUR # 8 52 TORRE 1 APTO 604 CONJUNTO ZAFIRO','MOTO',2,'SI','SI','SI','SI','SI','NO','SI','NO','SI','SI',1,3,'',0,''),(77,81,'SI',4,0,2,'SI','RURAL','DIVINO NIO','BICICLETA',2,'SI','SI','SI','SI','SI','NO','NO','NO','SI','SI',1,1,'MOTO',0,''),(78,82,'NO',4,0,3,'SI','RURAL','VEREDA CHECUA NEMOCON','MOTO',2,'SI','SI','SI','NO','NO','NO','NO','NO','SI','SI',3,1,'',0,''),(79,83,'SI',3,0,1,'SI','URBANA','CALLE 6 # 10 85 MNZ G CASA 93 BARRIO SAN JOSE','MOTO',1,'SI','SI','SI','SI','SI','NO','NO','NO','SI','SI',2,2,'',0,''),(80,84,'NO',1,0,1,'SI','URBANA','CALLE 10 # 86 90 TORRE 18 APTO 104 CONJUNTO ALSACIA OCCIDENTAL','MOTO',3,'SI','SI','SI','SI','SI','SI','SI','SI','SI','SI',1,3,'',0,''),(81,85,'NO',1,0,1,'SI','URBANA','CARRERA 6 A # 5 B 15 APTO 2 BARRIO LUIS CARLOS GALAN','RUTA',2,'SI','SI','SI','SI','SI','NO','NO','NO','SI','SI',1,1,'',0,''),(82,86,'NO',2,0,20,'SI','URBANA','TRANS 5 C # 127 70 TORRE 1 APTO 703 CONJUNTO CERROS DEL COUNTRY','VEHICULO',5,'SI','SI','SI','SI','SI','NO','SI','SI','SI','SI',1,2,'',0,''),(83,87,'SI',3,0,1,'SI','URBANA','CARRREA 8 # 7 - 77 TORRE 5 APTO 504 CONJUNTO RUBY KOAKA','BICICLETA',1,'SI','SI','SI','SI','SI','NO','SI','SI','NO','NO',1,1,'',0,''),(84,92,'NO',5,0,4,'SI','URBANA','CALLE 11 B # 5 22 BARRIO EL FUTURO','MOTO',2,'SI','SI','SI','SI','SI','NO','NO','NO','SI','SI',1,1,'',0,''),(85,88,'SI',5,0,2,'SI','RURAL','SECTOR LOS RODRIGUEZ','BICICLETA',1,'SI','SI','SI','SI','NO','NO','SI','NO','NO','NO',2,2,'',0,''),(86,93,'SI',2,0,1,'SI','URBANA','BARRIO DIVINO NIO ','BICICLETA',2,'SI','SI','SI','SI','SI','NO','SI','NO','NO','NO',1,1,'TRANSPORTE PUBLICO',0,''),(87,94,'SI',5,0,1,'NO','URBANA','DIVINO NIO','BICICLETA',3,'SI','SI','SI','SI','SI','NO','SI','SI','SI','SI',1,1,'',0,''),(88,89,'SI',5,0,2,'SI','URBANA','CALLE 11 B # 5 - 33 BARRIO URBANIZACIN EL FUTURO','BICICLETA',2,'SI','SI','SI','SI','SI','NO','SI','NO','NO','SI',2,2,'',0,''),(89,95,'NO',3,0,2,'SI','URBANA','CRA 32 # 10 42 CASA B MZNA L VILLA MARIA','RUTA',3,'SI','SI','SI','SI','SI','NO','NO','NO','SI','SI',2,1,'',0,''),(90,98,'NO',4,0,2,'SI','RURAL','CARRERA 4 # 8 BARRIO NEMOCN','BICICLETA',1,'SI','SI','SI','SI','SI','SI','NO','NO','NO','SI',1,1,'',0,''),(91,99,'SI',1,0,1,'SI','URBANA','CARRERA 6 # 5 APTO 75','RUTA',2,'SI','SI','SI','SI','SI','NO','SI','SI','NO','NO',1,1,'',0,''),(92,100,'NO',1,0,1,'SI','URBANA','CARRERA 6 # 5  APTO 75 ','RUTA',2,'SI','SI','SI','SI','SI','NO','NO','NO','NO','NO',1,1,'',0,''),(93,101,'NO',1,1,1,'SI','RURAL','VEREDA CHECUA NEMOCON','MOTO',2,'SI','NO','SI','SI','NO','NO','SI','NO','NO','NO',2,2,'BICICLETA',0,''),(94,102,'SI',3,0,20,'NO','URBANA','AV CERROS DE CAMACHO 481 APTO 401 GOLF LOS INCAS SURCO LIMA PERU','VEHICULO',1,'SI','SI','SI','SI','SI','SI','SI','SI','SI','SI',1,2,'',0,''),(95,69,'NO',1,0,1,'SI','URBANA','DIAGONAL 4 B # 31 17 TORRE 14 APTO 855 CONJUNTO AREZZO','RUTA',3,'SI','SI','SI','SI','SI','NO','NO','NO','SI','SI',1,1,'',0,''),(96,103,'NO',2,0,2,'SI','URBANA','CARRERA 5 B # 2 A 78 BARRIO VILLA LUZ','MOTO',2,'SI','SI','SI','SI','SI','NO','NO','NO','SI','SI',2,2,'',0,''),(97,104,'SI',4,0,2,'SI','RURAL','DIVINO NIO','BICICLETA',1,'SI','SI','SI','SI','SI','NO','SI','SI','NO','NO',2,1,'',0,''),(98,105,'NO',3,0,8,'SI','URBANA','CALLE 7 A # 74 - 04 CONJUNTO PARQUE DE LOS ANGELES TORRE 8 APTO 501','RUTA',3,'SI','SI','SI','SI','SI','SI','SI','NO','SI','SI',1,1,'VEHICULO PARTICULAR',0,''),(99,71,'SI',2,0,32,'NO','URBANA','TRANS 2 A # 68 50 CUNJUNTO TERRAZAS DE EMAUS APTO 902','VEHICULO PARTICULAR',5,'SI','SI','SI','SI','SI','NO','SI','NO','SI','SI',1,1,'OTRO',0,''),(100,107,'SI',2,0,2,'SI','URBANA','CALLE 6 # 5 -32 BARRIO OSPINA COGUA  1ER PISO','MOTO',2,'SI','SI','SI','SI','SI','SI','NO','NO','SI','SI',1,2,'VEHICULO PARTICULAR',0,''),(101,108,'SI',4,0,2,'SI','URBANA','CRA 6 # 1 A 69 BARRIO EL TAGE 3ER PISO','BICICLETA',3,'SI','SI','SI','SI','SI','NO','SI','SI','SI','SI',1,3,' ',0,''),(102,109,'NO',6,0,6,'SI','URBANA','Carrera 6 5 B 27','BICICLETA',2,'SI','SI','SI','SI','SI','NO','SI','NO','SI','SI',2,3,' ',0,''),(103,110,'SI',4,0,2,'SI','RURAL','PATIO BONITO NEMOCN','MOTO',1,'SI','SI','SI','SI','SI','NO','NO','NO','NO','NO',2,1,' ',0,''),(104,111,'SI',3,0,3,'SI','RURAL','VEREDA SUSATA FINCA EL PARAISO','MOTO',2,'SI','NO','SI','NO','SI','NO','SI','NO','SI','SI',3,3,'BICICLETA',0,''),(105,112,'SI',1,0,1,'SI','URBANA','CARRERA 4 # 7A 56','MOTO',1,'SI','SI','SI','SI','SI','NO','SI','NO','SI','SI',1,1,'BICICLETA',0,''),(106,113,'SI',3,0,2,'SI','URBANA','TRASVERSAL 6 # 11 69 BARRIO POTOSI','RUTA',2,'SI','SI','SI','SI','SI','NO','SI','NO','SI','SI',2,3,'TRANSPORTE PUBLICO',0,''),(107,114,'SI',4,0,2,'SI','RURAL','VEREDA CHECUA NEMOCON','BICICLETA',2,'SI','SI','SI','SI','NO','NO','SI','NO','SI','SI',2,2,' ',0,''),(108,115,'NO',4,0,3,'SI','RURAL','vereda la puerta','MOTO',2,'SI','NO','SI','NO','SI','NO','NO','NO','SI','SI',2,2,'VEHICULO PARTICULAR',0,''),(109,116,'SI',4,0,3,'SI','URBANA','calle 11 d # 5 33 BARRIO EL FUTURO','BICICLETA',2,'SI','SI','SI','SI','SI','NO','SI','NO','SI','SI',2,2,'VEHICULO PARTICULAR',0,''),(110,117,'SI',4,0,2,'SI','RURAL','VEREDA PATIO BONITO','MOTO',2,'SI','SI','SI','SI','SI','NO','NO','NO','SI','NO',2,2,' ',0,''),(111,118,'SI',1,0,1,'SI','URBANA','DIVINO NIO','BICICLETA',2,'SI','SI','SI','SI','SI','NO','SI','SI','NO','NO',2,1,' ',0,''),(112,6,'SI',3,1,1,'SI','SUBURBANA','LOTE EL LUCERO BARRIO DIVINO NIO','BICICLETA',1,'SI','SI','SI','SI','SI','NO','SI','SI','NO','NO',1,1,'VEHICULO PARTICULAR',0,''),(113,120,'SI',3,0,2,'SI','URBANA','CASA 159 BARRIO SAN JOSE DE LA VEGA','BICICLETA',2,'SI','SI','SI','SI','SI','NO','SI','SI','SI','SI',2,1,'VEHICULO PARTICULAR',0,''),(114,121,'SI',4,0,16,'SI','URBANA','CALLE 35 # 1 B 00 CASA6 CONJUNTO SAN ISIDRO BARRIO BOJACA','RUTA',3,'SI','SI','SI','SI','SI','NO','SI','SI','SI','SI',2,1,'TRANSPORTE PUBLICO',0,''),(115,122,'NO',1,0,1,'SI','URBANA','CONJUNTO ARBOLEDA SAN RAFAEL TORRE 19 APTO 374','RUTA',1,'SI','SI','SI','SI','SI','SI','NO','NO','SI','SI',1,1,'TRANSPORTE PUBLICO',0,''),(116,123,'NO',5,0,7,'SI','URBANA','CARRERA 1 # 6 a 10 APTO INTERNO 4 PISO 2 BARRIO LA PLAZUELA','BICICLETA',2,'SI','SI','SI','SI','SI','NO','SI','SI','SI','SI',1,1,'MOTO',0,''),(117,124,'SI',2,0,1,'SI','URBANA','CALLE 8 # 5 43 CONJUNTO ZAFIRO TORRE 2 APTO 101','BICICLETA',2,'SI','SI','SI','SI','SI','NO','NO','NO','SI','SI',1,2,' ',0,''),(118,125,'NO',1,0,2,'SI','URBANA','CALLE 12 C # 71 B 40 TORRE 9 APTO 533 BARRIO VILLA ALSACIA','RUTA',3,'SI','SI','SI','SI','SI','NO','SI','SI','SI','SI',1,3,'TRANSPORTE PUBLICO',0,''),(119,127,'NO',3,0,2,'SI','URBANA','calle 9 # 3 36','RUTA',2,'SI','SI','SI','SI','SI','NO','NO','NO','SI','SI',2,1,' ',0,'El progreso'),(120,126,'NO',1,0,2,'SI','URBANA','CARRERA 35 # 8 B 40','RUTA',2,'SI','SI','SI','SI','SI','NO','NO','NO','SI','SI',2,1,'MOTO',0,'lA PAZ'),(121,128,'SI',3,0,3,'SI','URBANA','CLL 8 SUR # 8-52','RUTA',2,'SI','SI','SI','SI','SI','NO','SI','NO','NO','SI',1,1,'BICICLETA',1,'CONJUNTO ZAFIRO - NEMOCN'),(123,129,'SI',6,0,1,'SI','URBANA','AV CLL 57 R SUR # 73 i - 35 T1 AP1005','RUTA',2,'SI','SI','SI','SI','SI','SI','SI','NO','SI','SI',1,2,'TRANSPORTE PUBLICO',3,'LA ESTANCIA - BOGOT'),(124,132,'NO',3,0,8,'SI','URBANA','CALLE 17 # 14 A - 76','RUTA',3,'SI','SI','SI','SI','SI','SI','SI','SI','SI','SI',2,3,'VEHICULO PARTICULAR',0,'RO FRO');
/*!40000 ALTER TABLE `tbl_sociodemographic_data` ENABLE KEYS */;
UNLOCK TABLES;

--
-- Table structure for table `tbl_ss_employee`
--

DROP TABLE IF EXISTS `tbl_ss_employee`;
/*!40101 SET @saved_cs_client     = @@character_set_client */;
 SET character_set_client = utf8mb4 ;
CREATE TABLE `tbl_ss_employee` (
  `ccn_ss_employee` int NOT NULL AUTO_INCREMENT,
  `ccn_employee` int DEFAULT NULL,
  `ccn_type_affiliation` int DEFAULT NULL,
  `ccn_type_contributor` int DEFAULT NULL,
  `ccn_eps` int DEFAULT NULL,
  `ccn_afp` int DEFAULT NULL,
  `ccn_arl` int DEFAULT NULL,
  `ccn_ccf` int DEFAULT NULL,
  `ccn_aap` int DEFAULT NULL,
  PRIMARY KEY (`ccn_ss_employee`),
  UNIQUE KEY `ccn_employee_2` (`ccn_employee`),
  KEY `ccn_aap` (`ccn_aap`),
  KEY `ccn_afp` (`ccn_afp`),
  KEY `ccn_arl` (`ccn_arl`),
  KEY `ccn_ccf` (`ccn_ccf`),
  KEY `ccn_employee` (`ccn_employee`),
  KEY `ccn_eps` (`ccn_eps`),
  KEY `ccn_type_affiliation` (`ccn_type_affiliation`),
  KEY `ccn_type_contributor` (`ccn_type_contributor`),
  CONSTRAINT `tbl_ss_employee_ibfk_1` FOREIGN KEY (`ccn_aap`) REFERENCES `tbl_aap` (`ccn_aap`),
  CONSTRAINT `tbl_ss_employee_ibfk_2` FOREIGN KEY (`ccn_afp`) REFERENCES `tbl_afp` (`ccn_afp`),
  CONSTRAINT `tbl_ss_employee_ibfk_3` FOREIGN KEY (`ccn_arl`) REFERENCES `tbl_arl` (`ccn_arl`),
  CONSTRAINT `tbl_ss_employee_ibfk_4` FOREIGN KEY (`ccn_ccf`) REFERENCES `tbl_ccf` (`ccn_ccf`),
  CONSTRAINT `tbl_ss_employee_ibfk_5` FOREIGN KEY (`ccn_employee`) REFERENCES `tbl_employee` (`ccn_employee`),
  CONSTRAINT `tbl_ss_employee_ibfk_6` FOREIGN KEY (`ccn_eps`) REFERENCES `tbl_eps` (`ccn_eps`),
  CONSTRAINT `tbl_ss_employee_ibfk_7` FOREIGN KEY (`ccn_type_affiliation`) REFERENCES `tbl_type_affiliation` (`ccn_type_affiliation`),
  CONSTRAINT `tbl_ss_employee_ibfk_8` FOREIGN KEY (`ccn_type_contributor`) REFERENCES `tbl_type_contributor` (`ccn_type_contributor`)
) ENGINE=InnoDB AUTO_INCREMENT=130 DEFAULT CHARSET=utf8mb4 COLLATE=utf8mb4_0900_ai_ci;
/*!40101 SET character_set_client = @saved_cs_client */;

--
-- Dumping data for table `tbl_ss_employee`
--

LOCK TABLES `tbl_ss_employee` WRITE;
/*!40000 ALTER TABLE `tbl_ss_employee` DISABLE KEYS */;
INSERT INTO `tbl_ss_employee` VALUES (1,2,1,1,11,2,7,17,9),(2,10,1,1,6,11,7,17,9),(3,11,1,1,7,1,7,17,9),(4,1,1,1,7,4,7,17,9),(5,9,1,1,8,2,7,17,9),(6,13,1,1,11,1,7,17,9),(7,14,1,1,7,11,7,17,9),(8,3,1,1,16,6,7,17,9),(9,16,1,1,6,1,7,17,9),(10,17,1,1,11,2,7,17,9),(11,18,1,1,15,6,7,17,9),(13,19,1,1,7,2,7,17,9),(14,20,1,1,6,2,7,17,9),(15,21,1,1,3,1,7,17,9),(16,22,1,1,6,1,7,17,9),(17,23,1,1,4,6,7,17,9),(18,24,1,1,6,1,7,17,9),(19,25,1,1,15,10,7,17,9),(20,26,1,1,6,4,7,17,9),(21,27,1,1,7,2,7,17,9),(22,28,1,1,15,10,7,17,9),(23,29,1,1,6,1,7,17,9),(24,30,1,1,6,10,7,17,9),(25,32,1,1,4,2,7,17,9),(26,33,1,1,11,1,7,17,9),(27,34,1,1,6,1,7,17,9),(28,8,1,1,11,2,7,17,9),(29,36,1,1,7,1,7,17,9),(30,35,1,1,15,1,7,17,9),(31,37,1,1,7,2,7,17,9),(32,38,1,1,6,2,7,17,9),(33,39,1,1,8,2,7,17,9),(34,40,1,1,8,1,7,17,9),(35,41,1,1,6,2,7,17,9),(36,42,1,1,7,10,7,17,9),(37,43,1,1,7,1,7,17,9),(38,44,1,1,6,1,7,17,9),(39,45,1,1,7,6,7,17,9),(40,46,1,1,11,1,7,17,9),(41,4,1,1,6,1,7,17,9),(42,5,1,1,11,1,7,17,9),(43,47,1,1,11,6,7,17,9),(44,48,1,1,11,1,7,17,9),(45,49,1,1,6,2,7,17,9),(46,50,1,1,15,2,7,17,9),(47,51,1,1,7,10,7,17,9),(49,52,1,1,6,2,7,17,9),(50,53,1,1,3,2,7,17,9),(51,54,1,1,15,2,7,17,9),(52,55,1,1,11,2,7,17,9),(53,56,1,1,6,1,7,17,9),(54,57,1,1,7,2,7,17,9),(55,58,1,1,4,2,7,17,9),(56,59,1,1,11,6,7,17,9),(57,60,1,1,7,1,7,17,9),(58,61,1,1,8,10,7,17,9),(59,62,1,1,11,2,7,17,9),(60,63,1,1,6,2,7,17,9),(61,64,1,1,6,1,7,17,9),(62,65,1,1,11,2,7,17,9),(63,15,1,1,8,4,7,17,9),(64,66,1,1,6,2,7,17,9),(65,67,1,1,15,1,7,17,9),(66,68,1,1,11,2,7,17,9),(67,69,1,1,15,10,7,17,9),(68,70,1,1,11,2,7,17,9),(69,71,1,1,8,4,7,17,9),(70,72,1,1,6,2,7,17,9),(71,73,1,1,11,1,7,17,9),(72,74,1,1,11,1,7,17,9),(73,75,1,1,11,1,7,17,9),(74,76,1,1,11,2,7,17,9),(75,77,1,1,11,10,7,17,9),(76,78,1,1,15,10,7,17,9),(77,79,1,1,15,2,7,17,9),(78,80,1,1,7,2,7,17,9),(79,81,1,1,8,6,7,17,9),(80,82,1,1,11,1,7,17,9),(81,83,1,1,7,10,7,17,9),(82,84,1,1,7,12,7,17,9),(83,85,1,1,31,1,7,17,9),(84,86,1,1,6,4,7,13,9),(85,87,1,1,4,1,7,17,9),(86,92,1,1,11,1,7,17,9),(87,88,1,1,11,2,7,17,9),(88,93,1,1,11,2,6,17,9),(89,94,1,1,11,2,7,17,9),(90,89,1,1,15,2,7,17,9),(91,95,1,1,15,12,7,17,9),(92,98,1,1,15,2,7,17,9),(93,99,1,1,57,2,7,17,9),(94,100,1,1,57,12,7,17,9),(95,101,1,1,11,6,7,17,9),(96,103,1,1,11,2,7,17,9),(97,104,1,1,7,1,7,17,9),(98,105,1,1,7,1,7,17,9),(99,31,1,1,7,1,7,17,6),(101,106,1,1,15,2,7,17,9),(102,107,1,1,11,10,7,17,9),(103,108,1,1,11,2,7,17,9),(106,109,1,1,37,2,7,17,9),(107,110,1,1,57,2,7,17,9),(108,111,1,1,11,2,7,17,9),(109,112,1,1,15,2,7,17,9),(110,113,1,1,11,1,7,17,9),(111,114,1,1,11,2,7,17,9),(112,115,1,1,8,2,7,17,9),(113,116,1,1,8,1,7,17,9),(114,117,1,1,11,2,7,17,9),(115,118,1,1,11,11,7,17,9),(116,6,1,1,11,1,7,17,9),(117,120,1,1,11,2,7,17,9),(118,121,1,1,6,2,7,17,9),(119,122,1,1,6,2,7,17,9),(120,123,1,1,7,1,7,17,9),(121,124,1,1,11,6,7,17,9),(122,125,1,1,6,2,7,17,9),(123,127,1,1,11,12,7,17,9),(124,126,1,1,6,1,7,17,9),(125,128,1,1,8,1,7,17,9),(126,129,1,1,7,2,7,17,9),(127,130,1,1,11,2,7,17,9),(128,132,1,1,8,2,7,17,9),(129,134,1,5,15,12,7,17,8);
/*!40000 ALTER TABLE `tbl_ss_employee` ENABLE KEYS */;
UNLOCK TABLES;

--
-- Table structure for table `tbl_states_performance_evaluation`
--

DROP TABLE IF EXISTS `tbl_states_performance_evaluation`;
/*!40101 SET @saved_cs_client     = @@character_set_client */;
 SET character_set_client = utf8mb4 ;
CREATE TABLE `tbl_states_performance_evaluation` (
  `ccn_states_performance_evaluation` int NOT NULL AUTO_INCREMENT,
  `states_performance_evaluation` varchar(50) NOT NULL,
  PRIMARY KEY (`ccn_states_performance_evaluation`)
) ENGINE=InnoDB AUTO_INCREMENT=9 DEFAULT CHARSET=utf8mb4 COLLATE=utf8mb4_0900_ai_ci;
/*!40101 SET character_set_client = @saved_cs_client */;

--
-- Dumping data for table `tbl_states_performance_evaluation`
--

LOCK TABLES `tbl_states_performance_evaluation` WRITE;
/*!40000 ALTER TABLE `tbl_states_performance_evaluation` DISABLE KEYS */;
INSERT INTO `tbl_states_performance_evaluation` VALUES (1,'PENDIENTE JEFE INMMEDIATO'),(2,'PENDIENTE RESPUESTA EMPLEADO'),(3,'PENDIENTE PLAN DE ACCION'),(4,'PENDIENTE APROBACION MANAGER'),(5,'FINALIZADA'),(6,'RECHAZADA');
/*!40000 ALTER TABLE `tbl_states_performance_evaluation` ENABLE KEYS */;
UNLOCK TABLES;

--
-- Table structure for table `tbl_subhouse_type`
--

DROP TABLE IF EXISTS `tbl_subhouse_type`;
/*!40101 SET @saved_cs_client     = @@character_set_client */;
 SET character_set_client = utf8mb4 ;
CREATE TABLE `tbl_subhouse_type` (
  `ccn_sub_house_type` int NOT NULL AUTO_INCREMENT,
  `sub_house_type` varchar(150) DEFAULT NULL,
  PRIMARY KEY (`ccn_sub_house_type`)
) ENGINE=InnoDB AUTO_INCREMENT=4 DEFAULT CHARSET=utf8mb4 COLLATE=utf8mb4_0900_ai_ci;
/*!40101 SET character_set_client = @saved_cs_client */;

--
-- Dumping data for table `tbl_subhouse_type`
--

LOCK TABLES `tbl_subhouse_type` WRITE;
/*!40000 ALTER TABLE `tbl_subhouse_type` DISABLE KEYS */;
INSERT INTO `tbl_subhouse_type` VALUES (1,'APARTAMENTO'),(2,'CASA'),(3,'FINCA');
/*!40000 ALTER TABLE `tbl_subhouse_type` ENABLE KEYS */;
UNLOCK TABLES;

--
-- Table structure for table `tbl_trial_time_evaluation`
--

DROP TABLE IF EXISTS `tbl_trial_time_evaluation`;
/*!40101 SET @saved_cs_client     = @@character_set_client */;
 SET character_set_client = utf8mb4 ;
CREATE TABLE `tbl_trial_time_evaluation` (
  `ccn_trial_time_evaluation` int NOT NULL AUTO_INCREMENT,
  `ccn_employee` int DEFAULT NULL,
  `creator` varchar(50) DEFAULT NULL,
  `ccn_evaluator` int DEFAULT NULL,
  `ccn_order_state` int DEFAULT NULL,
  `date_employee_response` datetime DEFAULT NULL,
  `date_evaluator` datetime DEFAULT NULL,
  `created_date` datetime NOT NULL,
  `hhrr_manager_date` datetime DEFAULT NULL,
  `manager_hhrr` varchar(50) DEFAULT NULL,
  PRIMARY KEY (`ccn_trial_time_evaluation`),
  KEY `ccn_employee` (`ccn_employee`),
  KEY `ccn_evaluator` (`ccn_evaluator`),
  KEY `ccn_order_state` (`ccn_order_state`),
  CONSTRAINT `tbl_trial_time_evaluation_ibfk_1` FOREIGN KEY (`ccn_employee`) REFERENCES `tbl_employee` (`ccn_employee`),
  CONSTRAINT `tbl_trial_time_evaluation_ibfk_2` FOREIGN KEY (`ccn_evaluator`) REFERENCES `tbl_employee` (`ccn_employee`),
  CONSTRAINT `tbl_trial_time_evaluation_ibfk_3` FOREIGN KEY (`ccn_order_state`) REFERENCES `tbl_states_performance_evaluation` (`ccn_states_performance_evaluation`)
) ENGINE=InnoDB AUTO_INCREMENT=47 DEFAULT CHARSET=utf8mb4 COLLATE=utf8mb4_0900_ai_ci;
/*!40101 SET character_set_client = @saved_cs_client */;

--
-- Dumping data for table `tbl_trial_time_evaluation`
--

LOCK TABLES `tbl_trial_time_evaluation` WRITE;
/*!40000 ALTER TABLE `tbl_trial_time_evaluation` DISABLE KEYS */;
INSERT INTO `tbl_trial_time_evaluation` VALUES (15,122,'RECURSOS HUMANOS',122,5,'2024-02-20 09:06:36','2024-02-20 08:43:32','2024-01-15 13:42:00','2024-02-20 10:35:01','122'),(16,95,'RECURSOS HUMANOS',122,2,NULL,'2024-04-26 09:20:05','2024-02-28 09:06:36',NULL,'3');
/*!40000 ALTER TABLE `tbl_trial_time_evaluation` ENABLE KEYS */;
UNLOCK TABLES;

--
-- Table structure for table `tbl_trial_time_evaluation_detail`
--

DROP TABLE IF EXISTS `tbl_trial_time_evaluation_detail`;
/*!40101 SET @saved_cs_client     = @@character_set_client */;
 SET character_set_client = utf8mb4 ;
CREATE TABLE `tbl_trial_time_evaluation_detail` (
  `ccn_trial_time_evaluation_detail` int NOT NULL AUTO_INCREMENT,
  `ccn_trial_time_evaluation` int DEFAULT NULL,
  `initiative_coperation` int DEFAULT NULL,
  `teamwork` int DEFAULT NULL,
  `responsability` int DEFAULT NULL,
  `accountability_discipline` int DEFAULT NULL,
  `work_quality` int DEFAULT NULL,
  `productivity` int DEFAULT NULL,
  `agility_discipline` int DEFAULT NULL,
  `hseq` int DEFAULT NULL,
  `total_score` int DEFAULT NULL,
  `initial_induction` tinyint(1) DEFAULT NULL,
  `coorporative_principles` tinyint(1) DEFAULT NULL,
  `strength` varchar(500) DEFAULT NULL,
  `improve_areas` varchar(500) DEFAULT NULL,
  `employee_approval` tinyint(1) DEFAULT NULL,
  `employee_choice_reason` varchar(500) DEFAULT NULL,
  `hhrr_approval` tinyint(1) DEFAULT NULL,
  `hhrr_choice_reason` varchar(500) DEFAULT NULL,
  `reason_of_cancellation` varchar(500) DEFAULT NULL,
  PRIMARY KEY (`ccn_trial_time_evaluation_detail`),
  KEY `ccn_trial_time_evaluation` (`ccn_trial_time_evaluation`),
  CONSTRAINT `tbl_trial_time_evaluation_detail_ibfk_1` FOREIGN KEY (`ccn_trial_time_evaluation`) REFERENCES `tbl_trial_time_evaluation` (`ccn_trial_time_evaluation`)
) ENGINE=InnoDB AUTO_INCREMENT=46 DEFAULT CHARSET=utf8mb4 COLLATE=utf8mb4_0900_ai_ci;
/*!40101 SET character_set_client = @saved_cs_client */;

--
-- Dumping data for table `tbl_trial_time_evaluation_detail`
--

LOCK TABLES `tbl_trial_time_evaluation_detail` WRITE;
/*!40000 ALTER TABLE `tbl_trial_time_evaluation_detail` DISABLE KEYS */;
INSERT INTO `tbl_trial_time_evaluation_detail` VALUES (15,15,4,4,0,4,4,4,4,4,28,1,1,'DSDSADAWS','DASDADWEDEW',1,'SDSDSFDSD',0,'SDFSDFDD',NULL),(16,16,0,1,2,2,2,3,3,4,17,1,1,'SIN COMENTARIOS','SIN COMENTARIOS',NULL,NULL,NULL,NULL,NULL);
/*!40000 ALTER TABLE `tbl_trial_time_evaluation_detail` ENABLE KEYS */;
UNLOCK TABLES;

--
-- Table structure for table `tbl_type_affiliation`
--

DROP TABLE IF EXISTS `tbl_type_affiliation`;
/*!40101 SET @saved_cs_client     = @@character_set_client */;
 SET character_set_client = utf8mb4 ;
CREATE TABLE `tbl_type_affiliation` (
  `ccn_type_affiliation` int NOT NULL AUTO_INCREMENT,
  `affiliation_code` int NOT NULL,
  `description_type_affiliation` varchar(30) NOT NULL,
  PRIMARY KEY (`ccn_type_affiliation`)
) ENGINE=InnoDB AUTO_INCREMENT=3 DEFAULT CHARSET=utf8mb4 COLLATE=utf8mb4_0900_ai_ci;
/*!40101 SET character_set_client = @saved_cs_client */;

--
-- Dumping data for table `tbl_type_affiliation`
--

LOCK TABLES `tbl_type_affiliation` WRITE;
/*!40000 ALTER TABLE `tbl_type_affiliation` DISABLE KEYS */;
INSERT INTO `tbl_type_affiliation` VALUES (1,1,'DEPENDIENTE'),(2,2,'INDEPENDIENTE');
/*!40000 ALTER TABLE `tbl_type_affiliation` ENABLE KEYS */;
UNLOCK TABLES;

--
-- Table structure for table `tbl_type_contributor`
--

DROP TABLE IF EXISTS `tbl_type_contributor`;
/*!40101 SET @saved_cs_client     = @@character_set_client */;
 SET character_set_client = utf8mb4 ;
CREATE TABLE `tbl_type_contributor` (
  `ccn_type_contributor` int NOT NULL AUTO_INCREMENT,
  `contributor_code` int NOT NULL,
  `description_type_contributor` varchar(200) NOT NULL,
  PRIMARY KEY (`ccn_type_contributor`)
) ENGINE=InnoDB AUTO_INCREMENT=11 DEFAULT CHARSET=utf8mb4 COLLATE=utf8mb4_0900_ai_ci;
/*!40101 SET character_set_client = @saved_cs_client */;

--
-- Dumping data for table `tbl_type_contributor`
--

LOCK TABLES `tbl_type_contributor` WRITE;
/*!40000 ALTER TABLE `tbl_type_contributor` DISABLE KEYS */;
INSERT INTO `tbl_type_contributor` VALUES (1,100,'DEPENDIENTES'),(2,200,'SERVICIO DOMESTICO'),(3,300,'INDEPENDIENTE'),(4,400,'MADRE COMUNITARIA'),(5,1900,'APRENDICES DEL SENA EN ETAPA PRODUCTIVA'),(6,2000,'ESTUDIANTES (RGIMEN ESPECIAL LEY 789 DE 2002)'),(7,2100,'ESTUDIANTES DE POSTGRADO EN SALUD'),(8,2300,'ESTUDIANTES DECRETO 055 DE 2015'),(9,111,'CONDUCTORES DEL SERVICIO PBLICO DE TRANSPORTE TERRESTRE AUTOMOTOR INDIVIDUAL DE PASAJEROS EN VEHCULOS TAXI DECRETO 1047 DE 2014. '),(10,112,'CONDUCTORES DEL SERVICIO PBLICO DE TRANSPORTE TERRESTRE AUTOMOTOR INDIVIDUAL DE PASAJEROS EN VEHCULOS TAXI DECRETO 1047 DE 2014. NO OBLIGADO A COTIZAR PENSIN. ');
/*!40000 ALTER TABLE `tbl_type_contributor` ENABLE KEYS */;
UNLOCK TABLES;

--
-- Table structure for table `tbl_type_id`
--

DROP TABLE IF EXISTS `tbl_type_id`;
/*!40101 SET @saved_cs_client     = @@character_set_client */;
 SET character_set_client = utf8mb4 ;
CREATE TABLE `tbl_type_id` (
  `ccn_type_id` int NOT NULL AUTO_INCREMENT,
  `type_id` varchar(3) NOT NULL,
  `description_type_id` varchar(40) NOT NULL,
  PRIMARY KEY (`ccn_type_id`)
) ENGINE=InnoDB AUTO_INCREMENT=11 DEFAULT CHARSET=utf8mb4 COLLATE=utf8mb4_0900_ai_ci;
/*!40101 SET character_set_client = @saved_cs_client */;

--
-- Dumping data for table `tbl_type_id`
--

LOCK TABLES `tbl_type_id` WRITE;
/*!40000 ALTER TABLE `tbl_type_id` DISABLE KEYS */;
INSERT INTO `tbl_type_id` VALUES (1,'CC','CEDULA DE CIUDADANIA'),(5,'RC','REGISTRO CIVIL'),(6,'TI','TARJETA DE IDENTIDAD'),(7,'PS','PASAPORTE'),(8,'NT','NIT'),(9,' ',' '),(10,'CCP','CEDULA CIUDADANIA PER');
/*!40000 ALTER TABLE `tbl_type_id` ENABLE KEYS */;
UNLOCK TABLES;

--
-- Table structure for table `tbl_type_relationship`
--

DROP TABLE IF EXISTS `tbl_type_relationship`;
/*!40101 SET @saved_cs_client     = @@character_set_client */;
 SET character_set_client = utf8mb4 ;
CREATE TABLE `tbl_type_relationship` (
  `ccn_type_relationship` int NOT NULL AUTO_INCREMENT,
  `description_type_relationship` varchar(40) NOT NULL,
  PRIMARY KEY (`ccn_type_relationship`)
) ENGINE=InnoDB AUTO_INCREMENT=11 DEFAULT CHARSET=utf8mb4 COLLATE=utf8mb4_0900_ai_ci;
/*!40101 SET character_set_client = @saved_cs_client */;

--
-- Dumping data for table `tbl_type_relationship`
--

LOCK TABLES `tbl_type_relationship` WRITE;
/*!40000 ALTER TABLE `tbl_type_relationship` DISABLE KEYS */;
INSERT INTO `tbl_type_relationship` VALUES (1,'DIRECTO'),(2,'TEMPORAL'),(3,'ASOCIADO'),(4,'COOPERATIVA'),(5,'CONTRATISTA'),(6,'INDEPENDIENTE'),(8,'OTRO'),(9,'SENA'),(10,'PRACTICANTE UNIVERSITARIO');
/*!40000 ALTER TABLE `tbl_type_relationship` ENABLE KEYS */;
UNLOCK TABLES;

--
-- Table structure for table `tbl_work_shift`
--

DROP TABLE IF EXISTS `tbl_work_shift`;
/*!40101 SET @saved_cs_client     = @@character_set_client */;
 SET character_set_client = utf8mb4 ;
CREATE TABLE `tbl_work_shift` (
  `ccn_work_shift` int NOT NULL AUTO_INCREMENT,
  `description_work_shift` varchar(40) NOT NULL,
  PRIMARY KEY (`ccn_work_shift`)
) ENGINE=InnoDB AUTO_INCREMENT=3 DEFAULT CHARSET=utf8mb4 COLLATE=utf8mb4_0900_ai_ci;
/*!40101 SET character_set_client = @saved_cs_client */;

--
-- Dumping data for table `tbl_work_shift`
--

LOCK TABLES `tbl_work_shift` WRITE;
/*!40000 ALTER TABLE `tbl_work_shift` DISABLE KEYS */;
INSERT INTO `tbl_work_shift` VALUES (2,'8 HRS');
/*!40000 ALTER TABLE `tbl_work_shift` ENABLE KEYS */;
UNLOCK TABLES;
/*!40103 SET TIME_ZONE=@OLD_TIME_ZONE */;

/*!40101 SET SQL_MODE=@OLD_SQL_MODE */;
/*!40014 SET FOREIGN_KEY_CHECKS=@OLD_FOREIGN_KEY_CHECKS */;
/*!40014 SET UNIQUE_CHECKS=@OLD_UNIQUE_CHECKS */;
/*!40101 SET CHARACTER_SET_CLIENT=@OLD_CHARACTER_SET_CLIENT */;
/*!40101 SET CHARACTER_SET_RESULTS=@OLD_CHARACTER_SET_RESULTS */;
/*!40101 SET COLLATION_CONNECTION=@OLD_COLLATION_CONNECTION */;
/*!40111 SET SQL_NOTES=@OLD_SQL_NOTES */;

-- Dump completed on 2024-06-11  9:03:50
